Inserted Genomes, Total BP Epochs, Time, Best Val. MAE, Best Val. MSE, Enabled Nodes, Enabled Edges, Enabled Rec. Edges,Island_0_best_fitness,Island_0_worst_fitness,Island_1_best_fitness,Island_1_worst_fitness,Island_2_best_fitness,Island_2_worst_fitness,Island_3_best_fitness,Island_3_worst_fitness,Island_4_best_fitness,Island_4_worst_fitness,Island_5_best_fitness,Island_5_worst_fitness,Island_6_best_fitness,Island_6_worst_fitness,Island_7_best_fitness,Island_7_worst_fitness,Island_8_best_fitness,Island_8_worst_fitness,Island_9_best_fitness,Island_9_worst_fitness
8,10,174,1.49221,2.44496,8,7,0,2.444957,2.444957,10000000.000000,10000000.000000,10000000.000000,10000000.000000,10000000.000000,10000000.000000,10000000.000000,10000000.000000,10000000.000000,10000000.000000,10000000.000000,10000000.000000,10000000.000000,10000000.000000,10000000.000000,10000000.000000,10000000.000000,10000000.000000
10,20,181,0.705604,0.570473,8,7,0,2.444957,2.444957,0.570473,0.570473,10000000.000000,10000000.000000,10000000.000000,10000000.000000,10000000.000000,10000000.000000,10000000.000000,10000000.000000,10000000.000000,10000000.000000,10000000.000000,10000000.000000,10000000.000000,10000000.000000,10000000.000000,10000000.000000
12,30,185,0.669916,0.50811,8,7,0,2.444957,2.444957,0.570473,0.570473,0.508110,0.508110,10000000.000000,10000000.000000,10000000.000000,10000000.000000,10000000.000000,10000000.000000,10000000.000000,10000000.000000,10000000.000000,10000000.000000,10000000.000000,10000000.000000,10000000.000000,10000000.000000
14,40,187,0.669916,0.50811,8,7,0,2.444957,2.444957,0.570473,0.570473,0.508110,0.508110,0.699951,0.699951,10000000.000000,10000000.000000,10000000.000000,10000000.000000,10000000.000000,10000000.000000,10000000.000000,10000000.000000,10000000.000000,10000000.000000,10000000.000000,10000000.000000
16,50,188,0.669916,0.50811,8,7,0,2.444957,2.444957,0.570473,0.570473,0.508110,0.508110,0.699951,0.699951,1.041278,1.041278,10000000.000000,10000000.000000,10000000.000000,10000000.000000,10000000.000000,10000000.000000,10000000.000000,10000000.000000,10000000.000000,10000000.000000
18,60,188,0.669916,0.50811,8,7,0,2.444957,2.444957,0.570473,10000000.000000,0.508110,0.508110,0.699951,0.699951,1.041278,1.041278,0.736518,0.736518,10000000.000000,10000000.000000,10000000.000000,10000000.000000,10000000.000000,10000000.000000,10000000.000000,10000000.000000
20,70,189,0.669916,0.50811,8,7,0,2.444957,2.444957,0.570473,10000000.000000,0.508110,10000000.000000,0.699951,0.699951,1.041278,1.041278,0.736518,0.736518,3.239046,3.239046,10000000.000000,10000000.000000,10000000.000000,10000000.000000,10000000.000000,10000000.000000
22,80,339,0.62851,0.464434,8,6,0,2.444957,2.444957,0.464434,0.570473,0.508110,10000000.000000,0.699951,10000000.000000,1.041278,1.041278,0.736518,0.736518,3.239046,3.239046,10000000.000000,10000000.000000,10000000.000000,10000000.000000,10000000.000000,10000000.000000
24,90,343,0.520822,0.342963,8,7,0,2.444957,2.444957,0.464434,0.570473,0.508110,10000000.000000,0.699951,10000000.000000,1.041278,10000000.000000,0.736518,0.736518,3.239046,3.239046,0.342963,0.342963,10000000.000000,10000000.000000,10000000.000000,10000000.000000
26,100,353,0.520822,0.342963,8,7,0,2.444957,2.444957,0.464434,0.570473,0.508110,10000000.000000,0.699951,10000000.000000,1.041278,10000000.000000,0.736518,10000000.000000,3.239046,3.239046,0.342963,0.342963,10000000.000000,10000000.000000,10000000.000000,10000000.000000
28,110,357,0.506246,0.324079,8,7,0,2.444957,2.444957,0.464434,0.570473,0.508110,10000000.000000,0.699951,10000000.000000,1.041278,10000000.000000,0.736518,10000000.000000,3.239046,10000000.000000,0.342963,0.342963,10000000.000000,10000000.000000,0.324079,0.324079
30,120,366,0.506246,0.324079,8,7,0,2.444957,2.444957,0.464434,0.570473,0.508110,10000000.000000,0.699951,10000000.000000,1.041278,10000000.000000,0.736518,10000000.000000,3.239046,10000000.000000,0.342963,10000000.000000,0.949790,0.949790,0.324079,0.324079
32,130,409,0.506246,0.324079,8,7,0,2.444957,2.444957,0.464434,0.570473,0.350372,0.508110,0.699951,10000000.000000,1.041278,10000000.000000,0.736518,10000000.000000,3.239046,10000000.000000,0.342963,10000000.000000,0.949790,0.949790,0.324079,0.324079
34,140,428,0.506246,0.324079,8,7,0,2.444957,2.444957,0.464434,0.570473,0.350372,0.508110,0.497430,0.699951,1.041278,10000000.000000,0.736518,10000000.000000,3.239046,10000000.000000,0.342963,10000000.000000,0.949790,0.949790,0.324079,10000000.000000
36,150,494,0.506246,0.324079,8,7,0,2.444957,10000000.000000,0.464434,0.570473,0.350372,0.508110,0.497430,0.699951,0.884561,1.041278,0.736518,10000000.000000,3.239046,10000000.000000,0.342963,10000000.000000,0.949790,0.949790,0.324079,10000000.000000
38,160,534,0.506246,0.324079,8,7,0,2.444957,10000000.000000,0.464434,10000000.000000,0.350372,0.508110,0.497430,0.699951,0.884561,1.041278,0.736518,10000000.000000,3.239046,10000000.000000,0.342963,0.343116,0.949790,0.949790,0.324079,10000000.000000
40,170,538,0.506246,0.324079,8,7,0,2.444957,10000000.000000,0.464434,10000000.000000,0.350372,10000000.000000,0.497430,0.699951,0.884561,1.041278,0.456071,0.736518,3.239046,10000000.000000,0.342963,0.343116,0.949790,0.949790,0.324079,10000000.000000
42,180,556,0.506246,0.324079,8,7,0,2.444957,10000000.000000,0.464434,10000000.000000,0.350372,10000000.000000,0.497430,10000000.000000,0.884561,1.041278,0.456071,0.736518,3.239046,10000000.000000,0.342963,0.343116,0.533994,0.533994,0.324079,10000000.000000
44,190,581,0.506246,0.324079,8,7,0,2.444957,10000000.000000,0.464434,10000000.000000,0.350372,10000000.000000,0.497430,10000000.000000,0.884561,10000000.000000,0.456071,0.736518,2.911054,3.239046,0.342963,0.343116,0.533994,0.533994,0.324079,10000000.000000
46,200,583,0.506246,0.324079,8,7,0,2.444957,3.614538,0.464434,10000000.000000,0.350372,10000000.000000,0.497430,10000000.000000,0.884561,10000000.000000,0.456071,10000000.000000,2.911054,3.239046,0.342963,0.343116,0.533994,0.533994,0.324079,10000000.000000
48,210,636,0.505474,0.323333,9,11,0,2.444957,3.614538,0.464434,10000000.000000,0.350372,10000000.000000,0.497430,10000000.000000,0.884561,10000000.000000,0.456071,10000000.000000,2.911054,10000000.000000,0.342963,0.343116,0.533994,0.533994,0.323333,0.324079
50,220,647,0.505474,0.323333,9,11,0,2.444957,3.614538,0.362860,0.570473,0.350372,10000000.000000,0.497430,10000000.000000,0.884561,10000000.000000,0.456071,10000000.000000,2.911054,10000000.000000,0.342963,0.343116,0.533994,0.533994,0.323333,0.324079
52,230,685,0.505474,0.323333,9,11,0,2.444957,3.614538,0.362860,0.570473,0.350372,0.508110,0.497430,10000000.000000,0.884561,10000000.000000,0.456071,10000000.000000,2.911054,10000000.000000,0.342963,0.343116,0.533994,0.533994,0.323333,0.324079
54,240,692,0.505474,0.323333,9,11,0,2.444957,3.614538,0.362860,0.570473,0.350372,0.508110,0.497430,0.713563,0.884561,10000000.000000,0.456071,10000000.000000,2.911054,10000000.000000,0.342963,0.343116,0.533994,0.533994,0.323333,10000000.000000
56,250,747,0.505474,0.323333,9,11,0,2.444957,10000000.000000,0.362860,0.570473,0.350372,0.508110,0.497430,0.713563,0.602189,1.041278,0.456071,10000000.000000,2.911054,10000000.000000,0.342963,0.343116,0.533994,0.533994,0.323333,10000000.000000
58,260,775,0.505474,0.323333,9,11,0,2.444957,10000000.000000,0.362860,10000000.000000,0.350372,0.508110,0.497430,0.713563,0.602189,1.041278,0.456071,10000000.000000,2.911054,3.373262,0.342963,0.343116,0.533994,0.533994,0.323333,10000000.000000
60,270,813,0.505474,0.323333,9,11,0,2.444957,10000000.000000,0.362860,10000000.000000,0.350372,10000000.000000,0.497430,0.713563,0.602189,1.041278,0.456071,10000000.000000,2.911054,3.373262,0.342963,0.343116,0.533994,0.533994,0.323333,10000000.000000
62,280,823,0.505474,0.323333,9,11,0,2.444957,10000000.000000,0.362860,10000000.000000,0.350372,10000000.000000,0.497430,10000000.000000,0.602189,1.041278,0.454619,0.736518,2.911054,3.373262,0.342963,0.343116,0.533994,0.533994,0.323333,10000000.000000
64,290,835,0.505474,0.323333,9,11,0,2.444957,10000000.000000,0.362860,10000000.000000,0.350372,10000000.000000,0.497430,10000000.000000,0.602189,10000000.000000,0.454619,0.736518,2.911054,3.373262,0.342963,0.343116,0.454673,0.454673,0.323333,10000000.000000
66,300,852,0.505474,0.323333,9,11,0,2.444957,3.896939,0.362860,10000000.000000,0.350372,10000000.000000,0.497430,10000000.000000,0.602189,10000000.000000,0.454619,10000000.000000,2.911054,3.373262,0.342963,0.343116,0.454673,0.454673,0.323333,10000000.000000
68,310,931,0.505474,0.323333,9,11,0,2.444957,3.896939,0.356511,0.570473,0.350372,10000000.000000,0.497430,10000000.000000,0.602189,10000000.000000,0.454619,10000000.000000,2.911054,3.373262,0.342963,0.343116,0.454673,0.454673,0.323333,10000000.000000
70,320,959,0.505474,0.323333,9,11,0,2.444957,3.896939,0.356511,0.570473,0.350372,10000000.000000,0.497430,10000000.000000,0.602189,10000000.000000,0.454619,10000000.000000,2.911054,3.373262,0.342963,0.343116,0.454673,0.454673,0.323333,0.325218
72,330,1010,0.505474,0.323333,9,11,0,2.444957,3.896939,0.356511,0.570473,0.350372,10000000.000000,0.497430,10000000.000000,0.602189,10000000.000000,0.403322,0.736518,2.911054,3.373262,0.342963,0.343116,0.454673,10000000.000000,0.323333,0.325218
74,340,1042,0.505474,0.323333,9,11,0,2.444957,3.896939,0.356511,0.570473,0.350372,0.508110,0.497430,10000000.000000,0.602189,10000000.000000,0.403322,0.736518,2.911054,3.373262,0.342963,0.343116,0.454673,10000000.000000,0.323333,0.325218
76,350,1051,0.505474,0.323333,9,11,0,2.444957,10000000.000000,0.356511,0.570473,0.350372,0.508110,0.434899,0.713563,0.602189,10000000.000000,0.403322,0.736518,2.911054,3.373262,0.342963,0.343116,0.454673,10000000.000000,0.323333,0.325218
78,360,1070,0.505474,0.323333,9,11,0,2.444957,10000000.000000,0.356511,0.570473,0.350372,0.508110,0.434899,0.713563,0.602189,10000000.000000,0.403322,0.736518,2.868262,3.373262,0.342963,0.343116,0.454673,10000000.000000,0.323333,0.325218
80,370,1073,0.505474,0.323333,9,11,0,2.444957,10000000.000000,0.356511,0.570473,0.350372,10000000.000000,0.434899,0.713563,0.445039,1.041278,0.403322,0.736518,2.868262,3.373262,0.342963,0.343116,0.454673,10000000.000000,0.323333,0.325218
82,380,1101,0.505474,0.323333,9,11,0,2.444957,10000000.000000,0.356511,0.570473,0.350372,10000000.000000,0.434899,10000000.000000,0.445039,1.041278,0.403322,0.736518,2.868262,3.373262,0.342963,0.343116,0.454673,10000000.000000,0.323333,0.325218
84,390,1111,0.505474,0.323333,9,11,0,2.444957,10000000.000000,0.356511,0.570473,0.350372,10000000.000000,0.434899,10000000.000000,0.445039,10000000.000000,0.403322,0.736518,2.868262,3.373262,0.342963,0.343116,0.446613,0.454673,0.323333,0.325218
86,400,1190,0.505474,0.323333,9,11,0,0.387828,3.896939,0.356511,0.570473,0.350372,10000000.000000,0.434899,10000000.000000,0.445039,10000000.000000,0.403322,10000000.000000,2.868262,3.373262,0.342963,0.343116,0.446613,0.454673,0.323333,0.325218
88,410,1237,0.505474,0.323333,9,11,0,0.387828,3.896939,0.356511,0.473069,0.350372,10000000.000000,0.434899,10000000.000000,0.445039,10000000.000000,0.403322,10000000.000000,2.868262,10000000.000000,0.342963,0.343116,0.446613,0.454673,0.323333,0.325218
90,420,1238,0.505474,0.323333,9,11,0,0.387828,3.896939,0.356511,0.473069,0.350372,10000000.000000,0.434899,10000000.000000,0.445039,10000000.000000,0.403322,10000000.000000,2.868262,10000000.000000,0.342963,10000000.000000,0.446613,0.454673,0.323333,0.325218
92,430,1257,0.505474,0.323333,9,11,0,0.387828,3.896939,0.356511,0.473069,0.350372,0.508110,0.434899,10000000.000000,0.445039,10000000.000000,0.403322,10000000.000000,2.868262,10000000.000000,0.342963,10000000.000000,0.446613,10000000.000000,0.323333,0.325218
94,440,1262,0.505474,0.323333,9,11,0,0.387828,3.896939,0.356511,0.473069,0.350372,0.508110,0.434899,10000000.000000,0.445039,10000000.000000,0.403322,0.736518,2.868262,10000000.000000,0.342963,10000000.000000,0.446613,10000000.000000,0.323333,10000000.000000
96,450,1275,0.505474,0.323333,9,11,0,0.387828,10000000.000000,0.356511,0.473069,0.350372,0.508110,0.434899,0.713563,0.445039,10000000.000000,0.403322,0.736518,2.868262,10000000.000000,0.342963,10000000.000000,0.446613,10000000.000000,0.323333,10000000.000000
98,460,1304,0.505474,0.323333,9,11,0,0.387828,10000000.000000,0.356511,0.473069,0.350372,0.508110,0.434899,0.713563,0.445039,1.107355,0.403322,0.736518,2.868262,10000000.000000,0.342963,10000000.000000,0.446613,10000000.000000,0.323333,10000000.000000
100,470,1368,0.505474,0.323333,9,11,0,0.387828,10000000.000000,0.356511,0.473069,0.350372,10000000.000000,0.434899,0.713563,0.445039,1.107355,0.403322,0.736518,2.868262,3.373262,0.342963,10000000.000000,0.446613,10000000.000000,0.323333,10000000.000000
102,480,1376,0.505474,0.323333,9,11,0,0.387828,10000000.000000,0.356511,0.473069,0.350372,10000000.000000,0.434899,10000000.000000,0.445039,1.107355,0.403322,0.736518,2.868262,3.373262,0.342963,10000000.000000,0.446613,0.466506,0.323333,10000000.000000
104,490,1396,0.505474,0.323333,9,11,0,0.387828,10000000.000000,0.356511,0.473069,0.350372,10000000.000000,0.434899,10000000.000000,0.445039,10000000.000000,0.403322,0.736518,2.868262,3.373262,0.342963,0.396505,0.446613,0.466506,0.323333,10000000.000000
106,500,1413,0.505474,0.323333,9,11,0,0.387828,3.896939,0.356511,0.473069,0.350372,10000000.000000,0.434899,10000000.000000,0.445039,10000000.000000,0.403322,0.736518,2.868262,3.373262,0.342963,0.396505,0.446613,0.466506,0.323333,10000000.000000
108,510,1424,0.505474,0.323333,9,11,0,0.387828,3.896939,0.356511,0.473069,0.350372,10000000.000000,0.434899,10000000.000000,0.445039,10000000.000000,0.403322,0.736518,2.868262,10000000.000000,0.342963,0.396505,0.446613,0.466506,0.323333,10000000.000000
110,520,1494,0.505474,0.323333,9,11,0,0.387828,3.896939,0.356511,0.473069,0.350372,10000000.000000,0.434899,10000000.000000,0.445039,10000000.000000,0.403322,0.736518,2.868262,10000000.000000,0.342963,0.396505,0.446613,0.466506,0.323333,0.335994
112,530,1537,0.505474,0.323333,9,11,0,0.387828,3.896939,0.356511,0.473069,0.350372,0.508110,0.434899,10000000.000000,0.445039,10000000.000000,0.403322,0.736518,2.868262,10000000.000000,0.342963,0.396505,0.446613,0.466506,0.323333,0.335994
114,540,1569,0.505474,0.323333,9,11,0,0.387828,3.896939,0.356511,0.473069,0.350372,0.508110,0.434899,10000000.000000,0.445039,10000000.000000,0.400821,0.736518,2.868262,10000000.000000,0.342963,0.396505,0.446613,0.466506,0.323333,0.335994
116,550,1586,0.505474,0.323333,9,11,0,0.387828,10000000.000000,0.356511,0.473069,0.350372,0.508110,0.432440,0.713563,0.445039,10000000.000000,0.400821,0.736518,2.868262,10000000.000000,0.342963,0.396505,0.446613,0.466506,0.323333,0.335994
118,560,1592,0.505474,0.323333,9,11,0,0.387828,10000000.000000,0.356511,0.473069,0.350372,0.508110,0.432440,0.713563,0.445039,10000000.000000,0.400821,0.736518,2.701421,3.373262,0.342963,0.396505,0.446613,0.466506,0.323333,0.335994
120,570,1601,0.505474,0.323333,9,11,0,0.387828,10000000.000000,0.356511,0.473069,0.350372,10000000.000000,0.432440,0.713563,0.445039,1.107355,0.400821,0.736518,2.701421,3.373262,0.342963,0.396505,0.446613,0.466506,0.323333,0.335994
122,580,1601,0.505474,0.323333,9,11,0,0.387828,10000000.000000,0.356511,0.473069,0.350372,10000000.000000,0.432440,10000000.000000,0.445039,1.107355,0.400821,0.736518,2.701421,3.373262,0.342963,0.396505,0.446613,0.466506,0.323333,0.335994
124,590,1670,0.505474,0.323333,9,11,0,0.387828,10000000.000000,0.356511,0.473069,0.350372,10000000.000000,0.432440,10000000.000000,0.445039,10000000.000000,0.400821,0.736518,2.701421,3.373262,0.342963,0.396505,0.446613,0.466506,0.323333,0.335994
126,600,1723,0.505474,0.323333,9,11,0,0.387828,3.896939,0.356511,0.473069,0.350372,10000000.000000,0.432440,10000000.000000,0.445039,10000000.000000,0.400821,10000000.000000,2.701421,3.373262,0.342963,0.396505,0.446613,0.466506,0.323333,0.335994
128,610,1725,0.505474,0.323333,9,11,0,0.387828,3.896939,0.356511,0.473069,0.350372,2.067085,0.432440,10000000.000000,0.445039,10000000.000000,0.400821,10000000.000000,2.701421,10000000.000000,0.342963,0.396505,0.446613,0.466506,0.323333,0.335994
130,620,1737,0.505474,0.323333,9,11,0,0.387828,3.896939,0.356511,0.473069,0.350372,2.067085,0.432440,10000000.000000,0.445039,10000000.000000,0.400821,10000000.000000,2.701421,10000000.000000,0.342963,10000000.000000,0.446613,0.466506,0.323333,0.335994
132,630,1742,0.505474,0.323333,9,11,0,0.387828,3.896939,0.356511,0.473069,0.350372,2.067085,0.432440,10000000.000000,0.445039,1.107355,0.400821,10000000.000000,2.701421,10000000.000000,0.342963,10000000.000000,0.446613,0.466506,0.323333,0.335994
134,640,1761,0.505474,0.323333,9,11,0,0.387828,3.896939,0.356511,0.473069,0.350372,2.067085,0.432440,10000000.000000,0.445039,1.107355,0.400821,10000000.000000,2.701421,10000000.000000,0.342963,10000000.000000,0.446613,0.466506,0.323333,10000000.000000
136,650,1850,0.505474,0.323333,9,11,0,0.387828,10000000.000000,0.356511,0.473069,0.350372,2.067085,0.432440,10000000.000000,0.445039,1.107355,0.400821,0.736518,2.701421,10000000.000000,0.342963,10000000.000000,0.446613,0.466506,0.323333,10000000.000000
138,660,1852,0.503733,0.321641,9,16,0,0.387828,10000000.000000,0.356511,10000000.000000,0.350372,2.067085,0.321641,0.713563,0.445039,1.107355,0.400821,0.736518,2.701421,10000000.000000,0.342963,10000000.000000,0.446613,0.466506,0.323333,10000000.000000
140,670,1865,0.503733,0.321641,9,16,0,0.387828,10000000.000000,0.356511,10000000.000000,0.350372,10000000.000000,0.321641,0.713563,0.445039,1.107355,0.400821,0.736518,2.701421,10000000.000000,0.342963,0.407918,0.446613,0.466506,0.323333,10000000.000000
142,680,1889,0.503733,0.321641,9,16,0,0.387828,10000000.000000,0.356511,10000000.000000,0.350372,10000000.000000,0.321641,10000000.000000,0.445039,1.107355,0.400821,0.736518,2.701421,10000000.000000,0.342963,0.407918,0.446613,0.466506,0.323333,10000000.000000
144,690,1913,0.503733,0.321641,9,16,0,0.387828,3.896939,0.356511,10000000.000000,0.350372,10000000.000000,0.321641,10000000.000000,0.445039,10000000.000000,0.400821,0.736518,2.701421,10000000.000000,0.342963,0.407918,0.446613,0.466506,0.323333,10000000.000000
146,700,1984,0.503733,0.321641,9,16,0,0.387828,3.896939,0.345539,0.473069,0.350372,10000000.000000,0.321641,10000000.000000,0.445039,10000000.000000,0.400821,0.736518,2.701421,10000000.000000,0.342963,0.407918,0.446613,0.466506,0.323333,10000000.000000
148,710,1993,0.503733,0.321641,9,16,0,0.387828,3.896939,0.345539,0.473069,0.350372,10000000.000000,0.321641,10000000.000000,0.445039,10000000.000000,0.400821,0.736518,2.701421,10000000.000000,0.342963,0.407918,0.446613,0.466506,0.323333,10000000.000000
150,720,2012,0.503599,0.321576,9,16,0,0.387828,3.896939,0.345539,0.473069,0.350372,10000000.000000,0.321641,10000000.000000,0.445039,10000000.000000,0.400821,0.736518,2.701421,10000000.000000,0.342963,10000000.000000,0.446613,0.466506,0.321576,0.335994
152,730,2082,0.503599,0.321576,9,16,0,0.387828,3.896939,0.345539,0.473069,0.350372,10000000.000000,0.321641,10000000.000000,0.445039,1.107355,0.400821,0.736518,2.701421,10000000.000000,0.342963,10000000.000000,0.446613,10000000.000000,0.321576,0.335994
154,740,2145,0.503599,0.321576,9,16,0,0.387828,3.896939,0.345539,0.473069,0.350372,10000000.000000,0.321641,0.713563,0.445039,1.107355,0.400821,0.736518,2.701421,10000000.000000,0.342963,10000000.000000,0.446613,10000000.000000,0.321576,10000000.000000
156,750,2149,0.503599,0.321576,9,16,0,0.387828,10000000.000000,0.345539,0.473069,0.350372,10000000.000000,0.321641,0.713563,0.445039,1.107355,0.400821,0.736518,2.701421,10000000.000000,0.342963,10000000.000000,0.446613,10000000.000000,0.321576,10000000.000000
158,760,2167,0.503599,0.321576,9,16,0,0.387828,10000000.000000,0.345539,10000000.000000,0.350372,10000000.000000,0.321641,0.713563,0.445039,1.107355,0.400821,0.736518,2.701421,10000000.000000,0.342963,10000000.000000,0.445183,0.466506,0.321576,10000000.000000
160,770,2187,0.503599,0.321576,9,16,0,0.387828,10000000.000000,0.345539,10000000.000000,0.350372,10000000.000000,0.321641,0.713563,0.445039,1.107355,0.400821,0.736518,2.701421,10000000.000000,0.342963,0.407918,0.445183,0.466506,0.321576,10000000.000000
162,780,2219,0.503599,0.321576,9,16,0,0.387828,10000000.000000,0.345539,10000000.000000,0.350372,10000000.000000,0.321641,10000000.000000,0.445039,1.107355,0.400821,0.736518,2.701421,10000000.000000,0.342963,0.407918,0.445183,0.466506,0.321576,10000000.000000
164,790,2272,0.503599,0.321576,9,16,0,0.387828,10000000.000000,0.345539,10000000.000000,0.350372,10000000.000000,0.321641,10000000.000000,0.445039,10000000.000000,0.400821,0.736518,2.558960,3.373262,0.342963,0.407918,0.445183,0.466506,0.321576,10000000.000000
166,800,2314,0.503599,0.321576,9,16,0,0.387828,10000000.000000,0.345539,0.473069,0.350372,10000000.000000,0.321641,10000000.000000,0.445039,10000000.000000,0.400821,10000000.000000,2.558960,3.373262,0.342963,0.407918,0.445183,0.466506,0.321576,10000000.000000
168,810,2320,0.503599,0.321576,9,16,0,0.387828,3.896939,0.345539,0.473069,0.350372,10000000.000000,0.321641,10000000.000000,0.445039,10000000.000000,0.400821,10000000.000000,2.558960,10000000.000000,0.342963,0.407918,0.445183,0.466506,0.321576,10000000.000000
170,820,2334,0.503599,0.321576,9,16,0,0.387828,3.896939,0.345539,0.473069,0.350372,10000000.000000,0.321641,10000000.000000,0.424019,1.107355,0.400821,10000000.000000,2.558960,10000000.000000,0.342963,10000000.000000,0.445183,0.466506,0.321576,10000000.000000
172,830,2353,0.503175,0.321174,9,16,0,0.387828,3.896939,0.345539,0.473069,0.350372,10000000.000000,0.321641,10000000.000000,0.424019,1.107355,0.400821,10000000.000000,2.558960,10000000.000000,0.342963,10000000.000000,0.445183,10000000.000000,0.321174,0.335994
174,840,2390,0.503175,0.321174,9,16,0,0.387828,3.896939,0.345539,0.473069,0.350372,10000000.000000,0.321641,0.713563,0.424019,1.107355,0.400821,10000000.000000,2.558960,10000000.000000,0.342963,10000000.000000,0.445183,10000000.000000,0.321174,10000000.000000
176,850,2431,0.503175,0.321174,9,16,0,0.387828,10000000.000000,0.345539,0.473069,0.350372,2.067085,0.321641,0.713563,0.424019,1.107355,0.400821,10000000.000000,2.558960,10000000.000000,0.342963,10000000.000000,0.445183,10000000.000000,0.321174,10000000.000000
178,860,2453,0.503175,0.321174,9,16,0,0.387828,10000000.000000,0.345539,10000000.000000,0.350372,2.067085,0.321641,0.713563,0.424019,1.107355,0.368357,0.736518,2.558960,10000000.000000,0.342963,10000000.000000,0.445183,10000000.000000,0.321174,10000000.000000
180,870,2477,0.503175,0.321174,9,16,0,0.387828,10000000.000000,0.345539,10000000.000000,0.350372,10000000.000000,0.321641,0.713563,0.424019,1.107355,0.368357,0.736518,2.558960,10000000.000000,0.342963,0.407918,0.445183,10000000.000000,0.321174,10000000.000000
182,880,2489,0.503175,0.321174,9,16,0,0.387828,10000000.000000,0.345539,10000000.000000,0.350372,10000000.000000,0.321641,10000000.000000,0.424019,1.107355,0.368357,0.736518,2.558960,10000000.000000,0.342963,0.407918,0.389260,0.466506,0.321174,10000000.000000
184,890,2524,0.503175,0.321174,9,16,0,0.387828,5.037832,0.345539,10000000.000000,0.350372,10000000.000000,0.321641,10000000.000000,0.424019,1.107355,0.368357,0.736518,2.558960,10000000.000000,0.342963,0.407918,0.389260,0.466506,0.321174,10000000.000000
186,900,2545,0.503175,0.321174,9,16,0,0.387828,5.037832,0.345539,10000000.000000,0.350372,10000000.000000,0.321641,10000000.000000,0.424019,1.107355,0.368357,10000000.000000,1.030622,3.373262,0.342963,0.407918,0.389260,0.466506,0.321174,10000000.000000
188,910,2608,0.503175,0.321174,9,16,0,0.387828,5.037832,0.345539,10000000.000000,0.350372,10000000.000000,0.321641,10000000.000000,0.424019,1.107355,0.368357,10000000.000000,1.030622,10000000.000000,0.342963,0.407918,0.389260,0.466506,0.321174,0.335994
190,920,2646,0.503175,0.321174,9,16,0,0.387828,5.037832,0.345539,0.473069,0.350372,10000000.000000,0.321641,10000000.000000,0.424019,1.107355,0.368357,10000000.000000,1.030622,10000000.000000,0.342963,0.407918,0.389260,0.466506,0.321174,0.335994
192,930,2712,0.503175,0.321174,9,16,0,0.387828,5.037832,0.345539,0.473069,0.350372,2.067085,0.321641,10000000.000000,0.424019,1.107355,0.368357,10000000.000000,1.030622,10000000.000000,0.342963,0.407918,0.389260,10000000.000000,0.321174,0.335994
194,940,2720,0.503175,0.321174,9,16,0,0.387828,5.037832,0.345539,0.473069,0.350372,2.067085,0.321641,10000000.000000,0.424019,1.107355,0.368357,10000000.000000,1.030622,3.373262,0.342963,0.407918,0.389260,10000000.000000,0.321174,10000000.000000
196,950,2727,0.503175,0.321174,9,16,0,0.387828,10000000.000000,0.345539,0.473069,0.350372,2.067085,0.321641,10000000.000000,0.424019,1.107355,0.368357,10000000.000000,1.030622,3.373262,0.342963,0.407918,0.389260,10000000.000000,0.321174,10000000.000000
198,960,2731,0.503175,0.321174,9,16,0,0.387828,10000000.000000,0.345539,10000000.000000,0.350372,2.067085,0.321641,10000000.000000,0.424019,1.107355,0.368357,0.736518,1.030622,3.373262,0.342963,0.407918,0.389260,10000000.000000,0.321174,10000000.000000
199,970,2743,0.503175,0.321174,9,16,0,0.387828,10000000.000000,0.345539,10000000.000000,0.350372,2.067085,0.321641,0.713563,0.424019,1.107355,0.368357,0.736518,1.030622,3.373262,0.342963,0.407918,0.389260,10000000.000000,0.321174,10000000.000000
200,980,2766,0.503175,0.321174,9,16,0,0.387828,10000000.000000,0.345539,10000000.000000,0.350372,2.067085,0.321641,0.713563,0.424019,1.107355,0.368357,0.736518,1.030622,3.373262,0.342963,0.407918,0.389260,10000000.000000,0.321174,10000000.000000
202,990,2783,0.503175,0.321174,9,16,0,0.387828,10000000.000000,0.345539,10000000.000000,0.350372,2.067085,0.321641,0.713563,0.424019,10000000.000000,0.368357,0.736518,10000000.000000,10000000.000000,0.342963,0.407918,0.389260,4.317879,0.321174,10000000.000000
204,1000,2842,0.503175,0.321174,9,16,0,0.345920,5.037832,0.345539,10000000.000000,0.350372,2.067085,0.321641,0.713563,0.424019,10000000.000000,0.368357,10000000.000000,10000000.000000,10000000.000000,0.342963,0.407918,0.389260,4.317879,0.321174,10000000.000000
205,1010,2881,0.503175,0.321174,9,16,0,0.345920,5.037832,0.345539,10000000.000000,0.350372,2.067085,0.321641,0.713563,0.424019,1.107355,0.368357,10000000.000000,10000000.000000,10000000.000000,0.342963,0.407918,0.389260,4.317879,0.321174,10000000.000000
207,1020,2923,0.503175,0.321174,9,16,0,0.345920,5.037832,0.345539,0.485695,0.350372,2.067085,0.321641,0.713563,0.424019,1.107355,0.368357,10000000.000000,10000000.000000,10000000.000000,0.342963,10000000.000000,0.389260,4.317879,0.321174,10000000.000000
209,1030,2967,0.503175,0.321174,9,16,0,0.345920,5.037832,0.345539,0.485695,0.350372,0.826348,0.321641,0.713563,0.424019,1.107355,0.368357,10000000.000000,10000000.000000,10000000.000000,0.342963,10000000.000000,0.389260,10000000.000000,0.321174,10000000.000000
211,1040,2969,0.503175,0.321174,9,16,0,0.345920,5.037832,0.345539,0.485695,0.350372,0.826348,0.321641,0.699951,0.424019,1.107355,0.368357,10000000.000000,10000000.000000,10000000.000000,0.342963,10000000.000000,0.389260,10000000.000000,0.321174,10000000.000000
212,1050,3011,0.503175,0.321174,9,16,0,0.345920,5.037832,0.345539,0.485695,0.350372,0.826348,0.321641,0.699951,0.424019,1.107355,0.351032,0.736518,10000000.000000,10000000.000000,0.342963,10000000.000000,0.389260,10000000.000000,0.321174,10000000.000000
214,1060,3045,0.503175,0.321174,9,16,0,0.345920,5.037832,0.345539,10000000.000000,0.350372,0.826348,0.321641,0.699951,0.424019,1.107355,0.351032,0.736518,10000000.000000,10000000.000000,0.342963,10000000.000000,0.389260,10000000.000000,0.321174,0.335994
215,1070,3081,0.503175,0.321174,9,16,0,0.345920,5.037832,0.345539,10000000.000000,0.350372,0.826348,0.321641,0.699951,0.424019,1.107355,0.351032,0.736518,10000000.000000,10000000.000000,0.342963,10000000.000000,0.389260,4.317879,0.321174,0.335994
216,1080,3093,0.503175,0.321174,9,16,1,0.345920,5.037832,0.345539,10000000.000000,0.350372,0.826348,0.321641,0.699951,0.424019,1.107355,0.351032,0.736518,0.321174,0.321174,0.342963,10000000.000000,0.389260,4.317879,0.321174,0.335994
217,1090,3125,0.503175,0.321174,9,16,1,0.345920,5.037832,0.345539,10000000.000000,0.350372,0.826348,0.321641,0.699951,0.424019,1.107355,0.351032,0.736518,0.321174,0.321174,0.342963,0.407918,0.389260,4.317879,0.321174,0.335994
219,1100,3132,0.503175,0.321174,9,16,1,0.345920,3.896939,0.345539,10000000.000000,0.350372,0.826348,0.321641,0.699951,0.424019,1.107355,0.351032,10000000.000000,0.321174,0.321174,0.342963,0.407918,0.389260,4.317879,0.321174,0.335994
220,1110,3196,0.503175,0.321174,9,16,1,0.345920,3.896939,0.345539,10000000.000000,0.350372,0.535748,0.321641,0.699951,0.424019,1.107355,0.351032,10000000.000000,0.321174,0.321174,0.342963,0.407918,0.389260,4.317879,0.321174,0.335994
222,1120,3202,0.503175,0.321174,9,16,1,0.345920,3.896939,0.345539,0.485695,0.350372,0.535748,0.321641,0.699951,0.424019,1.107355,0.351032,10000000.000000,0.321174,0.321174,0.342963,0.407918,0.389260,4.317879,0.321174,0.335994
224,1130,3223,0.503175,0.321174,9,16,1,0.345920,3.896939,0.345539,0.485695,0.350372,0.535748,0.321641,0.699951,0.424019,1.107355,0.351032,10000000.000000,0.321174,0.321174,0.342963,0.407918,0.389260,10000000.000000,0.321174,0.335994
226,1140,3227,0.503175,0.321174,9,16,1,0.345920,3.896939,0.345539,0.485695,0.350372,0.535748,0.321641,0.699951,0.424019,1.094375,0.351032,10000000.000000,0.321174,0.321174,0.342963,0.407918,0.389260,10000000.000000,0.321174,10000000.000000
227,1150,3278,0.503175,0.321174,9,16,1,0.345920,3.896939,0.345539,0.485695,0.350372,0.535748,0.321641,0.699951,0.424019,1.094375,0.351032,2.860449,0.321174,0.321174,0.342963,0.407918,0.389260,10000000.000000,0.321174,10000000.000000
229,1160,3348,0.503175,0.321174,9,16,1,0.345920,3.896939,0.345539,10000000.000000,0.350372,0.535748,0.321381,0.632389,0.424019,1.094375,0.351032,2.860449,0.321174,0.321174,0.342963,0.407918,0.389260,10000000.000000,0.321174,10000000.000000
230,1170,3354,0.503175,0.321174,9,16,1,0.345920,3.896939,0.345539,10000000.000000,0.350372,0.535748,0.321381,0.632389,0.424019,1.094375,0.351032,2.860449,0.321174,0.321174,0.342963,0.407918,0.389260,10000000.000000,0.321174,10000000.000000
231,1180,3367,0.503175,0.321174,9,16,1,0.345920,3.896939,0.345539,10000000.000000,0.350372,0.535748,0.321381,0.632389,0.424019,1.094375,0.351032,2.860449,0.321174,0.322660,0.342963,0.407918,0.389260,10000000.000000,0.321174,10000000.000000
232,1190,3381,0.503175,0.321174,9,16,1,0.345920,3.614538,0.345539,10000000.000000,0.350372,0.535748,0.321381,0.632389,0.424019,1.094375,0.351032,2.860449,0.321174,0.322660,0.342963,0.407918,0.389260,10000000.000000,0.321174,10000000.000000
233,1200,3382,0.503175,0.321174,9,16,1,0.345920,3.614538,0.345539,10000000.000000,0.350372,0.535748,0.321381,0.632389,0.424019,1.094375,0.351032,2.860449,0.321174,0.322660,0.342963,0.407918,0.389260,10000000.000000,0.321174,0.335994
234,1210,3413,0.503175,0.321174,9,16,1,0.345920,3.614538,0.345539,0.485695,0.350372,0.535748,0.321381,0.632389,0.424019,1.094375,0.351032,2.860449,0.321174,0.322660,0.342963,0.407918,0.389260,10000000.000000,0.321174,0.335994
236,1220,3419,0.503175,0.321174,9,16,1,0.345920,3.614538,0.345539,0.485695,0.350372,0.535748,0.321381,0.632389,0.424019,1.094375,0.351032,2.860449,0.321174,0.322660,0.342963,10000000.000000,0.389260,4.317879,0.321174,0.335994
238,1230,3505,0.503175,0.321174,9,16,1,0.345920,3.614538,0.345539,0.485695,0.350372,0.535748,0.321381,0.632389,0.424019,1.041278,0.351032,2.860449,0.321174,0.322660,0.342963,10000000.000000,0.389260,10000000.000000,0.321174,0.335994
240,1240,3543,0.503175,0.321174,9,16,1,0.345920,3.614538,0.345539,0.485695,0.350372,0.535748,0.321381,0.632389,0.424019,1.041278,0.351032,2.860449,0.321174,0.322660,0.342963,10000000.000000,0.389260,10000000.000000,0.321174,0.335994
241,1250,3554,0.503175,0.321174,9,16,1,0.345920,3.614538,0.345539,0.485695,0.350372,0.535748,0.321381,0.632389,0.424019,1.041278,0.351032,2.860449,0.321174,0.322660,0.342963,10000000.000000,0.389260,4.317879,0.321174,0.335994
242,1260,3562,0.503175,0.321174,9,16,1,0.345920,3.614538,0.345539,0.485695,0.350372,0.508110,0.321381,0.632389,0.424019,1.041278,0.351032,2.860449,0.321174,0.322660,0.342963,10000000.000000,0.389260,4.317879,0.321174,0.335994
243,1270,3568,0.503175,0.321174,9,16,1,0.345920,3.614538,0.345539,0.485695,0.350372,0.508110,0.321381,0.632389,0.424019,1.041278,0.351032,2.860449,0.321174,0.322660,0.342963,10000000.000000,0.389260,4.317879,0.321174,0.335994
244,1280,3569,0.503175,0.321174,9,16,1,0.345920,3.614538,0.345539,0.485695,0.350372,0.508110,0.321381,0.632389,0.424019,1.041278,0.351032,2.860449,0.321174,0.322660,0.342963,0.407918,0.389260,4.317879,0.321174,0.335994
245,1290,3615,0.503131,0.321129,8,14,1,0.345920,3.614538,0.345539,0.485695,0.350372,0.508110,0.321381,0.632389,0.424019,1.041278,0.351032,2.860449,0.321129,0.322660,0.342963,0.407918,0.389260,4.317879,0.321174,0.335994
246,1300,3689,0.503131,0.321129,8,14,1,0.345920,3.614538,0.345539,0.485695,0.350372,0.508110,0.321381,0.632389,0.349457,0.884561,0.351032,2.860449,0.321129,0.322660,0.342963,0.407918,0.389260,4.317879,0.321174,0.335994
247,1310,3705,0.503131,0.321129,8,14,1,0.345920,3.614538,0.345539,0.485695,0.350372,0.508110,0.321381,0.632389,0.349457,0.884561,0.351032,2.860449,0.321129,0.322660,0.342963,0.407918,0.389260,4.317879,0.321174,0.335994
249,1320,3751,0.503131,0.321129,8,14,1,0.345920,3.614538,0.345539,0.485695,0.350372,0.508110,0.321381,0.632389,0.349457,0.884561,0.351032,2.860449,0.321129,0.322660,0.342963,10000000.000000,0.389260,4.317879,0.321174,0.335994
251,1330,3760,0.503131,0.321129,8,14,1,0.345920,3.614538,0.345539,0.485695,0.350372,0.508110,0.321381,0.632389,0.349457,0.884561,0.351032,2.860449,0.321129,0.322660,0.342963,10000000.000000,0.389260,10000000.000000,0.321174,0.335994
253,1340,3779,0.503131,0.321129,8,14,1,0.345920,3.614538,0.345539,0.485695,0.350372,0.508110,0.321381,0.632389,0.349457,0.884561,0.351032,2.860449,0.321129,0.322660,0.342963,10000000.000000,0.389260,10000000.000000,0.321174,0.335994
254,1350,3826,0.503131,0.321129,8,14,1,0.345920,3.614538,0.345539,0.485695,0.350372,0.508110,0.321381,0.632389,0.349457,0.884561,0.351032,0.736518,0.321129,0.322660,0.342963,10000000.000000,0.389260,10000000.000000,0.321174,0.335994
255,1360,3860,0.503131,0.321129,8,14,1,0.345920,3.614538,0.345539,0.485695,0.350372,0.508110,0.321381,0.632389,0.349457,0.884561,0.351032,0.736518,0.321129,0.322660,0.342963,0.407918,0.389260,10000000.000000,0.321174,0.335994
256,1370,3870,0.503131,0.321129,8,14,1,0.345920,3.614538,0.345539,0.485695,0.350372,0.508110,0.321381,0.567817,0.349457,0.884561,0.351032,0.736518,0.321129,0.322660,0.342963,0.407918,0.389260,10000000.000000,0.321174,0.335994
257,1380,3891,0.503131,0.321129,8,14,1,0.345920,3.614538,0.345539,0.485695,0.350372,0.508110,0.321381,0.567817,0.349457,0.884561,0.351032,0.736518,0.321129,0.322660,0.342963,0.407918,0.357473,4.317879,0.321174,0.335994
258,1390,3901,0.503131,0.321129,8,14,1,0.345920,3.614538,0.345539,0.485695,0.350372,0.508110,0.321381,0.567817,0.349457,0.884561,0.351032,0.736518,0.321129,0.322660,0.342963,0.407918,0.357473,4.317879,0.321174,0.335994
259,1400,3914,0.503131,0.321129,8,14,1,0.336338,3.399732,0.345539,0.485695,0.350372,0.508110,0.321381,0.567817,0.349457,0.884561,0.351032,0.736518,0.321129,0.322660,0.342963,0.407918,0.357473,4.317879,0.321174,0.335994
260,1410,3959,0.503131,0.321129,8,14,1,0.336338,3.399732,0.345539,0.485695,0.350372,0.508110,0.321381,0.567817,0.349457,0.884561,0.351032,0.736518,0.321129,0.322660,0.342963,0.407918,0.357473,4.317879,0.321174,0.335994
262,1420,4013,0.503131,0.321129,8,14,1,0.336338,3.399732,0.345539,0.485695,0.350372,0.508110,0.321381,0.567817,0.349457,0.884561,0.351032,0.736518,0.321129,0.322660,0.342963,10000000.000000,0.357473,4.317879,0.321174,0.335994
263,1430,4037,0.503131,0.321129,8,14,1,0.336338,3.399732,0.345539,0.485695,0.350372,0.508110,0.321381,0.567817,0.349457,0.729790,0.351032,0.736518,0.321129,0.322660,0.342963,10000000.000000,0.357473,4.317879,0.321174,0.335994
265,1440,4051,0.503131,0.321129,8,14,1,0.336338,3.399732,0.345539,0.485695,0.329932,0.479046,0.321381,0.567817,0.349457,0.729790,0.351032,0.736518,0.321129,0.322660,0.342963,10000000.000000,0.357473,4.317879,0.321174,10000000.000000
266,1450,4064,0.503131,0.321129,8,14,1,0.336338,3.399732,0.345539,0.485695,0.329932,0.479046,0.321381,0.556371,0.349457,0.729790,0.351032,0.736518,0.321129,0.322660,0.342963,10000000.000000,0.357473,4.317879,0.321174,10000000.000000
267,1460,4148,0.503131,0.321129,8,14,1,0.336338,3.399732,0.345539,0.485695,0.329932,0.479046,0.321381,0.556371,0.349457,0.729790,0.351032,0.736518,0.321129,0.322660,0.342963,10000000.000000,0.357473,4.317879,0.321174,10000000.000000
268,1470,4149,0.503131,0.321129,8,14,1,0.336338,3.399732,0.345539,0.485695,0.329932,0.479046,0.321381,0.556371,0.349457,0.729790,0.351032,0.736518,0.321129,0.322660,0.342963,10000000.000000,0.357473,4.317879,0.321174,10000000.000000
269,1480,4186,0.503131,0.321129,8,14,1,0.336338,3.399732,0.345539,0.485695,0.329932,0.479046,0.321381,0.556371,0.349457,0.729790,0.351032,0.456071,0.321129,0.322660,0.342963,10000000.000000,0.357473,4.317879,0.321174,10000000.000000
270,1490,4211,0.503131,0.321129,8,14,1,0.336338,3.399732,0.345539,0.485695,0.329932,0.479046,0.321381,0.556371,0.349457,0.729790,0.351032,0.456071,0.321129,0.322660,0.342963,10000000.000000,0.357473,4.317879,0.321174,10000000.000000
271,1500,4229,0.503131,0.321129,8,14,1,0.336338,3.399732,0.345539,0.485695,0.329932,0.479046,0.321381,0.556371,0.349457,0.729790,0.351032,0.456071,0.321129,0.322660,0.342963,0.407918,0.357473,4.317879,0.321174,10000000.000000
272,1510,4280,0.503131,0.321129,8,14,1,0.336338,3.399732,0.345539,0.485695,0.329932,0.479046,0.321381,0.556371,0.349457,0.729790,0.351032,0.456071,0.321129,0.322660,0.342963,0.407918,0.357473,4.317879,0.321174,10000000.000000
273,1520,4319,0.503131,0.321129,8,14,1,0.336338,3.399732,0.345539,0.485695,0.329932,0.479046,0.321381,0.556371,0.349457,0.729790,0.351032,0.456071,0.321129,0.322660,0.342963,0.407918,0.357473,4.317879,0.321174,0.335994
274,1530,4345,0.503131,0.321129,8,14,1,0.336338,3.399732,0.345539,0.485695,0.329932,0.479046,0.321381,0.556371,0.349457,0.670721,0.351032,0.456071,0.321129,0.322660,0.342963,0.407918,0.357473,4.317879,0.321174,0.335994
275,1540,4372,0.503131,0.321129,8,14,1,0.336338,3.399732,0.345539,0.485695,0.329932,0.479046,0.321381,0.497430,0.349457,0.670721,0.351032,0.456071,0.321129,0.322660,0.342963,0.407918,0.357473,4.317879,0.321174,0.335994
276,1550,4432,0.503131,0.321129,8,14,1,0.336338,3.399732,0.345539,0.485695,0.329932,0.479046,0.321381,0.497430,0.349457,0.670721,0.351032,0.456071,0.321129,0.322660,0.342963,0.406085,0.357473,4.317879,0.321174,0.335994
277,1560,4443,0.503131,0.321129,8,14,1,0.336338,3.399732,0.345539,0.485695,0.329932,0.479046,0.321381,0.497430,0.349457,0.670721,0.351032,0.456071,0.321129,0.322660,0.342963,0.406085,0.357473,0.466506,0.321174,0.335994
278,1570,4472,0.503131,0.321129,8,14,1,0.336338,3.399732,0.345539,0.485695,0.329932,0.479046,0.321381,0.497430,0.349457,0.670721,0.351032,0.456071,0.321129,0.322660,0.342963,0.406085,0.357473,0.466506,0.321174,0.335994
279,1580,4484,0.503131,0.321129,8,14,1,0.336338,3.399732,0.345539,0.485695,0.329932,0.479046,0.321381,0.497430,0.349457,0.670721,0.351032,0.456071,0.321129,0.322660,0.342963,0.406085,0.357473,0.466506,0.321174,0.335994
280,1590,4498,0.503131,0.321129,8,14,1,0.336338,3.399732,0.345539,0.485695,0.329932,0.479046,0.321381,0.497430,0.349457,0.670721,0.351032,0.434980,0.321129,0.322660,0.342963,0.406085,0.357473,0.466506,0.321174,0.335994
281,1600,4529,0.503131,0.321129,8,14,1,0.336338,3.399732,0.345539,0.485695,0.329932,0.479046,0.321381,0.497430,0.349457,0.670721,0.351032,0.434980,0.321129,0.322660,0.342963,0.406085,0.357473,0.466506,0.321174,0.335994
282,1610,4579,0.503131,0.321129,8,14,1,0.336338,3.399732,0.345539,0.485695,0.329932,0.479046,0.321381,0.497430,0.349457,0.670721,0.351032,0.434980,0.321129,0.322660,0.342963,0.406085,0.357473,0.466506,0.321174,0.329622
283,1620,4646,0.503131,0.321129,8,14,1,0.336338,3.399732,0.345539,0.481827,0.329932,0.479046,0.321381,0.497430,0.349457,0.670721,0.351032,0.434980,0.321129,0.322660,0.342963,0.406085,0.357473,0.466506,0.321174,0.329622
284,1630,4657,0.503131,0.321129,8,14,1,0.336338,3.399732,0.345539,0.481827,0.329932,0.479046,0.321381,0.497430,0.349457,0.670721,0.351032,0.434980,0.321129,0.322660,0.342963,0.406085,0.357473,0.466506,0.321174,0.329622
285,1640,4685,0.503131,0.321129,8,14,1,0.336338,3.399732,0.345539,0.481827,0.329932,0.448662,0.321381,0.497430,0.349457,0.670721,0.351032,0.434980,0.321129,0.322660,0.342963,0.406085,0.357473,0.466506,0.321174,0.329622
286,1650,4707,0.503131,0.321129,8,14,1,0.336338,3.399732,0.345539,0.481827,0.329932,0.448662,0.321381,0.497430,0.349457,0.670721,0.351032,0.434980,0.321129,0.322660,0.342963,0.406085,0.357473,0.466506,0.321174,0.329622
287,1660,4752,0.503131,0.321129,8,14,1,0.336338,3.399732,0.345539,0.481827,0.329932,0.448662,0.321381,0.493360,0.349457,0.670721,0.351032,0.434980,0.321129,0.322660,0.342963,0.406085,0.357473,0.466506,0.321174,0.329622
288,1670,4764,0.503131,0.321129,8,14,1,0.336338,3.399732,0.345539,0.481827,0.329932,0.448662,0.321381,0.493360,0.349457,0.670721,0.351032,0.434980,0.321129,0.322660,0.342963,0.406085,0.357473,0.466506,0.321174,0.329622
289,1680,4789,0.503131,0.321129,8,14,1,0.336338,3.399732,0.345539,0.481827,0.329932,0.448662,0.321381,0.493360,0.349457,0.670721,0.351032,0.434980,0.321129,0.322660,0.342963,0.406085,0.357473,0.466506,0.321174,0.329622
290,1690,4828,0.503131,0.321129,8,14,1,0.336338,3.230587,0.345539,0.481827,0.329932,0.448662,0.321381,0.493360,0.349457,0.670721,0.351032,0.434980,0.321129,0.322660,0.342963,0.406085,0.357473,0.466506,0.321174,0.329622
291,1700,4874,0.503131,0.321129,8,14,1,0.336338,3.230587,0.345539,0.481827,0.329932,0.448662,0.321381,0.493360,0.349457,0.670721,0.351032,0.434980,0.321129,0.322660,0.342963,0.406085,0.357473,0.466506,0.321174,0.329622
292,1710,4904,0.503131,0.321129,8,14,1,0.336338,3.230587,0.345539,0.478802,0.329932,0.448662,0.321381,0.493360,0.349457,0.670721,0.351032,0.434980,0.321129,0.322660,0.342963,0.406085,0.357473,0.466506,0.321174,0.329622
293,1720,4929,0.503131,0.321129,8,14,1,0.336338,3.230587,0.345539,0.478802,0.329932,0.448662,0.321381,0.493360,0.349457,0.670721,0.351032,0.434980,0.321129,0.322660,0.342963,0.406085,0.357473,0.466506,0.321174,0.328878
294,1730,4990,0.503131,0.321129,8,14,1,0.336338,3.230587,0.345539,0.478802,0.329932,0.448662,0.321381,0.493360,0.349457,0.670721,0.351032,0.434980,0.321129,0.322660,0.342963,0.406085,0.357473,0.466506,0.321174,0.328878
295,1740,5005,0.503131,0.321129,8,14,1,0.336338,3.230587,0.345539,0.478802,0.329932,0.448662,0.321381,0.493360,0.349457,0.670721,0.351032,0.434980,0.321129,0.322660,0.342963,0.406085,0.357473,0.466506,0.321174,0.328878
296,1750,5005,0.503131,0.321129,8,14,1,0.336338,3.230587,0.345539,0.478802,0.329932,0.448662,0.321381,0.493360,0.349457,0.670721,0.351032,0.434980,0.321129,0.322660,0.342963,0.406085,0.357473,0.466506,0.321174,0.328878
297,1760,5041,0.503131,0.321129,8,14,1,0.336338,3.230587,0.345539,0.478802,0.329932,0.448662,0.321381,0.493360,0.349457,0.670721,0.351032,0.434980,0.321129,0.322660,0.342963,0.396505,0.357473,0.466506,0.321174,0.328878
298,1770,5053,0.503131,0.321129,8,14,1,0.336338,3.230587,0.345539,0.478802,0.329932,0.448662,0.321381,0.493360,0.349457,0.670721,0.351032,0.434980,0.321129,0.322660,0.342963,0.396505,0.331722,0.465322,0.321174,0.328878
299,1780,5086,0.503131,0.321129,8,14,1,0.336338,3.230587,0.345539,0.478802,0.329932,0.448662,0.321381,0.493360,0.349457,0.670721,0.346773,0.432537,0.321129,0.322660,0.342963,0.396505,0.331722,0.465322,0.321174,0.328878
300,1790,5092,0.503131,0.321129,7,14,1,0.336338,3.230587,0.345539,0.478802,0.329932,0.448662,0.321381,0.493360,0.349457,0.670721,0.346773,0.432537,0.321129,0.322660,0.342963,0.396505,0.331722,0.465322,0.321174,0.328878
301,1800,5122,0.503131,0.321129,7,14,1,0.336338,2.895435,0.345539,0.478802,0.329932,0.448662,0.321381,0.493360,0.349457,0.670721,0.346773,0.432537,0.321129,0.322660,0.342963,0.396505,0.331722,0.465322,0.321174,0.328878
302,1810,5123,0.503131,0.321129,7,14,1,0.336338,2.895435,0.345539,0.478802,0.329932,0.448662,0.321381,0.493360,0.349457,0.670721,0.346773,0.432537,0.321129,0.322660,0.342963,0.396505,0.331722,0.465322,0.321174,0.326611
303,1820,5139,0.503131,0.321129,7,14,1,0.336338,2.895435,0.345539,0.473069,0.329932,0.448662,0.321381,0.493360,0.349457,0.670721,0.346773,0.432537,0.321129,0.322660,0.342963,0.396505,0.331722,0.465322,0.321174,0.326611
304,1830,5207,0.503131,0.321129,7,14,1,0.336338,2.895435,0.345539,0.473069,0.329932,0.448662,0.321381,0.493360,0.349457,0.670721,0.346773,0.432537,0.321129,0.322660,0.342963,0.396505,0.331722,0.465322,0.321174,0.326611
305,1840,5261,0.503131,0.321129,7,14,1,0.336338,2.895435,0.345539,0.473069,0.329932,0.448662,0.321381,0.493360,0.349457,0.670721,0.346773,0.432537,0.321129,0.322660,0.342963,0.396505,0.331722,0.465322,0.321174,0.326611
306,1850,5262,0.503131,0.321129,7,14,1,0.336338,2.895435,0.345539,0.473069,0.329932,0.448662,0.321381,0.493360,0.349457,0.670721,0.346773,0.428195,0.321129,0.322660,0.342963,0.396505,0.331722,0.465322,0.321174,0.326611
307,1860,5280,0.503131,0.321129,7,14,1,0.336338,2.895435,0.345539,0.473069,0.329932,0.448662,0.321381,0.493360,0.349457,0.670721,0.346773,0.428195,0.321129,0.322660,0.342963,0.396505,0.331722,0.465322,0.321174,0.326611
308,1870,5306,0.503131,0.321129,7,14,1,0.336338,2.895435,0.345539,0.473069,0.329932,0.408521,0.321381,0.493360,0.349457,0.670721,0.346773,0.428195,0.321129,0.322660,0.342963,0.396505,0.331722,0.465322,0.321174,0.326611
309,1880,5352,0.503131,0.321129,7,14,1,0.336338,2.895435,0.345539,0.473069,0.329932,0.408521,0.321381,0.493360,0.349457,0.670721,0.346773,0.428195,0.321129,0.322660,0.342963,0.396505,0.331722,0.465322,0.321174,0.326611
310,1890,5412,0.503131,0.321129,7,14,1,0.336338,2.895435,0.345539,0.473069,0.329932,0.408521,0.321381,0.493360,0.349457,0.670721,0.346773,0.428195,0.321129,0.322660,0.342963,0.396505,0.331722,0.465322,0.321174,0.326611
311,1900,5413,0.503131,0.321129,7,14,1,0.336338,2.791054,0.345539,0.473069,0.329932,0.408521,0.321381,0.493360,0.349457,0.670721,0.346773,0.428195,0.321129,0.322660,0.342963,0.396505,0.331722,0.465322,0.321174,0.326611
312,1910,5456,0.503131,0.321129,7,14,1,0.336338,2.791054,0.345539,0.464434,0.329932,0.408521,0.321381,0.493360,0.349457,0.670721,0.346773,0.428195,0.321129,0.322660,0.342963,0.396505,0.331722,0.465322,0.321174,0.326611
313,1920,5459,0.503131,0.321129,7,14,1,0.336338,2.791054,0.345539,0.464434,0.329932,0.408521,0.321381,0.493360,0.349457,0.670721,0.346773,0.428195,0.321129,0.322660,0.342963,0.396505,0.331722,0.465322,0.321161,0.325293
314,1930,5505,0.503131,0.321129,7,14,1,0.336338,2.791054,0.345539,0.464434,0.329932,0.408521,0.321381,0.493360,0.349457,0.670721,0.346773,0.428195,0.321129,0.322660,0.342963,0.396505,0.331722,0.465322,0.321161,0.325293
315,1940,5516,0.503131,0.321129,7,14,1,0.336338,2.791054,0.345539,0.464434,0.329932,0.408521,0.321381,0.493360,0.349457,0.670721,0.346773,0.428195,0.321129,0.322660,0.342963,0.396505,0.331722,0.465322,0.321161,0.325293
316,1950,5549,0.503131,0.321129,7,14,1,0.336338,2.791054,0.345539,0.464434,0.329932,0.408521,0.321381,0.458960,0.349457,0.670721,0.346773,0.428195,0.321129,0.322660,0.342963,0.396505,0.331722,0.465322,0.321161,0.325293
317,1960,5613,0.503131,0.321129,7,14,1,0.336338,2.791054,0.345539,0.464434,0.329932,0.408521,0.321381,0.458960,0.349457,0.670721,0.346773,0.428195,0.321129,0.322660,0.342963,0.396505,0.331722,0.465322,0.321161,0.325293
318,1970,5623,0.503131,0.321129,7,14,1,0.336338,2.791054,0.345539,0.464434,0.329932,0.408521,0.321381,0.458960,0.349457,0.670721,0.346773,0.428195,0.321129,0.322660,0.342963,0.396505,0.331722,0.465322,0.321161,0.325293
319,1980,5641,0.503131,0.321129,7,14,1,0.336338,2.791054,0.345539,0.464434,0.329932,0.408521,0.321381,0.458960,0.349457,0.670721,0.346773,0.428195,0.321129,0.322660,0.342963,0.396505,0.331722,0.465322,0.321161,0.325293
320,1990,5686,0.503131,0.321129,7,14,1,0.336338,2.791054,0.345539,0.464434,0.329932,0.408521,0.321381,0.458960,0.349457,0.670721,0.346773,0.428195,0.321129,0.322660,0.342963,0.396505,0.331722,0.465322,0.321161,0.325293
321,2000,5730,0.503131,0.321129,7,14,1,0.336338,2.791054,0.345539,0.464434,0.329932,0.408521,0.321381,0.458960,0.349457,0.670721,0.346773,0.395951,0.321129,0.322660,0.342963,0.396505,0.331722,0.465322,0.321161,0.325293
322,2010,5749,0.503131,0.321129,7,14,1,0.336338,2.791054,0.340654,0.438535,0.329932,0.408521,0.321381,0.458960,0.349457,0.670721,0.346773,0.395951,0.321129,0.322660,0.342963,0.396505,0.331722,0.465322,0.321161,0.325293
323,2020,5782,0.503131,0.321129,7,14,1,0.336338,2.791054,0.340654,0.438535,0.329932,0.408521,0.321381,0.458960,0.349457,0.670721,0.346773,0.395951,0.321129,0.322660,0.342963,0.396505,0.331722,0.465322,0.321161,0.325218
324,2030,5835,0.503131,0.321129,7,14,1,0.336338,2.791054,0.340654,0.438535,0.329932,0.408521,0.321381,0.458960,0.349457,0.670721,0.346773,0.395951,0.321129,0.322660,0.342963,0.396505,0.331722,0.465322,0.321161,0.325218
325,2040,5872,0.503131,0.321129,7,14,1,0.336338,2.791054,0.340654,0.438535,0.329932,0.408521,0.321381,0.458960,0.349457,0.670721,0.346773,0.395951,0.321129,0.322660,0.342963,0.396505,0.331722,0.465322,0.321161,0.325218
326,2050,5918,0.503131,0.321129,7,14,1,0.336338,2.791054,0.340654,0.438535,0.329932,0.408521,0.321381,0.458960,0.349457,0.670721,0.346773,0.395951,0.321129,0.322660,0.342963,0.396505,0.331722,0.465322,0.321161,0.325218
327,2060,5941,0.503131,0.321129,7,14,1,0.336338,2.791054,0.340654,0.438535,0.329932,0.408521,0.321381,0.458960,0.349457,0.670721,0.346773,0.395951,0.321129,0.321174,0.342963,0.396505,0.331722,0.465322,0.321161,0.325218
328,2070,5943,0.503131,0.321129,7,14,1,0.336338,2.791054,0.340654,0.438535,0.329932,0.408521,0.321381,0.458960,0.349457,0.670721,0.346773,0.395951,0.321129,0.321174,0.342963,0.396505,0.331722,0.465322,0.321161,0.325218
329,2080,5974,0.503131,0.321129,7,14,1,0.336338,2.791054,0.340654,0.438535,0.329932,0.408521,0.321381,0.458960,0.349457,0.670721,0.346773,0.390877,0.321129,0.321174,0.342963,0.396505,0.331722,0.465322,0.321161,0.325218
330,2090,6029,0.503131,0.321129,11,18,2,0.336338,2.791054,0.340654,0.438535,0.329932,0.408521,0.321129,0.434899,0.349457,0.670721,0.346773,0.390877,0.321129,0.321174,0.342963,0.396505,0.331722,0.465322,0.321161,0.325218
331,2100,6033,0.503131,0.321129,11,18,2,0.336338,2.791054,0.340654,0.438535,0.329932,0.408521,0.321129,0.434899,0.349457,0.670721,0.346773,0.390877,0.321129,0.321174,0.342963,0.396505,0.331722,0.465322,0.321161,0.324079
332,2110,6049,0.503131,0.321129,11,18,2,0.336338,2.791054,0.340654,0.438535,0.329932,0.408521,0.321129,0.434899,0.349457,0.670721,0.346773,0.390877,0.321129,0.321174,0.342963,0.396505,0.331722,0.465322,0.321161,0.324079
333,2120,6098,0.503131,0.321129,11,18,2,0.336338,2.791054,0.323882,0.362860,0.329932,0.408521,0.321129,0.434899,0.349457,0.670721,0.346773,0.390877,0.321129,0.321174,0.342963,0.396505,0.331722,0.465322,0.321161,0.324079
334,2130,6133,0.503131,0.321129,11,18,2,0.336338,2.791054,0.323882,0.362860,0.329932,0.408521,0.321129,0.434899,0.349457,0.602189,0.346773,0.390877,0.321129,0.321174,0.342963,0.396505,0.331722,0.465322,0.321161,0.324079
335,2140,6140,0.503131,0.321129,11,18,2,0.336338,2.791054,0.323882,0.362860,0.329932,0.405737,0.321129,0.434899,0.349457,0.602189,0.346773,0.390877,0.321129,0.321174,0.342963,0.396505,0.331722,0.465322,0.321161,0.324079
336,2150,6224,0.503131,0.321129,11,18,2,0.336338,2.791054,0.323882,0.362860,0.329932,0.405737,0.321129,0.434899,0.349457,0.602189,0.346773,0.390877,0.321129,0.321174,0.342963,0.396505,0.331722,0.465322,0.321161,0.324079
337,2160,6240,0.503131,0.321129,11,18,2,0.336338,2.791054,0.323882,0.362860,0.329932,0.405737,0.321129,0.434899,0.349457,0.602189,0.346773,0.390877,0.321129,0.321174,0.342963,0.396505,0.331722,0.465322,0.321161,0.324079
338,2170,6243,0.503131,0.321129,11,18,2,0.336338,2.791054,0.323882,0.362860,0.329932,0.405737,0.321129,0.434899,0.349457,0.602189,0.346773,0.390877,0.321129,0.321174,0.342963,0.396505,0.331722,0.465322,0.321161,0.324079
339,2180,6268,0.503131,0.321129,11,18,2,0.336338,2.791054,0.323882,0.362860,0.329932,0.405737,0.321129,0.434899,0.349457,0.602189,0.346773,0.390877,0.321129,0.321174,0.342963,0.396505,0.331722,0.465322,0.321161,0.324079
340,2190,6280,0.503131,0.321129,11,18,2,0.336338,2.791054,0.323882,0.362860,0.329932,0.405737,0.321129,0.434899,0.349457,0.602189,0.346773,0.390877,0.321129,0.321174,0.342963,0.396505,0.331722,0.465322,0.321161,0.324079
341,2200,6285,0.503131,0.321129,11,18,2,0.336338,2.791054,0.323882,0.362860,0.329932,0.405737,0.321129,0.434899,0.349457,0.602189,0.346773,0.390877,0.321129,0.321174,0.342963,0.396505,0.331722,0.465322,0.321161,0.324079
342,2210,6321,0.503131,0.321129,11,18,2,0.321161,2.580840,0.323882,0.362860,0.329932,0.405737,0.321129,0.434899,0.349457,0.602189,0.346773,0.390877,0.321129,0.321174,0.342963,0.396505,0.331722,0.465322,0.321161,0.324079
343,2220,6408,0.503131,0.321129,11,18,2,0.321161,2.580840,0.323882,0.361975,0.329932,0.405737,0.321129,0.434899,0.349457,0.602189,0.346773,0.390877,0.321129,0.321174,0.342963,0.396505,0.331722,0.465322,0.321161,0.324079
344,2230,6409,0.503131,0.321129,11,18,2,0.321161,2.580840,0.323882,0.361975,0.329932,0.405737,0.321129,0.434899,0.338066,0.513844,0.346773,0.390877,0.321129,0.321174,0.342963,0.396505,0.331722,0.465322,0.321161,0.324079
345,2240,6483,0.503131,0.321129,11,18,2,0.321161,2.580840,0.323882,0.361975,0.329932,0.405737,0.321129,0.434899,0.338066,0.513844,0.346773,0.390877,0.321129,0.321174,0.342963,0.396505,0.331722,0.465322,0.321161,0.324079
346,2250,6495,0.503131,0.321129,11,18,2,0.321161,2.580840,0.323882,0.361975,0.329932,0.405737,0.321129,0.434899,0.338066,0.513844,0.346773,0.390877,0.321129,0.321174,0.342963,0.396505,0.331722,0.465322,0.321161,0.324079
347,2260,6539,0.503131,0.321129,11,18,2,0.321161,2.580840,0.323882,0.361975,0.329932,0.405737,0.321129,0.432440,0.338066,0.513844,0.346773,0.390877,0.321129,0.321174,0.342963,0.396505,0.331722,0.465322,0.321161,0.324079
348,2270,6543,0.503131,0.321129,11,18,2,0.321161,2.580840,0.323882,0.361975,0.329932,0.405737,0.321129,0.432440,0.338066,0.513844,0.346773,0.390877,0.321129,0.321135,0.342963,0.396505,0.331722,0.465322,0.321161,0.324079
349,2280,6555,0.503131,0.321129,11,18,2,0.321161,2.580840,0.323882,0.361975,0.329932,0.405737,0.321129,0.432440,0.338066,0.513844,0.346773,0.390877,0.321129,0.321135,0.342963,0.396505,0.331722,0.465322,0.321161,0.324079
350,2290,6585,0.503131,0.321129,11,18,2,0.321161,2.580840,0.323882,0.361975,0.329932,0.405737,0.321129,0.432440,0.338066,0.513844,0.329987,0.375921,0.321129,0.321135,0.342963,0.396505,0.331722,0.465322,0.321161,0.324079
351,2300,6585,0.503131,0.321129,11,18,2,0.321161,2.580840,0.323882,0.361975,0.329932,0.405737,0.321129,0.432440,0.338066,0.513844,0.329987,0.375921,0.321129,0.321135,0.342963,0.396505,0.331722,0.465322,0.321161,0.324079
352,2310,6624,0.503131,0.321129,11,18,2,0.321161,2.444957,0.323882,0.361975,0.329932,0.405737,0.321129,0.432440,0.338066,0.513844,0.329987,0.375921,0.321129,0.321135,0.342963,0.396505,0.331722,0.465322,0.321161,0.324079
353,2320,6730,0.503131,0.321129,11,18,2,0.321161,2.444957,0.323882,0.361975,0.329932,0.405737,0.321129,0.432440,0.338066,0.513844,0.329987,0.375921,0.321129,0.321135,0.342963,0.396505,0.331722,0.465322,0.321161,0.324079
354,2330,6763,0.503131,0.321129,11,18,2,0.321161,2.444957,0.323882,0.361975,0.329932,0.405737,0.321129,0.432440,0.338066,0.513844,0.329987,0.375921,0.321129,0.321135,0.342963,0.396505,0.331722,0.465322,0.321161,0.324079
355,2340,6766,0.503131,0.321129,11,18,2,0.321161,2.444957,0.323882,0.361975,0.329932,0.405737,0.321129,0.417134,0.338066,0.513844,0.329987,0.375921,0.321129,0.321135,0.342963,0.396505,0.331722,0.465322,0.321161,0.324079
356,2350,6790,0.503131,0.321129,11,18,2,0.321161,2.444957,0.323882,0.361975,0.329932,0.405737,0.321129,0.417134,0.324798,0.454058,0.329987,0.375921,0.321129,0.321135,0.342963,0.396505,0.331722,0.465322,0.321161,0.324079
357,2360,6798,0.503131,0.321129,11,18,2,0.321161,2.444957,0.323882,0.361975,0.329932,0.405737,0.321129,0.417134,0.324798,0.454058,0.329987,0.375921,0.321129,0.321133,0.342963,0.396505,0.331722,0.465322,0.321161,0.324079
358,2370,6868,0.503131,0.321129,11,18,2,0.321161,2.444957,0.323882,0.361975,0.329932,0.405737,0.321129,0.417134,0.324798,0.454058,0.329987,0.375476,0.321129,0.321133,0.342963,0.396505,0.331722,0.465322,0.321161,0.324079
359,2380,6897,0.503131,0.321129,11,18,2,0.321161,2.444957,0.323882,0.361975,0.329932,0.405737,0.321129,0.417134,0.324798,0.454058,0.329987,0.375476,0.321129,0.321133,0.342963,0.396505,0.331722,0.465322,0.321161,0.324079
360,2390,6906,0.503131,0.321129,11,18,2,0.321161,2.444957,0.323882,0.361975,0.329932,0.405737,0.321129,0.417134,0.324798,0.454058,0.329987,0.375476,0.321129,0.321133,0.342963,0.396505,0.331722,0.465322,0.321161,0.324079
361,2400,6924,0.503131,0.321129,11,18,2,0.321161,2.444957,0.323882,0.361975,0.329932,0.405737,0.321129,0.417134,0.324798,0.454058,0.329987,0.375476,0.321129,0.321133,0.342963,0.396505,0.331722,0.465322,0.321161,0.324079
362,2410,6942,0.503131,0.321129,11,18,2,0.321161,2.444957,0.323882,0.361975,0.329932,0.405737,0.321129,0.417134,0.324798,0.454058,0.329987,0.375476,0.321129,0.321133,0.342963,0.396505,0.331722,0.465322,0.321161,0.324079
363,2420,7038,0.503131,0.321129,11,18,2,0.321161,2.444957,0.323882,0.361975,0.329932,0.402641,0.321129,0.417134,0.324798,0.454058,0.329987,0.375476,0.321129,0.321133,0.342963,0.396505,0.331722,0.465322,0.321161,0.324079
364,2430,7047,0.503131,0.321129,11,18,2,0.321161,2.444957,0.323882,0.361975,0.329932,0.402641,0.321129,0.417134,0.324798,0.454058,0.329987,0.375476,0.321129,0.321133,0.342963,0.396505,0.331722,0.465322,0.321161,0.324079
365,2440,7053,0.503131,0.321129,11,18,2,0.321161,2.444957,0.323882,0.361975,0.329932,0.402641,0.321129,0.417134,0.324798,0.450806,0.329987,0.375476,0.321129,0.321133,0.342963,0.396505,0.331722,0.465322,0.321161,0.324079
366,2450,7135,0.503131,0.321129,11,18,2,0.321161,2.444957,0.323882,0.361975,0.329932,0.402641,0.321129,0.417134,0.324798,0.450806,0.329987,0.375476,0.321129,0.321133,0.342963,0.396505,0.331722,0.465322,0.321161,0.324079
367,2460,7146,0.503131,0.321129,11,18,2,0.321161,2.444957,0.323882,0.361975,0.329932,0.402641,0.321129,0.417134,0.324798,0.450806,0.329987,0.375476,0.321129,0.321131,0.342963,0.396505,0.331722,0.465322,0.321161,0.324079
368,2470,7154,0.503131,0.321129,11,18,2,0.321161,2.444957,0.323882,0.361975,0.329932,0.402641,0.321129,0.360553,0.324798,0.450806,0.329987,0.375476,0.321129,0.321131,0.342963,0.396505,0.331722,0.465322,0.321161,0.324079
369,2480,7158,0.503131,0.321129,11,18,2,0.321161,2.444957,0.323882,0.361975,0.329932,0.402641,0.321129,0.360553,0.324798,0.450806,0.329987,0.375476,0.321129,0.321131,0.342963,0.396505,0.331722,0.465322,0.321161,0.324079
370,2490,7169,0.503131,0.321129,11,18,2,0.321161,2.444957,0.323882,0.361975,0.329932,0.402641,0.321129,0.360553,0.324798,0.450806,0.329987,0.375476,0.321129,0.321131,0.342963,0.396505,0.331722,0.465322,0.321161,0.324079
371,2500,7182,0.503131,0.321129,11,18,2,0.321161,2.444957,0.323882,0.361975,0.329932,0.402641,0.321129,0.360553,0.324798,0.450806,0.329987,0.370506,0.321129,0.321131,0.342963,0.396505,0.331722,0.465322,0.321161,0.324079
372,2510,7308,0.503131,0.321129,11,18,2,0.321161,2.444957,0.323882,0.361975,0.329932,0.402641,0.321129,0.360553,0.322752,0.450806,0.329987,0.370506,0.321129,0.321131,0.342963,0.396505,0.331722,0.465322,0.321161,0.324079
373,2520,7314,0.503131,0.321129,11,18,2,0.321161,2.444957,0.323882,0.361975,0.329932,0.402641,0.321129,0.360553,0.322752,0.450806,0.329987,0.370506,0.321129,0.321131,0.342963,0.396505,0.331722,0.465322,0.321161,0.323387
374,2530,7376,0.503131,0.321129,11,18,2,0.321161,2.444957,0.323882,0.357158,0.329932,0.402641,0.321129,0.360553,0.322752,0.450806,0.329987,0.370506,0.321129,0.321131,0.342963,0.396505,0.331722,0.465322,0.321161,0.323387
375,2540,7403,0.503131,0.321129,11,18,2,0.321161,2.444957,0.323882,0.357158,0.329932,0.402641,0.321129,0.360553,0.322752,0.450806,0.329987,0.370506,0.321129,0.321131,0.342963,0.396505,0.331722,0.465322,0.321161,0.323387
376,2550,7444,0.503131,0.321129,11,18,2,0.321161,2.444957,0.323882,0.357158,0.322994,0.377363,0.321129,0.360553,0.322752,0.450806,0.329987,0.370506,0.321129,0.321131,0.342963,0.396505,0.331722,0.465322,0.321161,0.323387
377,2560,7469,0.503131,0.321129,11,18,2,0.321161,2.444957,0.323882,0.357158,0.322994,0.377363,0.321129,0.360553,0.322752,0.450806,0.329987,0.370506,0.321129,0.321131,0.342963,0.396505,0.331722,0.465322,0.321161,0.323387
378,2570,7488,0.503131,0.321129,11,18,2,0.321161,2.444957,0.323882,0.357158,0.322994,0.377363,0.321129,0.360553,0.322752,0.450806,0.329987,0.358388,0.321129,0.321131,0.342963,0.396505,0.331722,0.465322,0.321161,0.323387
379,2580,7493,0.503131,0.321129,11,18,2,0.321161,2.444957,0.323882,0.357158,0.322994,0.377363,0.321129,0.360553,0.322752,0.450806,0.329987,0.358388,0.321129,0.321131,0.342963,0.396505,0.331722,0.465322,0.321161,0.323387
380,2590,7500,0.503131,0.321129,11,18,2,0.321161,2.444957,0.323882,0.357158,0.322994,0.377363,0.321129,0.341351,0.322752,0.450806,0.329987,0.358388,0.321129,0.321131,0.342963,0.396505,0.331722,0.465322,0.321161,0.323387
381,2600,7614,0.503131,0.321129,11,18,2,0.321161,2.444957,0.323882,0.357158,0.322994,0.377363,0.321129,0.341351,0.322752,0.450806,0.329987,0.358388,0.321129,0.321131,0.342963,0.396505,0.331722,0.465322,0.321161,0.323387
382,2610,7645,0.503131,0.321129,11,18,2,0.321161,2.444957,0.323882,0.357158,0.322994,0.377363,0.321129,0.341351,0.322752,0.450806,0.329987,0.358388,0.321129,0.321131,0.342963,0.396505,0.331722,0.465322,0.321161,0.323333
383,2620,7686,0.503131,0.321129,11,18,2,0.321161,2.444957,0.323032,0.356511,0.322994,0.377363,0.321129,0.341351,0.322752,0.450806,0.329987,0.358388,0.321129,0.321131,0.342963,0.396505,0.331722,0.465322,0.321161,0.323333
384,2630,7735,0.503131,0.321129,11,18,2,0.321161,2.444957,0.323032,0.356511,0.322994,0.377363,0.321129,0.341351,0.322752,0.450806,0.329987,0.358388,0.321129,0.321131,0.342963,0.396505,0.331722,0.465322,0.321161,0.323333
385,2640,7735,0.503131,0.321129,11,18,2,0.321161,2.444957,0.323032,0.356511,0.322994,0.377363,0.321129,0.341351,0.322752,0.450806,0.329987,0.358388,0.321129,0.321131,0.342963,0.396505,0.331722,0.465322,0.321161,0.323333
386,2650,7837,0.503131,0.321129,11,18,2,0.321161,2.444957,0.323032,0.356511,0.322994,0.377363,0.321129,0.341351,0.322752,0.450806,0.329987,0.358388,0.321129,0.321131,0.342963,0.396505,0.331722,0.465322,0.321161,0.323333
387,2660,7891,0.503131,0.321129,12,18,2,0.321161,2.444957,0.323032,0.356511,0.322994,0.377363,0.321129,0.328401,0.322752,0.450806,0.329987,0.358388,0.321129,0.321131,0.342963,0.396505,0.331722,0.465322,0.321161,0.323333
388,2670,7900,0.503131,0.321129,12,18,2,0.321161,2.444957,0.323032,0.356511,0.322994,0.377363,0.321129,0.328401,0.322752,0.450806,0.329987,0.358388,0.321129,0.321131,0.321130,0.387258,0.331722,0.465322,0.321161,0.323333
389,2680,7916,0.503131,0.321129,12,18,2,0.321161,2.164475,0.323032,0.356511,0.322994,0.377363,0.321129,0.328401,0.322752,0.450806,0.329987,0.358388,0.321129,0.321131,0.321130,0.387258,0.331722,0.465322,0.321161,0.323333
390,2690,7969,0.503131,0.321129,12,18,2,0.321161,2.164475,0.323032,0.356511,0.322994,0.377363,0.321129,0.328401,0.322752,0.450806,0.329987,0.358388,0.321129,0.321131,0.321130,0.387258,0.324658,0.453285,0.321161,0.323333
391,2700,7974,0.503131,0.321129,12,18,2,0.321161,2.164475,0.323032,0.356511,0.322994,0.377363,0.321129,0.328401,0.322752,0.450806,0.329987,0.358388,0.321129,0.321131,0.321130,0.387258,0.324658,0.453285,0.321161,0.323333
392,2710,7995,0.503131,0.321129,12,18,2,0.321161,2.164475,0.323032,0.356511,0.322994,0.377363,0.321129,0.328401,0.322752,0.450806,0.329987,0.358388,0.321129,0.321131,0.321130,0.387258,0.324658,0.453285,0.321161,0.323333
393,2720,8090,0.503131,0.321129,12,18,2,0.321161,2.164475,0.323032,0.356511,0.322994,0.371466,0.321129,0.328401,0.322752,0.450806,0.329987,0.358388,0.321129,0.321131,0.321130,0.387258,0.324658,0.453285,0.321161,0.323333
394,2730,8177,0.503131,0.321129,12,18,2,0.321161,2.164475,0.323032,0.356511,0.322994,0.371466,0.321129,0.328401,0.322752,0.450806,0.329987,0.358388,0.321129,0.321131,0.321130,0.387258,0.324658,0.453285,0.321161,0.323333
395,2740,8182,0.503131,0.321129,12,18,2,0.321161,2.164475,0.323032,0.356511,0.322994,0.371466,0.321129,0.328401,0.322752,0.448901,0.329987,0.358388,0.321129,0.321131,0.321130,0.387258,0.324658,0.453285,0.321161,0.323333
396,2750,8189,0.503131,0.321129,12,18,2,0.321161,2.164475,0.323032,0.356511,0.322994,0.371466,0.321129,0.328401,0.322752,0.448901,0.329987,0.358314,0.321129,0.321131,0.321130,0.387258,0.324658,0.453285,0.321161,0.323333
397,2760,8193,0.503131,0.321129,12,18,2,0.321161,2.164475,0.323032,0.356511,0.322994,0.371466,0.321129,0.328401,0.322752,0.448901,0.329987,0.358314,0.321129,0.321131,0.321130,0.387258,0.324658,0.451844,0.321161,0.323333
398,2770,8194,0.503131,0.321129,12,18,2,0.321161,2.164475,0.323032,0.356511,0.322994,0.371466,0.321129,0.328401,0.322752,0.448901,0.329987,0.358314,0.321129,0.321130,0.321130,0.387258,0.324658,0.451844,0.321161,0.323333
399,2780,8248,0.503131,0.321129,12,18,2,0.321161,2.164475,0.323032,0.356511,0.322994,0.371466,0.321129,0.328401,0.322752,0.448901,0.329987,0.358314,0.321129,0.321130,0.321130,0.387258,0.324658,0.451844,0.321161,0.323333
400,2790,8357,0.503131,0.321129,12,18,2,0.321161,2.164475,0.323032,0.356511,0.322994,0.371466,0.321129,0.328401,0.322752,0.448901,0.329987,0.358314,0.321129,0.321130,0.321130,0.387258,0.324658,0.451844,0.321161,0.323333
401,2800,8363,0.503131,0.321129,12,18,2,0.321161,2.164475,0.323032,0.356511,0.322994,0.371466,0.321129,0.328401,0.322752,0.448901,10000000.000000,10000000.000000,0.321129,0.321130,0.321130,0.387258,0.324658,0.451844,0.321161,0.323333
402,2810,8371,0.503131,0.321129,12,18,2,0.321161,2.164475,0.323032,0.348312,0.322994,0.371466,0.321129,0.328401,0.322752,0.448901,10000000.000000,10000000.000000,0.321129,0.321130,0.321130,0.387258,0.324658,0.451844,0.321161,0.323333
403,2820,8420,0.503131,0.321129,12,18,2,0.321161,2.164475,0.323032,0.348312,0.322994,0.371466,0.321129,0.328401,0.322752,0.448901,10000000.000000,10000000.000000,0.321129,0.321130,0.321130,0.387258,0.324658,0.451844,0.321161,0.323333
404,2830,8488,0.503131,0.321129,12,18,2,0.321161,2.164475,0.323032,0.348312,0.322994,0.371466,0.321129,0.328401,0.322752,0.438706,10000000.000000,10000000.000000,0.321129,0.321130,0.321130,0.387258,0.324658,0.451844,0.321161,0.323333
405,2840,8492,0.503131,0.321129,12,18,2,0.321161,2.164475,0.323032,0.348312,0.322994,0.371466,0.321129,0.326910,0.322752,0.438706,10000000.000000,10000000.000000,0.321129,0.321130,0.321130,0.387258,0.324658,0.451844,0.321161,0.323333
406,2850,8506,0.503131,0.321129,12,18,2,0.321161,2.164475,0.323032,0.348312,0.322994,0.371466,0.321129,0.326910,0.322752,0.438706,10000000.000000,10000000.000000,0.321129,0.321130,0.321130,0.387258,0.324658,0.451844,0.321161,0.323333
407,2860,8533,0.503131,0.321129,12,18,2,0.321161,2.164475,0.323032,0.348312,0.322994,0.371466,0.321129,0.326910,0.322752,0.438706,10000000.000000,10000000.000000,0.321129,0.321130,0.321130,0.387258,0.324658,0.451833,0.321161,0.323333
408,2870,8591,0.503131,0.321129,12,18,2,0.321161,2.164475,0.323032,0.348312,0.322994,0.371466,0.321129,0.326910,0.322752,0.438706,10000000.000000,10000000.000000,0.321129,0.321130,0.321130,0.387258,0.324658,0.451833,0.321161,0.323333
409,2880,8593,0.503131,0.321129,12,18,2,0.321161,2.164475,0.323032,0.348312,0.322994,0.371466,0.321129,0.326910,0.322752,0.438706,10000000.000000,10000000.000000,0.321129,0.321130,0.321130,0.374644,0.324658,0.451833,0.321161,0.323333
410,2890,8613,0.503131,0.321129,12,18,2,0.321161,2.164475,0.323032,0.348312,0.322994,0.371466,0.321129,0.326910,0.322752,0.438706,10000000.000000,10000000.000000,0.321129,0.321130,0.321130,0.374644,0.324658,0.451833,0.321161,0.323333
411,2900,8670,0.503131,0.321129,12,18,2,0.321161,2.164475,0.323032,0.347981,0.322994,0.371466,0.321129,0.326910,0.322752,0.438706,10000000.000000,10000000.000000,0.321129,0.321130,0.321130,0.374644,0.324658,0.451833,0.321161,0.323333
412,2910,8670,0.503131,0.321129,12,18,2,0.321161,2.164475,0.323032,0.347981,0.322994,0.371466,0.321129,0.326910,0.322752,0.438706,10000000.000000,10000000.000000,0.321129,0.321130,0.321130,0.374644,0.324658,0.451833,0.321161,0.323295
413,2920,8705,0.503131,0.321129,12,18,2,0.321161,2.164475,0.323032,0.347981,0.322994,0.371466,0.321129,0.326910,0.321944,0.424019,10000000.000000,10000000.000000,0.321129,0.321130,0.321130,0.374644,0.324658,0.451833,0.321161,0.323295
414,2930,8714,0.503131,0.321129,12,18,2,0.321161,2.164475,0.323032,0.347981,0.322994,0.371463,0.321129,0.326910,0.321944,0.424019,10000000.000000,10000000.000000,0.321129,0.321130,0.321130,0.374644,0.324658,0.451833,0.321161,0.323295
415,2940,8781,0.503131,0.321129,12,18,2,0.321161,2.164475,0.323032,0.347981,0.322994,0.371463,0.321129,0.326910,0.321944,0.424019,10000000.000000,10000000.000000,0.321129,0.321130,0.321130,0.374644,0.324658,0.451833,0.321161,0.323295
416,2950,8790,0.503131,0.321129,12,18,2,0.321161,2.164475,0.323032,0.347981,0.322994,0.371463,0.321129,0.326910,0.321944,0.424019,10000000.000000,10000000.000000,0.321129,0.321130,0.321130,0.374644,0.324658,0.451833,0.321161,0.323295
417,2960,8835,0.503131,0.321129,12,18,2,0.321161,1.456993,0.323032,0.347981,0.322994,0.371463,0.321129,0.326910,0.321944,0.424019,10000000.000000,10000000.000000,0.321129,0.321130,0.321130,0.374644,0.324658,0.451833,0.321161,0.323295
418,2970,8847,0.503131,0.321129,12,18,2,0.321161,1.456993,0.323032,0.347981,0.322994,0.371463,0.321129,0.326910,0.321944,0.424019,10000000.000000,10000000.000000,0.321129,0.321130,0.321130,0.374644,0.324658,0.446613,0.321161,0.323295
419,2980,8879,0.503131,0.321129,12,18,2,0.321161,1.456993,0.323032,0.347981,0.322994,0.371463,0.321129,0.326910,0.321944,0.424019,10000000.000000,10000000.000000,0.321129,0.321130,0.321130,0.374644,0.324658,0.446613,0.321161,0.322840
420,2990,8932,0.503131,0.321129,12,18,2,0.321161,1.456993,0.323032,0.347981,0.322994,0.371463,0.321129,0.326910,0.321944,0.424019,10000000.000000,10000000.000000,0.321129,0.321130,0.321130,0.374644,0.324658,0.446613,0.321161,0.322840
421,3000,8974,0.503131,0.321129,13,18,2,0.321161,1.456993,0.323032,0.347981,0.322994,0.371463,0.321129,0.326910,0.321944,0.424019,0.321129,0.321129,0.321129,0.321130,0.321130,0.374644,0.324658,0.446613,0.321161,0.322840
422,3010,8974,0.503131,0.321129,13,18,2,0.321161,1.456993,0.323032,0.347981,0.322994,0.371463,0.321129,0.326910,0.321944,0.403494,0.321129,0.321129,0.321129,0.321130,0.321130,0.374644,0.324658,0.446613,0.321161,0.322840
423,3020,8990,0.503131,0.321129,13,18,2,0.321161,1.456993,0.323032,0.347981,0.322994,0.371463,0.321129,0.326910,0.321944,0.403494,0.321129,0.321129,0.321129,0.321130,0.321130,0.374644,0.324658,0.446613,0.321161,0.322840
424,3030,9109,0.503131,0.321129,13,18,2,0.321161,1.456993,0.323032,0.347981,0.322994,0.371463,0.321129,0.326910,0.321944,0.403494,0.321129,0.321129,0.321129,0.321130,0.321130,0.374644,0.324658,0.445183,0.321161,0.322840
425,3040,9114,0.503131,0.321129,13,18,2,0.321161,1.456993,0.323032,0.347981,0.322994,0.371463,0.321129,0.326910,0.321944,0.403494,0.321129,0.321129,0.321129,0.321130,0.321130,0.374644,0.324658,0.445183,0.321161,0.322840
426,3050,9128,0.503131,0.321129,13,18,2,0.321161,1.456993,0.323032,0.347981,0.322994,0.371463,0.321129,0.326910,0.321944,0.403494,0.321129,0.321129,0.321129,0.321130,0.321130,0.374644,0.324658,0.445183,0.321161,0.322840
427,3060,9163,0.503131,0.321129,13,18,2,0.321161,1.456993,0.323032,0.347981,0.322994,0.371463,0.321129,0.326910,0.321944,0.403494,0.321129,0.321129,0.321129,0.321130,0.321130,0.374644,0.324658,0.445183,0.321161,0.322840
428,3070,9173,0.503131,0.321129,13,18,2,0.321161,1.456993,0.323032,0.347981,0.322994,0.371463,0.321129,0.326910,0.321944,0.403494,0.321129,0.321129,0.321129,0.321130,0.321130,0.372115,0.324658,0.445183,0.321161,0.322840
429,3080,9253,0.503131,0.321129,13,18,2,0.321161,0.631028,0.323032,0.347981,0.322994,0.371463,0.321129,0.326910,0.321944,0.403494,0.321129,0.321129,0.321129,0.321130,0.321130,0.372115,0.324658,0.445183,0.321161,0.322840
430,3090,9259,0.503131,0.321129,12,17,2,0.321161,0.631028,0.323032,0.347981,0.322994,0.371463,0.321129,0.326910,0.321944,0.403494,0.321129,0.321129,0.321129,0.321130,0.321130,0.372115,0.324658,0.445183,0.321161,0.322840
431,3100,9289,0.503131,0.321129,12,17,2,0.321161,0.631028,0.323032,0.347981,0.322994,0.371463,0.321129,0.326910,0.321944,0.403494,0.321129,0.321129,0.321129,0.321130,0.321130,0.372115,0.324658,0.445183,0.321161,0.322840
432,3110,9295,0.503131,0.321129,12,24,3,0.321161,0.631028,0.323032,0.347981,0.322994,0.371463,0.321129,0.323189,0.321944,0.403494,0.321129,0.321129,0.321129,0.321130,0.321130,0.372115,0.324658,0.445183,0.321161,0.322840
433,3120,9306,0.503131,0.321129,12,24,3,0.321161,0.631028,0.323032,0.347981,0.322994,0.371463,0.321129,0.323189,0.321944,0.403494,0.321129,0.321129,0.321129,0.321130,0.321130,0.372115,0.324658,0.445183,0.321161,0.322840
434,3130,9411,0.503131,0.321129,12,24,3,0.321161,0.631028,0.323032,0.347981,0.322994,0.358386,0.321129,0.323189,0.321944,0.403494,0.321129,0.321129,0.321129,0.321130,0.321130,0.372115,0.324658,0.445183,0.321161,0.322840
435,3140,9413,0.503131,0.321129,12,24,3,0.321161,0.631028,0.323032,0.347981,0.322994,0.358386,0.321129,0.323189,0.321944,0.403494,0.321129,0.321129,0.321129,0.321130,0.321130,0.372115,0.324658,0.442183,0.321161,0.322840
436,3150,9455,0.503131,0.321129,12,24,3,0.321161,0.528084,0.323032,0.347981,0.322994,0.358386,0.321129,0.323189,0.321944,0.403494,0.321129,0.321129,0.321129,0.321130,0.321130,0.372115,0.324658,0.442183,0.321161,0.322840
437,3160,9500,0.503131,0.321129,12,24,3,0.321161,0.528084,0.323032,0.347981,0.322994,0.358386,0.321129,0.323189,0.321944,0.403494,0.321129,0.321129,0.321129,0.321129,0.321130,0.372115,0.324658,0.442183,0.321161,0.322840
438,3170,9501,0.503131,0.321129,12,24,3,0.321161,0.528084,0.323032,0.347981,0.322994,0.358386,0.321129,0.323189,0.321944,0.403494,0.321129,0.321129,0.321129,0.321129,0.321130,0.372115,0.324658,0.442183,0.321161,0.322840
439,3180,9539,0.503131,0.321129,12,24,3,0.321161,0.528084,0.323032,0.347981,0.322994,0.358386,0.321129,0.323189,0.321944,0.403494,0.321129,0.321129,0.321129,0.321129,0.321130,0.363399,0.324658,0.442183,0.321161,0.322840
440,3190,9565,0.503131,0.321129,12,24,3,0.321161,0.528084,0.323032,0.347981,0.322994,0.358386,0.321129,0.323189,0.321944,0.403494,0.321129,0.321129,0.321129,0.321129,0.321130,0.363399,0.324658,0.442183,0.321161,0.322840
441,3200,9580,0.503131,0.321129,12,24,3,0.321161,0.528084,0.323032,0.347981,0.322994,0.358386,0.321129,0.323189,0.321944,0.403494,0.321129,0.321129,0.321129,0.321129,0.321130,0.363399,0.324658,0.442183,0.321161,0.322840
442,3210,9636,0.503131,0.321129,12,24,3,0.321161,0.528084,0.323032,0.347981,0.322994,0.351661,0.321129,0.323189,0.321944,0.403494,0.321129,0.321129,0.321129,0.321129,0.321130,0.363399,0.324658,0.442183,0.321161,0.322840
443,3220,9734,0.503131,0.321129,12,24,3,0.321161,0.528084,0.323032,0.347981,0.322994,0.351661,0.321129,0.323189,0.321134,0.368683,0.321129,0.321129,0.321129,0.321129,0.321130,0.363399,0.324658,0.442183,0.321161,0.322840
444,3230,9750,0.503131,0.321129,12,24,3,0.321161,0.528084,0.323032,0.347981,0.322994,0.351661,0.321129,0.323189,0.321134,0.368683,0.321129,0.321129,0.321129,0.321129,0.321130,0.363399,0.324658,0.435496,0.321161,0.322840
445,3240,9772,0.503131,0.321129,12,24,3,0.321161,0.528084,0.323032,0.347981,0.322994,0.351661,0.321129,0.323189,0.321134,0.368683,0.321129,0.321129,0.321129,0.321129,0.321130,0.363399,0.324658,0.435496,0.321161,0.322840
446,3250,9779,0.503131,0.321129,12,24,3,0.321161,0.528084,0.323032,0.347981,0.322994,0.351661,0.321129,0.323189,0.321134,0.368683,0.321129,0.321129,0.321129,0.321129,0.321130,0.358812,0.324658,0.435496,0.321161,0.322840
447,3260,9808,0.503131,0.321129,12,24,3,0.321161,0.528084,0.323032,0.347981,0.322994,0.351661,0.321129,0.323189,0.321134,0.368683,0.321129,0.321129,0.321129,0.321129,0.321130,0.358812,0.324658,0.435496,0.321161,0.322840
448,3270,9836,0.503131,0.321129,12,24,3,0.321161,0.453496,0.323032,0.347981,0.322994,0.351661,0.321129,0.323189,0.321134,0.368683,0.321129,0.321129,0.321129,0.321129,0.321130,0.358812,0.324658,0.435496,0.321161,0.322840
449,3280,9861,0.503131,0.321129,12,24,3,0.321161,0.453496,0.323032,0.347981,0.322994,0.351661,0.321129,0.323189,0.321134,0.368683,0.321129,0.321129,0.321129,0.321129,0.321130,0.358812,0.324658,0.435496,0.321161,0.322840
450,3290,9926,0.503131,0.321129,12,24,3,0.321161,0.453496,0.323032,0.347981,0.322994,0.351661,0.321129,0.323189,0.321134,0.368683,0.321129,0.321129,0.321129,0.321129,0.321130,0.358812,0.324658,0.435496,0.321161,0.322840
451,3300,9953,0.503131,0.321129,12,24,3,0.321161,0.453496,0.323032,0.347981,0.322994,0.351661,0.321129,0.323189,0.321134,0.368683,0.321129,0.321129,0.321129,0.321129,0.321130,0.358812,0.324658,0.435496,0.321161,0.322840
452,3310,9970,0.503131,0.321129,12,24,3,0.321161,0.453496,0.323032,0.347981,0.322994,0.350372,0.321129,0.323189,0.321134,0.368683,0.321129,0.321129,0.321129,0.321129,0.321130,0.358812,0.324658,0.435496,0.321161,0.322840
453,3320,10003,0.503131,0.321129,12,24,3,0.321161,0.453496,0.323032,0.347981,0.322994,0.350372,0.321129,0.323189,0.321134,0.368683,0.321129,0.321129,0.321129,0.321129,0.321130,0.358812,0.324658,0.435496,0.321161,0.322840
454,3330,10106,0.503131,0.321129,12,24,3,0.321161,0.453496,0.323032,0.347981,0.322994,0.350372,0.321129,0.323189,0.321134,0.368683,0.321129,0.321129,0.321129,0.321129,0.321130,0.358812,0.324658,0.435496,0.321161,0.322409
455,3340,10133,0.503131,0.321129,12,24,3,0.321161,0.453496,0.323032,0.347981,0.322994,0.350372,0.321129,0.323189,0.321134,0.368683,0.321129,0.321129,0.321129,0.321129,0.321130,0.358812,0.324658,0.435496,0.321161,0.322409
456,3350,10156,0.503131,0.321129,12,24,3,0.321161,0.453496,0.323032,0.347981,0.322994,0.350372,0.321129,0.323189,0.321134,0.368683,0.321129,0.321129,0.321129,0.321129,0.321130,0.358812,0.324658,0.435496,0.321161,0.322409
457,3360,10166,0.503131,0.321129,12,24,3,0.321161,0.453496,0.323032,0.347981,0.322994,0.350372,0.321129,0.323189,0.321134,0.368683,0.321129,0.321129,0.321129,0.321129,0.321130,0.358812,0.324658,0.410942,0.321161,0.322409
458,3370,10170,0.503131,0.321129,12,24,3,0.321161,0.453496,0.323032,0.347981,0.322994,0.350372,0.321129,0.323189,0.321134,0.368683,0.321129,0.321129,0.321129,0.321129,0.321130,0.358812,0.324658,0.410942,0.321161,0.322409
459,3380,10212,0.503131,0.321129,12,24,3,0.321161,0.453496,0.323032,0.347981,0.322994,0.350372,0.321129,0.323189,0.321134,0.368683,0.321129,0.321129,0.321129,0.321129,0.321130,0.358812,0.324658,0.410942,0.321161,0.322409
460,3390,10279,0.503131,0.321129,12,24,3,0.321161,0.453496,0.323032,0.346199,0.322994,0.350372,0.321129,0.323189,0.321134,0.368683,0.321129,0.321129,0.321129,0.321129,0.321130,0.358812,0.324658,0.410942,0.321161,0.322409
461,3400,10292,0.503131,0.321129,12,24,3,0.321161,0.453496,0.323032,0.346199,0.322994,0.350372,0.321129,0.323189,0.321134,0.368683,0.321129,0.321129,0.321129,0.321129,0.321130,0.358812,0.324658,0.410942,0.321161,0.322409
462,3410,10324,0.503131,0.321129,12,24,3,0.321161,0.453496,0.323032,0.346199,0.322994,0.350372,0.321129,0.323189,0.321134,0.357244,0.321129,0.321129,0.321129,0.321129,0.321130,0.358812,0.324658,0.410942,0.321161,0.322409
463,3420,10386,0.503131,0.321129,12,24,3,0.321161,0.453496,0.323032,0.346199,0.322994,0.350372,0.321129,0.323189,0.321134,0.357244,0.321129,0.321129,0.321129,0.321129,0.321130,0.358812,0.324658,0.410942,0.321161,0.322409
464,3430,10424,0.503131,0.321129,12,24,3,0.321161,0.453496,0.323032,0.346199,0.322994,0.350372,0.321129,0.323189,0.321134,0.357244,0.321129,0.321129,0.321129,0.321129,0.321130,0.358812,0.324658,0.410942,0.321161,0.322409
465,3440,10427,0.503131,0.321129,12,24,3,0.321161,0.453496,0.323032,0.346199,0.322994,0.350372,0.321129,0.323189,0.321134,0.357244,0.321129,0.321129,0.321129,0.321129,0.321130,0.358812,0.324658,0.403963,0.321161,0.322409
466,3450,10502,0.503131,0.321129,12,24,3,0.321161,0.387828,0.323032,0.346199,0.322994,0.350372,0.321129,0.323189,0.321134,0.357244,0.321129,0.321129,0.321129,0.321129,0.321130,0.358812,0.324658,0.403963,0.321161,0.322409
467,3460,10534,0.503131,0.321129,12,24,3,0.321161,0.387828,0.323032,0.346199,0.322994,0.350372,0.321129,0.323189,0.321134,0.357244,0.321129,0.321129,0.321129,0.321129,0.321130,0.358812,0.324658,0.403963,0.321161,0.322409
468,3470,10573,0.503131,0.321129,12,24,3,0.321161,0.387828,0.323032,0.346199,0.322994,0.350372,0.321129,0.323189,0.321134,0.357244,0.321129,0.321129,0.321129,0.321129,0.321130,0.358812,0.324658,0.403963,0.321161,0.322409
469,3480,10634,0.503131,0.321129,12,24,3,0.321161,0.387828,0.323032,0.346199,0.322994,0.350372,0.321129,0.323189,0.321134,0.357244,0.321129,0.321129,0.321129,0.321129,0.321130,0.358812,0.324658,0.403963,0.321161,0.322409
470,3490,10636,0.503131,0.321129,12,24,3,0.321161,0.387828,0.323032,0.346199,0.322994,0.350372,0.321129,0.323189,0.321134,0.349457,0.321129,0.321129,0.321129,0.321129,0.321130,0.358812,0.324658,0.403963,0.321161,0.322409
471,3500,10641,0.503131,0.321129,12,24,3,0.321161,0.387828,0.323032,0.346199,0.322994,0.350372,0.321129,0.323189,0.321134,0.349457,0.321129,0.321129,0.321129,0.321129,0.321130,0.358812,0.324658,0.403963,0.321161,0.322409
472,3510,10651,0.503131,0.321129,12,24,3,0.321161,0.387828,0.323032,0.346199,0.322994,0.350372,0.321129,0.323189,0.321134,0.349457,0.321129,0.321129,0.321129,0.321129,0.321130,0.358812,0.324658,0.403963,0.321161,0.322409
473,3520,10764,0.503131,0.321129,12,24,3,0.321161,0.387828,0.323032,0.346199,0.322994,0.350372,0.321129,0.323189,0.321134,0.349457,0.321129,0.321129,0.321129,0.321129,0.321130,0.358812,0.324658,0.397289,0.321161,0.322409
474,3530,10767,0.503131,0.321129,12,24,3,0.321161,0.387828,0.323032,0.346199,0.322994,0.350372,0.321129,0.323189,0.321134,0.349457,0.321129,0.321129,0.321129,0.321129,0.321130,0.358812,0.324658,0.397289,0.321161,0.322409
475,3540,10789,0.503131,0.321129,12,24,3,0.321161,0.387828,0.323032,0.346199,0.322994,0.350372,0.321129,0.323189,0.321134,0.349457,0.321129,0.321129,0.321129,0.321129,0.321130,0.358812,0.324658,0.397289,0.321161,0.322409
476,3550,10820,0.503131,0.321129,12,24,3,0.321161,0.387828,0.323032,0.346199,0.322994,0.350372,0.321129,0.323189,0.321134,0.349457,0.321129,0.321129,0.321129,0.321129,0.321130,0.358812,0.324658,0.397289,0.321161,0.322409
477,3560,10840,0.503131,0.321129,12,24,3,0.321161,0.387828,0.323032,0.345539,0.322994,0.350372,0.321129,0.323189,0.321134,0.349457,0.321129,0.321129,0.321129,0.321129,0.321130,0.358812,0.324658,0.397289,0.321161,0.322409
478,3570,10849,0.503131,0.321129,12,24,3,0.321161,0.387828,0.323032,0.345539,0.322994,0.350372,0.321129,0.321843,0.321134,0.349457,0.321129,0.321129,0.321129,0.321129,0.321130,0.358812,0.324658,0.397289,0.321161,0.322409
479,3580,10895,0.503131,0.321129,12,24,3,0.321161,0.387828,0.323032,0.345539,0.322994,0.350372,0.321129,0.321843,0.321134,0.349457,0.321129,0.321129,0.321129,0.321129,0.321130,0.358812,0.324658,0.397289,0.321151,0.322216
480,3590,10923,0.503131,0.321129,12,24,3,0.321161,0.387828,0.323032,0.345539,0.322994,0.350372,0.321129,0.321843,0.321134,0.346267,0.321129,0.321129,0.321129,0.321129,0.321130,0.358812,0.324658,0.397289,0.321151,0.322216
481,3600,11001,0.503131,0.321129,12,24,3,0.321161,0.387828,0.323032,0.345539,0.322994,0.350372,0.321129,0.321843,0.321134,0.346267,0.321129,0.321129,0.321129,0.321129,0.321130,0.358812,0.324658,0.397289,0.321151,0.322216
482,3610,11023,0.503131,0.321129,12,24,3,0.321161,0.387828,0.323032,0.345539,0.322994,0.350372,0.321129,0.321843,0.321134,0.346267,0.321129,0.321129,0.321129,0.321129,0.321130,0.358812,0.324658,0.397289,0.321151,0.322216
483,3620,11033,0.503131,0.321129,12,24,3,0.321161,0.387828,0.323032,0.345539,0.322994,0.350372,0.321129,0.321843,0.321134,0.346267,0.321129,0.321129,0.321129,0.321129,0.321130,0.358812,0.324658,0.397289,0.321151,0.322216
484,3630,11055,0.503131,0.321129,12,24,3,0.321161,0.387828,0.323032,0.345539,0.322994,0.350372,0.321129,0.321843,0.321134,0.346267,0.321129,0.321129,0.321129,0.321129,0.321130,0.358812,0.324658,0.397289,0.321151,0.322216
485,3640,11078,0.503131,0.321129,12,24,3,0.321161,0.387828,0.323032,0.345539,0.322994,0.350372,0.321129,0.321843,0.321134,0.346267,0.321129,0.321129,0.321129,0.321129,0.321130,0.358812,0.324658,0.397289,0.321151,0.322216
486,3650,11140,0.503131,0.321129,12,24,3,0.321161,0.373882,0.323032,0.345539,0.322994,0.350372,0.321129,0.321843,0.321134,0.346267,0.321129,0.321129,0.321129,0.321129,0.321130,0.358812,0.324658,0.397289,0.321151,0.322216
487,3660,11175,0.503131,0.321129,12,24,3,0.321161,0.373882,0.323032,0.345539,0.322994,0.350372,0.321129,0.321843,0.321134,0.346267,0.321129,0.321129,0.321129,0.321129,0.321130,0.358812,0.324658,0.397289,0.321151,0.322216
488,3670,11217,0.503131,0.321129,12,24,3,0.321161,0.373882,0.323032,0.345539,0.322994,0.350372,0.321129,0.321843,0.321134,0.346267,0.321129,0.321129,0.321129,0.321129,0.321130,0.358812,0.324658,0.397289,0.321151,0.322216
489,3680,11256,0.503131,0.321129,12,24,3,0.321161,0.373882,0.322327,0.345539,0.322994,0.350372,0.321129,0.321843,0.321134,0.346267,0.321129,0.321129,0.321129,0.321129,0.321130,0.358812,0.324658,0.397289,0.321151,0.322216
490,3690,11309,0.503131,0.321129,12,24,3,0.321161,0.373882,0.322327,0.345539,0.322994,0.350372,0.321129,0.321843,0.321134,0.346267,0.321129,0.321129,0.321129,0.321129,0.321130,0.358812,0.324658,0.397289,0.321151,0.322216
491,3700,11329,0.503131,0.321129,12,24,3,0.321161,0.373882,0.322327,0.345539,0.322994,0.350372,0.321129,0.321843,0.321134,0.346267,0.321129,0.321129,0.321129,0.321129,0.321130,0.358812,0.324658,0.397289,0.321151,0.322216
492,3710,11380,0.503131,0.321129,12,24,3,0.321161,0.373882,0.322327,0.345539,0.322994,0.350372,0.321129,0.321843,0.321134,0.346267,0.321129,0.321129,0.321129,0.321129,0.321130,0.358812,0.324658,0.397289,0.321151,0.322216
493,3720,11388,0.503131,0.321129,12,24,3,0.321161,0.373882,0.322327,0.345539,0.322994,0.350372,0.321129,0.321843,0.321134,0.344700,0.321129,0.321129,0.321129,0.321129,0.321130,0.358812,0.324658,0.397289,0.321151,0.322216
494,3730,11410,0.503131,0.321129,12,24,3,0.321161,0.373882,0.322327,0.345539,0.322994,0.350372,0.321129,0.321843,0.321134,0.344700,0.321129,0.321129,0.321129,0.321129,0.321130,0.358812,0.324658,0.397289,0.321151,0.322216
495,3740,11452,0.503131,0.321129,12,24,3,0.321161,0.365273,0.322327,0.345539,0.322994,0.350372,0.321129,0.321843,0.321134,0.344700,0.321129,0.321129,0.321129,0.321129,0.321130,0.358812,0.324658,0.397289,0.321151,0.322216
496,3750,11469,0.503131,0.321129,12,24,3,0.321161,0.365273,0.322327,0.345539,0.322994,0.350372,0.321129,0.321843,0.321134,0.344700,0.321129,0.321129,0.321129,0.321129,0.321130,0.358812,0.324658,0.397289,0.321151,0.322216
497,3760,11533,0.503131,0.321129,12,24,3,0.321161,0.365273,0.322327,0.345539,0.322994,0.350372,0.321129,0.321843,0.321134,0.344700,0.321129,0.321129,0.321129,0.321129,0.321130,0.358812,0.324658,0.397289,0.321151,0.322216
498,3770,11583,0.503131,0.321129,12,24,3,0.321161,0.365273,0.322327,0.345539,0.322994,0.350372,0.321129,0.321843,0.321134,0.344700,0.321129,0.321129,0.321129,0.321129,0.321130,0.358812,0.324658,0.397289,0.321151,0.321938
499,3780,11591,0.503131,0.321129,12,24,3,0.321161,0.365273,0.322327,0.342821,0.322994,0.350372,0.321129,0.321843,0.321134,0.344700,0.321129,0.321129,0.321129,0.321129,0.321130,0.358812,0.324658,0.397289,0.321151,0.321938
500,3790,11639,0.503131,0.321129,12,24,3,0.321161,0.365273,0.322327,0.342821,0.322994,0.350372,0.321129,0.321843,0.321134,0.344700,0.321129,0.321129,0.321129,0.321129,0.321130,0.358812,0.324658,0.397289,0.321151,0.321938
501,3800,11693,0.503131,0.321129,12,24,3,0.321161,0.365273,0.322327,0.342821,0.322994,0.350372,0.321129,0.321843,0.321134,0.344700,0.321129,0.321129,0.321129,0.321129,0.321130,0.358812,0.324658,0.397289,0.321151,0.321938
502,3810,11713,0.503131,0.321129,12,24,3,0.321161,0.365273,0.322327,0.342821,0.322994,0.350372,0.321129,0.321843,0.321134,0.344700,0.321129,0.321129,0.321129,0.321129,0.321130,0.358812,0.324658,0.389260,0.321151,0.321938
503,3820,11741,0.503131,0.321129,12,24,3,0.321161,0.365273,0.322327,0.342821,0.322994,0.350372,0.321129,0.321843,0.321134,0.344700,0.321129,0.321129,0.321129,0.321129,0.321130,0.346507,0.324658,0.389260,0.321151,0.321938
504,3830,11750,0.503131,0.321129,12,24,3,0.321161,0.365273,0.322327,0.342821,0.322994,0.350372,0.321129,0.321843,0.321134,0.344700,0.321129,0.321129,0.321129,0.321129,0.321130,0.346507,0.324658,0.389260,0.321151,0.321938
505,3840,11762,0.503131,0.321129,12,24,3,0.321161,0.365273,0.322327,0.342821,0.322994,0.350372,0.321129,0.321843,0.321134,0.338066,0.321129,0.321129,0.321129,0.321129,0.321130,0.346507,0.324658,0.389260,0.321151,0.321938
506,3850,11828,0.503131,0.321129,12,24,3,0.321157,0.357753,0.322327,0.342821,0.322994,0.350372,0.321129,0.321843,0.321134,0.338066,0.321129,0.321129,0.321129,0.321129,0.321130,0.346507,0.324658,0.389260,0.321151,0.321938
507,3860,11859,0.503131,0.321129,12,24,3,0.321157,0.357753,0.322327,0.342821,0.322994,0.350372,0.321129,0.321843,0.321134,0.338066,0.321129,0.321129,0.321129,0.321129,0.321130,0.346507,0.324658,0.389260,0.321151,0.321836
508,3870,11935,0.503131,0.321129,12,24,3,0.321157,0.357753,0.322327,0.342787,0.322994,0.350372,0.321129,0.321843,0.321134,0.338066,0.321129,0.321129,0.321129,0.321129,0.321130,0.346507,0.324658,0.389260,0.321151,0.321836
509,3880,11977,0.503131,0.321129,12,24,3,0.321157,0.357753,0.322327,0.342787,0.322994,0.350372,0.321129,0.321843,0.321134,0.338066,0.321129,0.321129,0.321129,0.321129,0.321130,0.346507,0.324658,0.389260,0.321151,0.321836
510,3890,11979,0.503131,0.321129,12,24,3,0.321157,0.357753,0.322327,0.342787,0.322994,0.350372,0.321129,0.321843,0.321134,0.338066,0.321129,0.321129,0.321129,0.321129,0.321130,0.346507,0.324658,0.389260,0.321151,0.321836
511,3900,12009,0.503131,0.321129,12,24,3,0.321157,0.357753,0.322327,0.342787,0.322994,0.350372,0.321129,0.321843,0.321134,0.330415,0.321129,0.321129,0.321129,0.321129,0.321130,0.346507,0.324658,0.389260,0.321151,0.321836
512,3910,12049,0.503131,0.321129,12,24,3,0.321157,0.357753,0.322327,0.342787,0.322994,0.350372,0.321129,0.321843,0.321134,0.330415,0.321129,0.321129,0.321129,0.321129,0.321130,0.346507,0.324658,0.389260,0.321151,0.321836
513,3920,12136,0.503131,0.321129,12,24,3,0.321157,0.357753,0.322327,0.342787,0.322994,0.350372,0.321129,0.321843,0.321134,0.330415,0.321129,0.321129,0.321129,0.321129,0.321130,0.346507,0.324658,0.389260,0.321151,0.321836
514,3930,12149,0.503131,0.321129,12,24,3,0.321157,0.357753,0.322327,0.342787,0.322994,0.350372,0.321129,0.321843,0.321134,0.330415,0.321129,0.321129,0.321129,0.321129,0.321130,0.346507,0.324658,0.374165,0.321151,0.321836
515,3940,12156,0.503131,0.321129,12,24,3,0.321157,0.357753,0.322327,0.342787,0.322994,0.350372,0.321129,0.321843,0.321134,0.330415,0.321129,0.321129,0.321129,0.321129,0.321130,0.346507,0.324658,0.374165,0.321151,0.321836
516,3950,12159,0.503131,0.321129,12,24,3,0.321157,0.357753,0.322327,0.342787,0.322994,0.350372,0.321129,0.321843,0.321134,0.330415,0.321129,0.321129,0.321129,0.321129,0.321129,0.346086,0.324658,0.374165,0.321151,0.321836
517,3960,12172,0.503131,0.321129,12,24,3,0.321154,0.346667,0.322327,0.342787,0.322994,0.350372,0.321129,0.321843,0.321134,0.330415,0.321129,0.321129,0.321129,0.321129,0.321129,0.346086,0.324658,0.374165,0.321151,0.321836
518,3970,12206,0.503131,0.321129,12,24,3,0.321154,0.346667,0.322327,0.342787,0.322994,0.350372,0.321129,0.321843,0.321134,0.330415,0.321129,0.321129,0.321129,0.321129,0.321129,0.346086,0.324658,0.374165,0.321151,0.321836
519,3980,12266,0.503131,0.321129,12,24,3,0.321154,0.346667,0.322327,0.342787,0.322994,0.350372,0.321129,0.321843,0.321134,0.330415,0.321129,0.321129,0.321129,0.321129,0.321129,0.346086,0.324658,0.374165,0.321151,0.321836
520,3990,12364,0.503131,0.321129,12,24,3,0.321154,0.346667,0.322327,0.342787,0.322994,0.350372,0.321129,0.321843,0.321134,0.330415,0.321129,0.321129,0.321129,0.321129,0.321129,0.346086,0.324658,0.357473,0.321151,0.321836
521,4000,12368,0.503131,0.321129,12,24,3,0.321154,0.346667,0.322327,0.342787,0.322994,0.350372,0.321129,0.321843,0.321134,0.330415,0.321129,0.321129,0.321129,0.321129,0.321129,0.346086,0.324658,0.357473,0.321151,0.321836
522,4010,12391,0.503131,0.321129,12,24,3,0.321154,0.346667,0.322327,0.342787,0.322994,0.350372,0.321129,0.321843,0.321134,0.330415,0.321129,0.321129,0.321129,0.321129,0.321129,0.346086,0.324658,0.357473,0.321151,0.321836
523,4020,12418,0.503131,0.321129,12,24,3,0.321154,0.346667,0.322327,0.342787,0.322994,0.350372,0.321129,0.321843,0.321134,0.330415,0.321129,0.321129,0.321129,0.321129,0.321129,0.346086,0.324658,0.357473,0.321151,0.321836
524,4030,12420,0.503131,0.321129,12,24,3,0.321154,0.346667,0.322327,0.342787,0.322994,0.350372,0.321129,0.321843,0.321134,0.330415,0.321129,0.321129,0.321129,0.321129,0.321129,0.346086,0.324658,0.357473,0.321151,0.321836
525,4040,12426,0.503131,0.321129,12,24,3,0.321154,0.346667,0.322327,0.342787,0.322994,0.350372,0.321129,0.321843,0.321134,0.330415,0.321129,0.321129,0.321129,0.321129,0.321129,0.343116,0.324658,0.357473,0.321151,0.321836
526,4050,12530,0.503131,0.321129,12,24,3,0.321154,0.345920,0.322327,0.342787,0.322994,0.350372,0.321129,0.321843,0.321134,0.330415,0.321129,0.321129,0.321129,0.321129,0.321129,0.343116,0.324658,0.357473,0.321151,0.321836
527,4060,12549,0.503131,0.321129,12,24,3,0.321154,0.345920,0.322327,0.342787,0.322994,0.350372,0.321129,0.321843,0.321134,0.330415,0.321129,0.321129,0.321129,0.321129,0.321129,0.343116,0.324658,0.357473,0.321151,0.321836
528,4070,12593,0.503131,0.321129,12,24,3,0.321154,0.345920,0.322327,0.342787,0.322994,0.350372,0.321129,0.321843,0.321134,0.330415,0.321129,0.321129,0.321129,0.321129,0.321129,0.343116,0.324658,0.357473,0.321151,0.321836
529,4080,12605,0.503131,0.321129,12,24,3,0.321154,0.345920,0.322327,0.340654,0.322994,0.350372,0.321129,0.321843,0.321134,0.330415,0.321129,0.321129,0.321129,0.321129,0.321129,0.343116,0.324658,0.357473,0.321151,0.321836
530,4090,12712,0.503131,0.321129,12,24,3,0.321154,0.345920,0.322327,0.340654,0.322994,0.350372,0.321129,0.321843,0.321134,0.330415,0.321129,0.321129,0.321129,0.321129,0.321129,0.343116,0.324658,0.355408,0.321151,0.321836
531,4100,12729,0.503131,0.321129,12,24,3,0.321154,0.345920,0.322327,0.340654,0.322994,0.350372,0.321129,0.321603,0.321134,0.330415,0.321129,0.321129,0.321129,0.321129,0.321129,0.343116,0.324658,0.355408,0.321151,0.321836
532,4110,12733,0.503131,0.321129,12,24,3,0.321154,0.345920,0.322327,0.340654,0.322994,0.350372,0.321129,0.321603,0.321134,0.327805,0.321129,0.321129,0.321129,0.321129,0.321129,0.343116,0.324658,0.355408,0.321151,0.321836
533,4120,12738,0.503131,0.321129,12,24,3,0.321154,0.345920,0.322327,0.340654,0.322994,0.350372,0.321129,0.321603,0.321134,0.327805,0.321129,0.321129,0.321129,0.321129,0.321129,0.343116,0.324658,0.355408,0.321151,0.321836
534,4130,12812,0.503131,0.321129,12,24,3,0.321154,0.345920,0.322327,0.340654,0.322994,0.350372,0.321129,0.321603,0.321134,0.327805,0.321129,0.321129,0.321129,0.321129,0.321129,0.343116,0.324658,0.355408,0.321151,0.321836
535,4140,12819,0.503131,0.321129,12,24,3,0.321154,0.345920,0.322327,0.340654,0.322994,0.350372,0.321129,0.321603,0.321134,0.327805,0.321129,0.321129,0.321129,0.321129,0.321129,0.343116,0.324658,0.355408,0.321151,0.321836
536,4150,12874,0.503131,0.321129,12,24,3,0.321154,0.345920,0.322327,0.340654,0.322994,0.350372,0.321129,0.321603,0.321134,0.327805,0.321129,0.321129,0.321129,0.321129,0.321129,0.343116,0.324658,0.355408,0.321151,0.321707
537,4160,12903,0.503131,0.321129,12,24,3,0.321137,0.345527,0.322327,0.340654,0.322994,0.350372,0.321129,0.321603,0.321134,0.327805,0.321129,0.321129,0.321129,0.321129,0.321129,0.343116,0.324658,0.355408,0.321151,0.321707
538,4170,12968,0.503131,0.321129,12,24,3,0.321137,0.345527,0.322327,0.330611,0.322994,0.350372,0.321129,0.321603,0.321134,0.327805,0.321129,0.321129,0.321129,0.321129,0.321129,0.343116,0.324658,0.355408,0.321151,0.321707
539,4180,12979,0.503131,0.321129,12,24,3,0.321137,0.345527,0.322327,0.330611,0.322994,0.350372,0.321129,0.321603,0.321134,0.327805,0.321129,0.321129,0.321129,0.321129,0.321129,0.343116,0.324658,0.355408,0.321151,0.321707
540,4190,13001,0.503131,0.321129,12,24,3,0.321137,0.345527,0.322327,0.330611,0.322994,0.350372,0.321129,0.321603,0.321134,0.327805,0.321129,0.321129,0.321129,0.321129,0.321129,0.343116,0.324658,0.351687,0.321151,0.321707
541,4200,13007,0.503131,0.321129,12,24,3,0.321137,0.345527,0.322327,0.330611,0.322994,0.350372,0.321129,0.321603,0.321134,0.327805,0.321129,0.321129,0.321129,0.321129,0.321129,0.343116,0.324658,0.351687,0.321151,0.321707
542,4210,13144,0.503131,0.321129,12,24,3,0.321137,0.345527,0.322327,0.330611,0.322994,0.350372,0.321129,0.321603,0.321134,0.327805,0.321129,0.321129,0.321129,0.321129,0.321129,0.343116,0.324658,0.351687,0.321151,0.321707
543,4220,13171,0.503131,0.321129,12,24,3,0.321137,0.345527,0.322327,0.330611,0.322994,0.350372,0.321129,0.321603,0.321134,0.327805,0.321129,0.321129,0.321129,0.321129,0.321129,0.343116,0.324658,0.351687,0.321151,0.321707
544,4230,13176,0.503131,0.321129,12,24,3,0.321137,0.345527,0.322327,0.330611,0.322994,0.350372,0.321129,0.321603,0.321134,0.327805,0.321129,0.321129,0.321129,0.321129,0.321129,0.343116,0.324658,0.351687,0.321151,0.321707
545,4240,13197,0.503131,0.321129,12,24,3,0.321137,0.345527,0.322327,0.330611,0.322994,0.350372,0.321129,0.321603,0.321134,0.327805,0.321129,0.321129,0.321129,0.321129,0.321129,0.343116,0.324658,0.351687,0.321151,0.321707
546,4250,13230,0.503131,0.321129,12,24,3,0.321137,0.345527,0.322327,0.327927,0.322994,0.350372,0.321129,0.321603,0.321134,0.327805,0.321129,0.321129,0.321129,0.321129,0.321129,0.343116,0.324658,0.351687,0.321151,0.321707
547,4260,13261,0.503131,0.321129,12,24,3,0.321137,0.345527,0.322327,0.327927,0.322994,0.350372,0.321129,0.321603,0.321134,0.327805,0.321129,0.321129,0.321129,0.321129,0.321129,0.343116,0.324658,0.351687,0.321151,0.321576
548,4270,13389,0.503131,0.321129,12,24,3,0.321137,0.345527,0.322327,0.327927,0.322994,0.350372,0.321129,0.321603,0.321134,0.327805,0.321129,0.321129,0.321129,0.321129,0.321129,0.343116,0.324658,0.349220,0.321151,0.321576
549,4280,13391,0.503131,0.321129,12,24,3,0.321137,0.345527,0.322327,0.327927,0.322994,0.347001,0.321129,0.321603,0.321134,0.327805,0.321129,0.321129,0.321129,0.321129,0.321129,0.343116,0.324658,0.349220,0.321151,0.321576
550,4290,13403,0.503131,0.321129,12,24,3,0.321137,0.345527,0.322327,0.327927,0.322994,0.347001,0.321129,0.321603,0.321134,0.327805,0.321129,0.321129,0.321129,0.321129,0.321129,0.342963,0.324658,0.349220,0.321151,0.321576
551,4300,13411,0.503131,0.321129,12,24,3,0.321137,0.345527,0.322327,0.327927,0.322994,0.347001,0.321129,0.321603,0.321134,0.327805,0.321129,0.321129,0.321129,0.321129,0.321129,0.342963,0.324658,0.349220,0.321151,0.321576
552,4310,13416,0.503131,0.321129,12,24,3,0.321137,0.345527,0.322327,0.327927,0.322994,0.347001,0.321129,0.321603,0.321134,0.327805,0.321129,0.321129,0.321129,0.321129,0.321129,0.342963,0.324658,0.349220,0.321151,0.321576
553,4320,13519,0.503131,0.321129,12,24,3,0.321137,0.345527,0.322327,0.327927,0.322994,0.347001,0.321129,0.321603,0.321131,0.325093,0.321129,0.321129,0.321129,0.321129,0.321129,0.342963,0.324658,0.349220,0.321151,0.321576
554,4330,13526,0.503131,0.321129,12,24,3,0.321137,0.345527,0.322327,0.327927,0.322994,0.347001,0.321129,0.321458,0.321131,0.325093,0.321129,0.321129,0.321129,0.321129,0.321129,0.342963,0.324658,0.349220,0.321151,0.321576
555,4340,13550,0.503131,0.321129,12,24,3,0.321137,0.345527,0.322327,0.327927,0.322994,0.347001,0.321129,0.321458,0.321131,0.325093,0.321129,0.321129,0.321129,0.321129,0.321129,0.342963,0.324658,0.349220,0.321151,0.321576
556,4350,13611,0.503131,0.321129,12,24,3,0.321137,0.345527,0.322327,0.327927,0.322994,0.346991,0.321129,0.321458,0.321131,0.325093,0.321129,0.321129,0.321129,0.321129,0.321129,0.342963,0.324658,0.349220,0.321151,0.321576
557,4360,13614,0.503131,0.321129,12,24,3,0.321137,0.345527,0.322327,0.327927,0.322994,0.346991,0.321129,0.321458,0.321131,0.325093,0.321129,0.321129,0.321129,0.321129,0.321129,0.342963,0.324658,0.349220,0.321151,0.321576
558,4370,13618,0.503131,0.321129,12,24,3,0.321137,0.345527,0.322327,0.327927,0.322994,0.346991,0.321129,0.321458,0.321131,0.325093,0.321129,0.321129,0.321129,0.321129,0.321129,0.342963,0.324658,0.349220,0.321151,0.321576
559,4380,13687,0.503131,0.321129,12,24,3,0.321137,0.345527,0.322327,0.327927,0.322994,0.346991,0.321129,0.321458,0.321131,0.325093,0.321129,0.321129,0.321129,0.321129,0.321129,0.342963,0.324658,0.349220,0.321151,0.321576
560,4390,13696,0.503131,0.321129,12,24,3,0.321137,0.345527,0.322327,0.327927,0.322994,0.346991,0.321129,0.321458,0.321131,0.325093,0.321129,0.321129,0.321129,0.321129,0.321129,0.342963,0.324658,0.348598,0.321151,0.321576
561,4400,13731,0.503131,0.321129,12,24,3,0.321137,0.345527,0.322327,0.327927,0.322994,0.346991,0.321129,0.321458,0.321131,0.325093,0.321129,0.321129,0.321129,0.321129,0.321129,0.342963,0.324658,0.348598,0.321151,0.321576
562,4410,13765,0.503131,0.321129,12,24,3,0.321137,0.345527,0.322327,0.327927,0.322994,0.346991,0.321129,0.321458,0.321131,0.325093,0.321129,0.321129,0.321129,0.321129,0.321129,0.342963,0.324658,0.348598,0.321151,0.321576
563,4420,13799,0.503131,0.321129,12,24,3,0.321137,0.345527,0.322327,0.327232,0.322994,0.346991,0.321129,0.321458,0.321131,0.325093,0.321129,0.321129,0.321129,0.321129,0.321129,0.342963,0.324658,0.348598,0.321151,0.321576
564,4430,13851,0.503131,0.321129,12,24,3,0.321137,0.343822,0.322327,0.327232,0.322994,0.346991,0.321129,0.321458,0.321131,0.325093,0.321129,0.321129,0.321129,0.321129,0.321129,0.342963,0.324658,0.348598,0.321151,0.321576
565,4440,13859,0.503131,0.321129,12,24,3,0.321137,0.343822,0.322327,0.327232,0.322994,0.346991,0.321129,0.321458,0.321131,0.325093,0.321129,0.321129,0.321129,0.321129,0.321129,0.334720,0.324658,0.348598,0.321151,0.321576
566,4450,13886,0.503131,0.321129,12,24,3,0.321137,0.343822,0.322327,0.327232,0.322994,0.336081,0.321129,0.321458,0.321131,0.325093,0.321129,0.321129,0.321129,0.321129,0.321129,0.334720,0.324658,0.348598,0.321151,0.321576
567,4460,13945,0.503131,0.321129,12,24,3,0.321137,0.343822,0.322327,0.327232,0.322994,0.336081,0.321129,0.321458,0.321131,0.325093,0.321129,0.321129,0.321129,0.321129,0.321129,0.334720,0.324658,0.345757,0.321151,0.321576
568,4470,14030,0.503131,0.321129,12,24,3,0.321137,0.343822,0.322327,0.327232,0.322994,0.336081,0.321129,0.321458,0.321131,0.325093,0.321129,0.321129,0.321129,0.321129,0.321129,0.330693,0.324658,0.345757,0.321151,0.321576
569,4480,14031,0.503131,0.321129,12,24,3,0.321137,0.343822,0.322327,0.327232,0.322994,0.336081,0.321129,0.321458,0.321131,0.325093,0.321129,0.321129,0.321129,0.321129,0.321129,0.330693,0.324658,0.345757,0.321151,0.321576
570,4490,14048,0.503131,0.321129,12,24,3,0.321137,0.342377,0.322327,0.327232,0.322994,0.336081,0.321129,0.321458,0.321131,0.325093,0.321129,0.321129,0.321129,0.321129,0.321129,0.330693,0.324658,0.345757,0.321151,0.321576
571,4500,14113,0.503131,0.321129,12,24,3,0.321137,0.342377,0.322327,0.325481,0.322994,0.336081,0.321129,0.321458,0.321131,0.325093,0.321129,0.321129,0.321129,0.321129,0.321129,0.330693,0.324658,0.345757,0.321151,0.321576
572,4510,14129,0.503131,0.321129,12,24,3,0.321137,0.342377,0.322327,0.325481,0.322994,0.336081,0.321129,0.321458,0.321131,0.325093,0.321129,0.321129,0.321129,0.321129,0.321129,0.330693,0.324658,0.345757,0.321151,0.321567
573,4520,14150,0.503131,0.321129,12,24,3,0.321137,0.342377,0.322327,0.325481,0.322994,0.336081,0.321129,0.321458,0.321131,0.324798,0.321129,0.321129,0.321129,0.321129,0.321129,0.330693,0.324658,0.345757,0.321151,0.321567
574,4530,14277,0.503131,0.321129,12,24,3,0.321137,0.342377,0.322327,0.325481,0.322994,0.336081,0.321129,0.321458,0.321131,0.324798,0.321129,0.321129,0.321129,0.321129,0.321129,0.330693,0.324658,0.345757,0.321151,0.321567
575,4540,14325,0.503131,0.321129,12,24,3,0.321137,0.342377,0.322327,0.325481,0.322994,0.336081,0.321129,0.321458,0.321131,0.324798,0.321129,0.321129,0.321129,0.321129,0.321129,0.330693,0.324658,0.345757,0.321151,0.321567
576,4550,14346,0.503131,0.321129,12,24,3,0.321137,0.342377,0.322327,0.325481,0.322994,0.336081,0.321129,0.321458,0.321131,0.324798,0.321129,0.321129,0.321129,0.321129,0.321129,0.330693,0.324658,0.345757,0.321151,0.321567
577,4560,14370,0.503131,0.321129,12,24,3,0.321137,0.342377,0.322327,0.325481,0.322994,0.336081,0.321129,0.321458,0.321131,0.324798,0.321129,0.321129,0.321129,0.321129,0.321129,0.325727,0.324658,0.345757,0.321151,0.321567
578,4570,14443,0.503131,0.321129,12,24,3,0.321137,0.342377,0.322327,0.325481,0.322994,0.336081,0.321129,0.321458,0.321131,0.324798,0.321129,0.321129,0.321129,0.321129,0.321129,0.325727,0.324658,0.345757,0.321151,0.321567
579,4580,14475,0.503131,0.321129,12,24,3,0.321137,0.336338,0.322327,0.325481,0.322994,0.336081,0.321129,0.321458,0.321131,0.324798,0.321129,0.321129,0.321129,0.321129,0.321129,0.325727,0.324658,0.345757,0.321151,0.321567
580,4590,14483,0.503131,0.321129,12,24,3,0.321137,0.336338,0.322327,0.325481,0.322994,0.336081,0.321129,0.321458,0.321131,0.324590,0.321129,0.321129,0.321129,0.321129,0.321129,0.325727,0.324658,0.345757,0.321151,0.321567
581,4600,14488,0.503131,0.321129,12,24,3,0.321137,0.336338,0.322327,0.325481,0.322994,0.336081,0.321129,0.321458,0.321131,0.324590,0.321129,0.321129,0.321129,0.321129,0.321129,0.325727,0.324658,0.345757,0.321151,0.321567
582,4610,14530,0.503131,0.321129,12,24,3,0.321137,0.336338,0.322327,0.325481,0.322994,0.336081,0.321129,0.321458,0.321131,0.324590,0.321129,0.321129,0.321129,0.321129,0.321129,0.325727,0.324658,0.345757,0.321151,0.321490
583,4620,14556,0.503131,0.321129,12,24,3,0.321137,0.336338,0.322327,0.325481,0.322994,0.335129,0.321129,0.321458,0.321131,0.324590,0.321129,0.321129,0.321129,0.321129,0.321129,0.325727,0.324658,0.345757,0.321151,0.321490
584,4630,14681,0.503131,0.321129,12,24,3,0.321137,0.336338,0.322327,0.325481,0.322994,0.335129,0.321129,0.321458,0.321131,0.324102,0.321129,0.321129,0.321129,0.321129,0.321129,0.325727,0.324658,0.345757,0.321151,0.321490
585,4640,14690,0.503131,0.321129,12,24,3,0.321137,0.336338,0.322327,0.325481,0.322994,0.335129,0.321129,0.321458,0.321131,0.324102,0.321129,0.321129,0.321129,0.321129,0.321129,0.325727,0.324658,0.344965,0.321151,0.321490
586,4650,14706,0.503131,0.321129,12,24,3,0.321137,0.336338,0.322327,0.325481,0.322994,0.335129,0.321129,0.321381,0.321131,0.324102,0.321129,0.321129,0.321129,0.321129,0.321129,0.325727,0.324658,0.344965,0.321151,0.321490
587,4660,14711,0.503131,0.321129,12,24,3,0.321137,0.336338,0.322327,0.325481,0.322994,0.335129,0.321129,0.321381,0.321131,0.324102,0.321129,0.321129,0.321129,0.321129,0.321129,0.325580,0.324658,0.344965,0.321151,0.321490
588,4670,14747,0.503131,0.321129,12,24,3,0.321137,0.336338,0.322327,0.325481,0.322994,0.335129,0.321129,0.321381,0.321131,0.324102,0.321129,0.321129,0.321129,0.321129,0.321129,0.325580,0.324658,0.344965,0.321151,0.321490
589,4680,14833,0.503131,0.321129,12,24,3,0.321130,0.326298,0.322327,0.325481,0.322994,0.335129,0.321129,0.321381,0.321131,0.324102,0.321129,0.321129,0.321129,0.321129,0.321129,0.325580,0.324658,0.344965,0.321151,0.321490
590,4690,14847,0.503131,0.321129,12,24,3,0.321130,0.326298,0.322327,0.325481,0.322994,0.335129,0.321129,0.321381,0.321131,0.324102,0.321129,0.321129,0.321129,0.321129,0.321129,0.325580,0.324658,0.344965,0.321151,0.321490
591,4700,14869,0.503131,0.321129,12,24,3,0.321130,0.326298,0.322327,0.325481,0.322994,0.335129,0.321129,0.321381,0.321131,0.323272,0.321129,0.321129,0.321129,0.321129,0.321129,0.325580,0.324658,0.344965,0.321151,0.321490
592,4710,14872,0.503131,0.321129,12,24,3,0.321130,0.326298,0.322327,0.325481,0.322994,0.335129,0.321129,0.321381,0.321131,0.323272,0.321129,0.321129,0.321129,0.321129,0.321129,0.325580,0.324658,0.344965,0.321151,0.321490
593,4720,14891,0.503131,0.321129,12,24,3,0.321130,0.326298,0.322327,0.325481,0.322994,0.335129,0.321129,0.321381,0.321131,0.323272,0.321129,0.321129,0.321129,0.321129,0.321129,0.325580,0.324658,0.344965,0.321151,0.321490
594,4730,14907,0.503131,0.321129,12,24,3,0.321130,0.326298,0.322327,0.325481,0.322994,0.330639,0.321129,0.321381,0.321131,0.323272,0.321129,0.321129,0.321129,0.321129,0.321129,0.325580,0.324658,0.344965,0.321151,0.321490
595,4740,15014,0.503131,0.321129,12,24,3,0.321130,0.326298,0.322327,0.325481,0.322994,0.330639,0.321129,0.321381,0.321131,0.323272,0.321129,0.321129,0.321129,0.321129,0.321129,0.325580,0.324658,0.344965,0.321151,0.321490
596,4750,15059,0.503131,0.321129,12,24,3,0.321130,0.326298,0.322327,0.325481,0.322994,0.330639,0.321129,0.321381,0.321131,0.323272,0.321129,0.321129,0.321129,0.321129,0.321129,0.325580,0.324658,0.344965,0.321151,0.321490
597,4760,15085,0.503131,0.321129,12,24,3,0.321130,0.326298,0.322327,0.325481,0.322994,0.330639,0.321129,0.321349,0.321131,0.323272,0.321129,0.321129,0.321129,0.321129,0.321129,0.325580,0.324658,0.344965,0.321151,0.321490
598,4770,15139,0.503131,0.321129,12,24,3,0.321130,0.326298,0.322327,0.325481,0.322994,0.330639,0.321129,0.321349,0.321131,0.323272,0.321129,0.321129,0.321129,0.321129,0.321129,0.325321,0.324658,0.344965,0.321151,0.321490
599,4780,15143,0.503131,0.321129,12,24,3,0.321130,0.325028,0.322327,0.325481,0.322994,0.330639,0.321129,0.321349,0.321131,0.323272,0.321129,0.321129,0.321129,0.321129,0.321129,0.325321,0.324658,0.344965,0.321151,0.321490
600,4790,15165,0.503131,0.321129,12,24,3,0.321130,0.325028,0.322327,0.325481,0.322994,0.330639,0.321129,0.321349,0.321131,0.323272,0.321129,0.321129,0.321129,0.321129,0.321129,0.325321,0.324658,0.344965,0.321151,0.321442
601,4800,15178,0.503131,0.321129,12,24,3,0.321130,0.325028,0.322327,0.325481,0.322994,0.330639,0.321129,0.321349,0.321131,0.323272,0.321129,0.321129,0.321129,0.321129,0.321129,0.325321,10000000.000000,10000000.000000,0.321151,0.321442
602,4810,15233,0.503131,0.321129,12,24,3,0.321130,0.325028,0.322327,0.325481,0.322994,0.330639,0.321129,0.321349,0.321131,0.323272,0.321129,0.321129,0.321129,0.321129,0.321129,0.325321,10000000.000000,10000000.000000,0.321151,0.321442
603,4820,15249,0.503131,0.321129,12,24,3,0.321130,0.325028,0.322327,0.325481,0.322994,0.330639,0.321129,0.321349,0.321131,0.323272,0.321129,0.321129,0.321129,0.321129,0.321129,0.325321,10000000.000000,10000000.000000,0.321151,0.321442
604,4830,15324,0.503131,0.321129,12,24,3,0.321130,0.325028,0.322327,0.325481,0.322994,0.330639,0.321129,0.321349,0.321131,0.322752,0.321129,0.321129,0.321129,0.321129,0.321129,0.325321,10000000.000000,10000000.000000,0.321151,0.321442
605,4840,15399,0.503131,0.321129,12,24,3,0.321130,0.325028,0.322327,0.325481,0.322994,0.330639,0.321129,0.321349,0.321131,0.322752,0.321129,0.321129,0.321129,0.321129,0.321129,0.325321,10000000.000000,10000000.000000,0.321151,0.321442
606,4850,15453,0.503131,0.321129,12,24,3,0.321130,0.325028,0.322327,0.325481,0.322994,0.330639,0.321129,0.321285,0.321131,0.322752,0.321129,0.321129,0.321129,0.321129,0.321129,0.325321,10000000.000000,10000000.000000,0.321151,0.321442
607,4860,15481,0.503131,0.321129,12,24,3,0.321130,0.325028,0.322327,0.325481,0.322994,0.330639,0.321129,0.321285,0.321131,0.322752,0.321129,0.321129,0.321129,0.321129,0.321129,0.325321,10000000.000000,10000000.000000,0.321151,0.321437
608,4870,15491,0.503131,0.321129,12,24,3,0.321130,0.325028,0.322327,0.325481,0.322994,0.330639,0.321129,0.321285,0.321131,0.322752,0.321129,0.321129,0.321129,0.321129,0.321129,0.324862,10000000.000000,10000000.000000,0.321151,0.321437
609,4880,15513,0.503131,0.321129,12,24,3,0.321130,0.325028,0.322327,0.325481,0.322994,0.330639,0.321129,0.321285,0.321131,0.322752,0.321129,0.321129,0.321129,0.321129,0.321129,0.324862,10000000.000000,10000000.000000,0.321151,0.321437
610,4890,15522,0.503131,0.321129,12,24,3,0.321130,0.321314,0.322327,0.325481,0.322994,0.330639,0.321129,0.321285,0.321131,0.322752,0.321129,0.321129,0.321129,0.321129,0.321129,0.324862,10000000.000000,10000000.000000,0.321151,0.321437
611,4900,15612,0.503131,0.321129,12,24,3,0.321130,0.321314,0.322327,0.325046,0.322994,0.330639,0.321129,0.321285,0.321131,0.322752,0.321129,0.321129,0.321129,0.321129,0.321129,0.324862,10000000.000000,10000000.000000,0.321151,0.321437
612,4910,15629,0.503131,0.321129,12,24,3,0.321130,0.321314,0.322327,0.325046,0.322994,0.330639,0.321129,0.321285,0.321131,0.322752,0.321129,0.321129,0.321129,0.321129,0.321129,0.324862,0.321129,0.321129,0.321151,0.321437
613,4920,15663,0.503131,0.321129,12,24,3,0.321130,0.321314,0.322327,0.325046,0.322994,0.330639,0.321129,0.321285,0.321131,0.322015,0.321129,0.321129,0.321129,0.321129,0.321129,0.324862,0.321129,0.321129,0.321151,0.321437
614,4930,15671,0.503131,0.321129,12,24,3,0.321130,0.321314,0.322327,0.325046,0.322994,0.330639,0.321129,0.321285,0.321131,0.322015,0.321129,0.321129,0.321129,0.321129,0.321129,0.324862,0.321129,0.321129,0.321151,0.321437
615,4940,15733,0.503131,0.321129,12,24,3,0.321130,0.321314,0.322327,0.325046,0.322994,0.330639,0.321129,0.321285,0.321131,0.322015,0.321129,0.321129,0.321129,0.321129,0.321129,0.324862,0.321129,0.321129,0.321151,0.321437
616,4950,15843,0.503131,0.321129,12,24,3,0.321130,0.321314,0.322327,0.325046,0.322994,0.330639,0.321129,0.321278,0.321131,0.322015,0.321129,0.321129,0.321129,0.321129,0.321129,0.324862,0.321129,0.321129,0.321151,0.321437
617,4960,15860,0.503131,0.321129,12,24,3,0.321130,0.321314,0.322327,0.325046,0.322994,0.330639,0.321129,0.321278,0.321131,0.322015,0.321129,0.321129,0.321129,0.321129,0.321129,0.324862,0.321129,0.321129,0.321151,0.321437
618,4970,15908,0.503131,0.321129,12,24,3,0.321130,0.321314,0.322327,0.325046,0.322994,0.330639,0.321129,0.321278,0.321131,0.322015,0.321129,0.321129,0.321129,0.321129,0.321129,0.324862,0.321129,0.321129,0.321151,0.321437
619,4980,15924,0.503131,0.321129,12,24,3,0.321130,0.321314,0.322327,0.325046,0.322994,0.330639,0.321129,0.321278,0.321131,0.322015,0.321129,0.321129,0.321129,0.321129,0.321129,0.324785,0.321129,0.321129,0.321151,0.321437
620,4990,15945,0.503131,0.321129,12,24,3,0.321130,0.321314,0.322327,0.324639,0.322994,0.330639,0.321129,0.321278,0.321131,0.322015,0.321129,0.321129,0.321129,0.321129,0.321129,0.324785,0.321129,0.321129,0.321151,0.321437
621,5000,15997,0.503131,0.321129,12,24,3,0.321130,0.321314,0.322327,0.324639,0.322994,0.330639,0.321129,0.321278,0.321131,0.322015,0.321129,0.321129,0.321129,0.321129,0.321129,0.324785,0.321129,0.321129,0.321151,0.321437
622,5010,16024,0.503131,0.321129,12,24,3,0.321130,0.321314,0.322327,0.324639,0.322994,0.330639,0.321129,0.321278,0.321131,0.322015,0.321129,0.321129,0.321129,0.321129,0.321129,0.324785,0.321129,0.321129,0.321151,0.321437
623,5020,16045,0.503131,0.321129,12,24,3,0.321130,0.321314,0.322327,0.324639,0.322994,0.330608,0.321129,0.321278,0.321131,0.322015,0.321129,0.321129,0.321129,0.321129,0.321129,0.324785,0.321129,0.321129,0.321151,0.321437
624,5030,16148,0.503131,0.321129,12,24,3,0.321130,0.321314,0.322327,0.324639,0.322994,0.330608,0.321129,0.321278,0.321131,0.321944,0.321129,0.321129,0.321129,0.321129,0.321129,0.324785,0.321129,0.321129,0.321151,0.321437
625,5040,16175,0.503131,0.321129,12,24,3,0.321130,0.321314,0.322327,0.324639,0.322994,0.330608,0.321129,0.321278,0.321131,0.321944,0.321129,0.321129,0.321129,0.321129,0.321129,0.324785,0.321129,0.321129,0.321151,0.321437
626,5050,16250,0.503131,0.321129,12,24,3,0.321130,0.321314,0.322327,0.324639,0.322994,0.330608,0.321129,0.321278,0.321131,0.321944,0.321129,0.321129,0.321129,0.321129,0.321129,0.324294,0.321129,0.321129,0.321151,0.321437
627,5060,16253,0.503131,0.321129,12,24,3,0.321130,0.321314,0.322327,0.324639,0.322994,0.330608,0.321129,0.321129,0.321131,0.321944,0.321129,0.321129,0.321129,0.321129,0.321129,0.324294,0.321129,0.321129,0.321151,0.321437
628,5070,16288,0.503131,0.321129,12,24,3,0.321130,0.321314,0.322327,0.324639,0.322994,0.330608,0.321129,0.321129,0.321131,0.321944,0.321129,0.321129,0.321129,0.321129,0.321129,0.324294,0.321129,0.321129,0.321151,0.321293
629,5080,16321,0.503131,0.321129,12,24,3,0.321130,0.321314,0.322327,0.324639,0.322994,0.330608,0.321129,0.321129,0.321131,0.321944,0.321129,0.321129,0.321129,0.321129,0.321129,0.324294,0.321129,0.321129,0.321151,0.321293
630,5090,16337,0.503131,0.321129,12,24,3,0.321130,0.321314,0.322327,0.324639,0.322994,0.330608,0.321129,0.321129,0.321131,0.321944,0.321129,0.321129,0.321129,0.321129,0.321129,0.324294,0.321129,0.321129,0.321151,0.321293
631,5100,16397,0.503131,0.321129,12,24,3,0.321130,0.321314,0.322327,0.324639,0.322994,0.330608,0.321129,0.321129,0.321131,0.321944,0.321129,0.321129,0.321129,0.321129,0.321129,0.324294,0.321129,0.321129,0.321151,0.321293
632,5110,16409,0.503131,0.321129,12,24,3,0.321130,0.321314,0.322327,0.324639,0.322994,0.330608,0.321129,0.321129,0.321131,0.321944,0.321129,0.321129,0.321129,0.321129,0.321129,0.324294,0.321129,0.321129,0.321151,0.321293
633,5120,16424,0.503131,0.321129,12,24,3,0.321130,0.321314,0.322327,0.324639,0.322994,0.330608,0.321129,0.321129,0.321131,0.321944,0.321129,0.321129,0.321129,0.321129,0.321129,0.324294,0.321129,0.321129,0.321151,0.321293
634,5130,16589,0.503131,0.321129,12,24,3,0.321130,0.321314,0.322327,0.324639,0.322994,0.330587,0.321129,0.321129,0.321131,0.321944,0.321129,0.321129,0.321129,0.321129,0.321129,0.324294,0.321129,0.321129,0.321151,0.321293
635,5140,16631,0.503131,0.321129,12,24,3,0.321130,0.321314,0.322327,0.324639,0.322994,0.330587,0.321129,0.321129,0.321131,0.321944,0.321129,0.321129,0.321129,0.321129,0.321129,0.324294,0.321129,0.321129,0.321151,0.321293
636,5150,16634,0.503131,0.321129,12,24,3,0.321130,0.321314,0.322327,0.324639,0.322994,0.330587,0.321129,0.321129,0.321131,0.321944,0.321129,0.321129,0.321129,0.321129,0.321129,0.324294,0.321129,0.321129,0.321151,0.321293
637,5160,16650,0.503131,0.321129,12,24,3,0.321130,0.321314,0.322327,0.324639,0.322994,0.330587,0.321129,0.321129,0.321131,0.321944,0.321129,0.321129,0.321129,0.321129,0.321129,0.324294,0.321129,0.321129,0.321129,0.321181
638,5170,16674,0.503131,0.321129,12,24,3,0.321130,0.321314,0.322327,0.324639,0.322994,0.330587,0.321129,0.321129,0.321131,0.321944,0.321129,0.321129,0.321129,0.321129,0.321129,0.324294,0.321129,0.321129,0.321129,0.321181
639,5180,16674,0.503131,0.321129,12,24,3,0.321130,0.321314,0.322327,0.324639,0.322994,0.330587,0.321129,0.321129,0.321131,0.321944,0.321129,0.321129,0.321129,0.321129,0.321129,0.324294,0.321129,0.321129,0.321129,0.321181
640,5190,16739,0.503131,0.321129,12,24,3,0.321130,0.321161,0.322327,0.324639,0.322994,0.330587,0.321129,0.321129,0.321131,0.321944,0.321129,0.321129,0.321129,0.321129,0.321129,0.324294,0.321129,0.321129,0.321129,0.321181
641,5200,16834,0.503131,0.321129,12,24,3,0.321130,0.321161,0.322327,0.324639,0.322994,0.330587,0.321129,0.321129,0.321131,0.321944,0.321129,0.321129,0.321129,0.321129,0.321129,0.324294,0.321129,0.321129,0.321129,0.321181
642,5210,16843,0.503131,0.321129,12,24,3,0.321130,0.321161,0.322327,0.323882,0.322994,0.330587,0.321129,0.321129,0.321131,0.321944,0.321129,0.321129,0.321129,0.321129,0.321129,0.324294,0.321129,0.321129,0.321129,0.321181
643,5220,16850,0.503131,0.321129,12,24,3,0.321130,0.321161,0.322327,0.323882,0.322994,0.330587,0.321129,0.321129,0.321131,0.321944,0.321129,0.321129,0.321129,0.321129,0.321129,0.324294,0.321129,0.321129,0.321129,0.321181
644,5230,16893,0.503131,0.321129,12,24,3,0.321130,0.321161,0.322327,0.323882,0.322994,0.330587,0.321129,0.321129,0.321131,0.321944,0.321129,0.321129,0.321129,0.321129,0.321129,0.324294,0.321129,0.321129,0.321129,0.321181
645,5240,17043,0.503131,0.321129,12,24,3,0.321130,0.321157,0.322327,0.323882,0.322994,0.330587,0.321129,0.321129,0.321131,0.321944,0.321129,0.321129,0.321129,0.321129,0.321129,0.324294,0.321129,0.321129,0.321129,0.321181
646,5250,17045,0.503131,0.321129,12,24,3,0.321130,0.321157,0.322327,0.323882,0.322994,0.330587,0.321129,0.321129,0.321131,0.321944,0.321129,0.321129,0.321129,0.321129,0.321129,0.324294,0.321129,0.321129,0.321129,0.321181
647,5260,17054,0.503131,0.321129,12,24,3,0.321130,0.321157,0.322327,0.323882,0.322994,0.330587,0.321129,0.321129,0.321131,0.321944,0.321129,0.321129,0.321129,0.321129,0.321129,0.323840,0.321129,0.321129,0.321129,0.321181
648,5270,17086,0.503131,0.321129,12,24,3,0.321130,0.321157,0.322327,0.323882,0.322994,0.330587,0.321129,0.321129,0.321131,0.321944,0.321129,0.321129,0.321129,0.321129,0.321129,0.323840,0.321129,0.321129,0.321129,0.321174
649,5280,17090,0.503131,0.321129,12,24,3,0.321130,0.321157,0.322327,0.323882,0.322994,0.329981,0.321129,0.321129,0.321131,0.321944,0.321129,0.321129,0.321129,0.321129,0.321129,0.323840,0.321129,0.321129,0.321129,0.321174
650,5290,17098,0.503131,0.321129,12,24,3,0.321130,0.321157,0.321681,0.323882,0.322994,0.329981,0.321129,0.321129,0.321131,0.321944,0.321129,0.321129,0.321129,0.321129,0.321129,0.323840,0.321129,0.321129,0.321129,0.321174
651,5300,17113,0.503131,0.321129,12,24,3,0.321130,0.321157,0.321681,0.323882,0.322994,0.329981,0.321129,0.321129,0.321131,0.321944,0.321129,0.321129,0.321129,0.321129,0.321129,0.323840,0.321129,0.321129,0.321129,0.321174
652,5310,17161,0.503131,0.321129,12,24,3,0.321130,0.321157,0.321681,0.323882,0.322994,0.329981,0.321129,0.321129,0.321131,0.321944,0.321129,0.321129,0.321129,0.321129,0.321129,0.323840,0.321129,0.321129,0.321129,0.321174
653,5320,17318,0.503131,0.321129,12,24,3,0.321129,0.321157,0.321681,0.323882,0.322994,0.329981,0.321129,0.321129,0.321131,0.321944,0.321129,0.321129,0.321129,0.321129,0.321129,0.323840,0.321129,0.321129,0.321129,0.321174
654,5330,17338,0.503131,0.321129,12,24,3,0.321129,0.321157,0.321681,0.323882,0.322994,0.329981,0.321129,0.321129,0.321131,0.321944,0.321129,0.321129,0.321129,0.321129,0.321129,0.323840,0.321129,0.321129,0.321129,0.321174
655,5340,17353,0.503131,0.321129,12,24,3,0.321129,0.321157,0.321681,0.323882,0.322994,0.329981,0.321129,0.321129,0.321131,0.321944,0.321129,0.321129,0.321129,0.321129,0.321129,0.323228,0.321129,0.321129,0.321129,0.321174
656,5350,17365,0.503131,0.321129,12,24,3,0.321129,0.321157,0.321681,0.323882,0.322994,0.329981,0.321129,0.321129,0.321131,0.321944,0.321129,0.321129,0.321129,0.321129,0.321129,0.323228,0.321129,0.321129,0.321129,0.321174
657,5360,17377,0.503131,0.321129,12,24,3,0.321129,0.321157,0.321681,0.323882,0.322994,0.329981,0.321129,0.321129,0.321131,0.321944,0.321129,0.321129,0.321129,0.321129,0.321129,0.323228,0.321129,0.321129,0.321129,0.321174
658,5370,17482,0.503131,0.321129,12,24,3,0.321129,0.321157,0.321681,0.323882,0.322994,0.329981,0.321129,0.321129,0.321131,0.321944,0.321129,0.321129,0.321129,0.321129,0.321129,0.323228,0.321129,0.321129,0.321129,0.321174
659,5380,17492,0.503131,0.321129,12,24,3,0.321129,0.321157,0.321681,0.323882,0.322994,0.329981,0.321129,0.321129,0.321131,0.321944,0.321129,0.321129,0.321129,0.321129,0.321129,0.323228,0.321129,0.321129,0.321129,0.321174
660,5390,17562,0.503131,0.321129,12,24,3,0.321129,0.321157,0.321681,0.323882,0.322994,0.329981,0.321129,0.321129,0.321131,0.321944,0.321129,0.321129,0.321129,0.321129,0.321129,0.323228,0.321129,0.321129,0.321129,0.321174
661,5400,17587,0.503131,0.321129,12,24,3,0.321129,0.321157,0.321681,0.323882,0.322994,0.329981,0.321129,0.321129,0.321131,0.321944,0.321129,0.321129,0.321129,0.321129,0.321129,0.323228,0.321129,0.321129,0.321129,0.321174
662,5410,17673,0.503131,0.321129,12,24,3,0.321129,0.321157,0.321681,0.323882,0.322994,0.329981,0.321129,0.321129,0.321131,0.321944,0.321129,0.321129,0.321129,0.321129,0.321129,0.323228,0.321129,0.321129,0.321129,0.321174
663,5420,17737,0.503131,0.321129,12,24,3,0.321129,0.321157,0.321681,0.323882,0.322994,0.329981,0.321129,0.321129,0.321131,0.321944,0.321129,0.321129,0.321129,0.321129,0.321129,0.323228,0.321129,0.321129,0.321129,0.321174
664,5430,17745,0.503131,0.321129,12,25,2,0.321129,0.321157,0.321681,0.323882,0.322994,0.329981,0.321129,0.321129,0.321131,0.321944,0.321129,0.321129,0.321129,0.321129,0.321129,0.323228,0.321129,0.321129,0.321129,0.321174
665,5440,17774,0.503131,0.321129,12,25,2,0.321129,0.321157,0.321681,0.323882,0.322994,0.329981,0.321129,0.321129,0.321131,0.321944,0.321129,0.321129,0.321129,0.321129,0.321129,0.323228,0.321129,0.321129,0.321129,0.321174
666,5450,17820,0.503131,0.321129,12,25,2,0.321129,0.321157,0.321681,0.323882,0.322994,0.329981,0.321129,0.321129,0.321131,0.321944,0.321129,0.321129,0.321129,0.321129,0.321129,0.323228,0.321129,0.321129,0.321129,0.321174
667,5460,17875,0.503131,0.321129,12,25,2,0.321129,0.321157,0.321207,0.323825,0.322994,0.329981,0.321129,0.321129,0.321131,0.321944,0.321129,0.321129,0.321129,0.321129,0.321129,0.323228,0.321129,0.321129,0.321129,0.321174
668,5470,17879,0.503131,0.321129,12,25,2,0.321129,0.321157,0.321207,0.323825,0.322994,0.329981,0.321129,0.321129,0.321131,0.321944,0.321129,0.321129,0.321129,0.321129,0.321129,0.323228,0.321129,0.321129,0.321129,0.321174
669,5480,17898,0.503131,0.321129,12,25,2,0.321129,0.321157,0.321207,0.323825,0.322994,0.329981,0.321129,0.321129,0.321131,0.321944,0.321129,0.321129,0.321129,0.321129,0.321129,0.323228,0.321129,0.321129,0.321129,0.321174
670,5490,18033,0.503131,0.321129,12,25,2,0.321129,0.321157,0.321207,0.323825,0.322994,0.329981,0.321129,0.321129,0.321131,0.321944,0.321129,0.321129,0.321129,0.321129,0.321129,0.323228,0.321129,0.321129,0.321129,0.321174
671,5500,18048,0.503131,0.321129,12,25,2,0.321129,0.321157,0.321207,0.323825,0.322994,0.329981,0.321129,0.321129,0.321131,0.321944,0.321129,0.321129,0.321129,0.321129,0.321129,0.323228,0.321129,0.321129,0.321129,0.321174
672,5510,18064,0.503131,0.321129,12,25,2,0.321129,0.321157,0.321207,0.323825,0.322994,0.329981,0.321129,0.321129,0.321131,0.321944,0.321129,0.321129,0.321129,0.321129,0.321129,0.323228,0.321129,0.321129,0.321129,0.321174
673,5520,18121,0.503131,0.321129,12,25,2,0.321129,0.321157,0.321207,0.323825,0.322994,0.329981,0.321129,0.321129,0.321131,0.321944,0.321129,0.321129,0.321129,0.321129,0.321129,0.323228,0.321129,0.321129,0.321129,0.321174
674,5530,18174,0.503131,0.321129,12,25,2,0.321129,0.321157,0.321129,0.323777,0.322994,0.329981,0.321129,0.321129,0.321131,0.321944,0.321129,0.321129,0.321129,0.321129,0.321129,0.323228,0.321129,0.321129,0.321129,0.321174
675,5540,18175,0.503131,0.321129,12,25,2,0.321129,0.321157,0.321129,0.323777,0.322994,0.329981,0.321129,0.321129,0.321131,0.321944,0.321129,0.321129,0.321129,0.321129,0.321129,0.323228,0.321129,0.321129,0.321129,0.321174
676,5550,18183,0.503131,0.321129,12,25,2,0.321129,0.321157,0.321129,0.323777,0.322994,0.329981,0.321129,0.321129,0.321131,0.321944,0.321129,0.321129,0.321129,0.321129,0.321129,0.323228,0.321129,0.321129,0.321129,0.321174
677,5560,18272,0.503131,0.321129,12,25,2,0.321129,0.321157,0.321129,0.323777,0.322994,0.329950,0.321129,0.321129,0.321131,0.321944,0.321129,0.321129,0.321129,0.321129,0.321129,0.323228,0.321129,0.321129,0.321129,0.321174
678,5570,18322,0.503131,0.321129,12,25,2,0.321129,0.321157,0.321129,0.323777,0.322994,0.329950,0.321129,0.321129,0.321131,0.321944,0.321129,0.321129,0.321129,0.321129,0.321129,0.323228,0.321129,0.321129,0.321129,0.321174
679,5580,18402,0.503131,0.321129,12,25,2,0.321129,0.321157,0.321129,0.323777,0.322994,0.329950,0.321129,0.321129,0.321131,0.321944,0.321129,0.321129,0.321129,0.321129,0.321129,0.323228,0.321129,0.321129,0.321129,0.321174
680,5590,18402,0.503131,0.321129,12,25,2,0.321129,0.321157,0.321129,0.323777,0.322994,0.329950,0.321129,0.321129,0.321131,0.321944,0.321129,0.321129,0.321129,0.321129,0.321129,0.323228,0.321129,0.321129,0.321129,0.321174
681,5600,18406,0.503131,0.321129,12,25,2,0.321129,0.321157,0.321129,0.323777,0.322994,0.329950,0.321129,0.321129,0.321131,0.321944,0.321129,0.321129,0.321129,0.321129,0.321129,0.323228,0.321129,0.321129,0.321129,0.321164
682,5610,18424,0.503131,0.321129,12,25,2,0.321129,0.321157,0.321129,0.323777,0.322994,0.329950,0.321129,0.321129,0.321131,0.321944,0.321129,0.321129,0.321129,0.321129,0.321129,0.321990,0.321129,0.321129,0.321129,0.321164
683,5620,18464,0.503131,0.321129,12,25,2,0.321129,0.321157,0.321129,0.323777,0.322994,0.329950,0.321129,0.321129,0.321131,0.321944,0.321129,0.321129,0.321129,0.321129,0.321129,0.321990,0.321129,0.321129,0.321129,0.321164
684,5630,18465,0.503131,0.321129,12,25,2,0.321129,0.321157,0.321129,0.323777,0.322994,0.329950,0.321129,0.321129,0.321131,0.321944,0.321129,0.321129,0.321129,0.321129,0.321129,0.321990,0.321129,0.321129,0.321129,0.321164
685,5640,18514,0.503131,0.321129,12,25,2,0.321129,0.321157,0.321129,0.323753,0.322994,0.329950,0.321129,0.321129,0.321131,0.321944,0.321129,0.321129,0.321129,0.321129,0.321129,0.321990,0.321129,0.321129,0.321129,0.321164
686,5650,18653,0.503131,0.321129,12,25,2,0.321129,0.321157,0.321129,0.323753,0.322994,0.329950,0.321129,0.321129,0.321131,0.321601,0.321129,0.321129,0.321129,0.321129,0.321129,0.321990,0.321129,0.321129,0.321129,0.321164
687,5660,18697,0.503131,0.321129,12,25,2,0.321129,0.321157,0.321129,0.323753,0.322994,0.329950,0.321129,0.321129,0.321131,0.321601,0.321129,0.321129,0.321129,0.321129,0.321129,0.321990,0.321129,0.321129,0.321129,0.321164
688,5670,18758,0.503131,0.321129,12,25,2,0.321129,0.321157,0.321129,0.323753,0.322994,0.329950,0.321129,0.321129,0.321131,0.321601,0.321129,0.321129,0.321129,0.321129,0.321129,0.321990,0.321129,0.321129,0.321129,0.321163
689,5680,18761,0.503131,0.321129,12,25,2,0.321129,0.321157,0.321129,0.323753,0.322994,0.329950,0.321129,0.321129,0.321131,0.321601,0.321129,0.321129,0.321129,0.321129,0.321129,0.321286,0.321129,0.321129,0.321129,0.321163
690,5690,18778,0.503131,0.321129,12,25,2,0.321129,0.321157,0.321129,0.323753,0.322994,0.329950,0.321129,0.321129,0.321131,0.321601,0.321129,0.321129,0.321129,0.321129,0.321129,0.321286,0.321129,0.321129,0.321129,0.321163
691,5700,18829,0.503131,0.321129,12,25,2,0.321129,0.321157,0.321129,0.323753,0.322994,0.329950,0.321129,0.321129,0.321131,0.321601,0.321129,0.321129,0.321129,0.321129,0.321129,0.321286,0.321129,0.321129,0.321129,0.321163
692,5710,18850,0.503131,0.321129,12,25,2,0.321129,0.321157,0.321129,0.323753,0.322994,0.329950,0.321129,0.321129,0.321131,0.321601,0.321129,0.321129,0.321129,0.321129,0.321129,0.321286,0.321129,0.321129,0.321129,0.321163
693,5720,18957,0.503131,0.321129,12,25,2,0.321129,0.321157,0.321129,0.323753,0.322994,0.329950,0.321129,0.321129,0.321131,0.321601,0.321129,0.321129,0.321129,0.321129,0.321129,0.321286,0.321129,0.321129,0.321129,0.321163
694,5730,18966,0.503131,0.321129,12,25,2,0.321129,0.321157,0.321129,0.323753,0.322994,0.329950,0.321129,0.321129,0.321131,0.321601,0.321129,0.321129,0.321129,0.321129,0.321129,0.321286,0.321129,0.321129,0.321129,0.321163
695,5740,19009,0.503131,0.321129,12,25,2,0.321129,0.321157,0.321129,0.323753,0.322994,0.329950,0.321129,0.321129,0.321131,0.321601,0.321129,0.321129,0.321129,0.321129,0.321129,0.321286,0.321129,0.321129,0.321129,0.321163
696,5750,19128,0.503131,0.321129,12,25,2,0.321129,0.321157,0.321129,0.323753,0.322994,0.329950,0.321129,0.321129,0.321131,0.321601,0.321129,0.321129,0.321129,0.321129,0.321129,0.321286,0.321129,0.321129,0.321129,0.321163
697,5760,19151,0.503131,0.321129,12,25,2,0.321129,0.321157,0.321129,0.323753,0.322994,0.329950,0.321129,0.321129,0.321131,0.321243,0.321129,0.321129,0.321129,0.321129,0.321129,0.321286,0.321129,0.321129,0.321129,0.321163
698,5770,19155,0.503131,0.321129,12,25,2,0.321129,0.321154,0.321129,0.323753,0.322994,0.329950,0.321129,0.321129,0.321131,0.321243,0.321129,0.321129,0.321129,0.321129,0.321129,0.321286,0.321129,0.321129,0.321129,0.321163
699,5780,19164,0.503131,0.321129,12,25,2,0.321129,0.321154,0.321129,0.323753,0.322994,0.329950,0.321129,0.321129,0.321131,0.321243,0.321129,0.321129,0.321129,0.321129,0.321129,0.321257,0.321129,0.321129,0.321129,0.321163
700,5790,19178,0.503131,0.321129,12,25,2,0.321129,0.321154,0.321129,0.323753,0.322994,0.329950,0.321129,0.321129,0.321131,0.321243,0.321129,0.321129,0.321129,0.321129,0.321129,0.321257,0.321129,0.321129,0.321129,0.321163
701,5800,19186,0.503131,0.321129,12,25,2,0.321129,0.321154,0.321129,0.323753,0.322994,0.329950,0.321129,0.321129,0.321131,0.321243,0.321129,0.321129,0.321129,0.321129,0.321129,0.321257,0.321129,0.321129,0.321129,0.321163
702,5810,19206,0.503131,0.321129,12,25,2,0.321129,0.321154,0.321129,0.323753,0.322994,0.329950,0.321129,0.321129,0.321131,0.321243,0.321129,0.321129,0.321129,0.321129,0.321129,0.321257,0.321129,0.321129,0.321129,0.321163
703,5820,19385,0.503131,0.321129,12,25,2,0.321129,0.321154,0.321129,0.323753,0.322994,0.329950,0.321129,0.321129,0.321131,0.321243,0.321129,0.321129,0.321129,0.321129,0.321129,0.321257,0.321129,0.321129,0.321129,0.321163
704,5830,19413,0.503131,0.321129,12,25,2,0.321129,0.321154,0.321129,0.323753,0.322994,0.329950,0.321129,0.321129,0.321131,0.321243,0.321129,0.321129,0.321129,0.321129,0.321129,0.321257,0.321129,0.321129,0.321129,0.321161
705,5840,19439,0.503131,0.321129,12,25,2,0.321129,0.321154,0.321129,0.323753,0.322994,0.329950,0.321129,0.321129,0.321131,0.321243,0.321129,0.321129,0.321129,0.321129,0.321129,0.321257,0.321129,0.321129,0.321129,0.321161
706,5850,19458,0.503131,0.321129,12,25,2,0.321129,0.321154,0.321129,0.323753,0.322994,0.329950,0.321129,0.321129,0.321131,0.321243,0.321129,0.321129,0.321129,0.321129,0.321129,0.321257,0.321129,0.321129,0.321129,0.321161
707,5860,19494,0.503131,0.321129,12,25,2,0.321129,0.321154,0.321129,0.323753,0.322994,0.329950,0.321129,0.321129,0.321131,0.321243,0.321129,0.321129,0.321129,0.321129,0.321129,0.321257,0.321129,0.321129,0.321129,0.321161
708,5870,19548,0.503131,0.321129,12,25,2,0.321129,0.321154,0.321129,0.323753,0.322994,0.329950,0.321129,0.321129,0.321131,0.321243,0.321129,0.321129,0.321129,0.321129,0.321129,0.321257,0.321129,0.321129,0.321129,0.321161
709,5880,19552,0.503131,0.321129,12,25,2,0.321129,0.321154,0.321129,0.323753,0.322994,0.329950,0.321129,0.321129,0.321131,0.321243,0.321129,0.321129,0.321129,0.321129,0.321129,0.321257,0.321129,0.321129,0.321129,0.321161
710,5890,19568,0.503131,0.321129,12,25,2,0.321129,0.321154,0.321129,0.323753,0.322994,0.329950,0.321129,0.321129,0.321131,0.321219,0.321129,0.321129,0.321129,0.321129,0.321129,0.321257,0.321129,0.321129,0.321129,0.321161
711,5900,19646,0.503131,0.321129,12,25,2,0.321129,0.321154,0.321129,0.323753,0.321320,0.329950,0.321129,0.321129,0.321131,0.321219,0.321129,0.321129,0.321129,0.321129,0.321129,0.321257,0.321129,0.321129,0.321129,0.321161
712,5910,19664,0.503131,0.321129,12,25,2,0.321129,0.321154,0.321129,0.323753,0.321320,0.329950,0.321129,0.321129,0.321131,0.321219,0.321129,0.321129,0.321129,0.321129,0.321129,0.321257,0.321129,0.321129,0.321129,0.321161
713,5920,19816,0.503131,0.321129,12,25,2,0.321129,0.321154,0.321129,0.323753,0.321320,0.329950,0.321129,0.321129,0.321131,0.321219,0.321129,0.321129,0.321129,0.321129,0.321129,0.321257,0.321129,0.321129,0.321129,0.321161
714,5930,19827,0.503131,0.321129,12,25,2,0.321129,0.321154,0.321129,0.323753,0.321320,0.329950,0.321129,0.321129,0.321131,0.321219,0.321129,0.321129,0.321129,0.321129,0.321129,0.321257,0.321129,0.321129,0.321129,0.321161
715,5940,19828,0.503131,0.321129,12,25,2,0.321129,0.321154,0.321129,0.323753,0.321320,0.329950,0.321129,0.321129,0.321131,0.321219,0.321129,0.321129,0.321129,0.321129,0.321129,0.321257,0.321129,0.321129,0.321129,0.321161
716,5950,19874,0.503131,0.321129,12,25,2,0.321129,0.321154,0.321129,0.323753,0.321320,0.329950,0.321129,0.321129,0.321131,0.321219,0.321129,0.321129,0.321129,0.321129,0.321129,0.321257,0.321129,0.321129,0.321129,0.321161
717,5960,19880,0.503131,0.321129,12,25,2,0.321129,0.321154,0.321129,0.323753,0.321320,0.329950,0.321129,0.321129,0.321131,0.321219,0.321129,0.321129,0.321129,0.321129,0.321129,0.321257,0.321129,0.321129,0.321129,0.321161
718,5970,19905,0.503131,0.321129,12,25,2,0.321129,0.321154,0.321129,0.323753,0.321320,0.329950,0.321129,0.321129,0.321131,0.321219,0.321129,0.321129,0.321129,0.321129,0.321129,0.321257,0.321129,0.321129,0.321129,0.321161
719,5980,19987,0.503131,0.321129,12,25,2,0.321129,0.321154,0.321129,0.323753,0.321320,0.329950,0.321129,0.321129,0.321131,0.321219,0.321129,0.321129,0.321129,0.321129,0.321129,0.321257,0.321129,0.321129,0.321129,0.321161
720,5990,20014,0.503131,0.321129,12,25,2,0.321129,0.321154,0.321129,0.323753,0.321320,0.329950,0.321129,0.321129,0.321131,0.321219,0.321129,0.321129,0.321129,0.321129,0.321129,0.321257,0.321129,0.321129,0.321129,0.321161
721,6000,20066,0.503131,0.321129,12,25,2,0.321129,0.321154,0.321129,0.323753,0.321320,0.329950,0.321129,0.321129,0.321131,0.321190,0.321129,0.321129,0.321129,0.321129,0.321129,0.321257,0.321129,0.321129,0.321129,0.321161
722,6010,20120,0.503131,0.321129,12,25,2,0.321129,0.321154,0.321129,0.323753,0.321320,0.329950,0.321129,0.321129,0.321131,0.321190,0.321129,0.321129,0.321129,0.321129,0.321129,0.321257,0.321129,0.321129,0.321129,0.321161
723,6020,20164,0.503131,0.321129,12,25,2,0.321129,0.321154,0.321129,0.323753,0.321320,0.329950,0.321129,0.321129,0.321131,0.321190,0.321129,0.321129,0.321129,0.321129,0.321129,0.321257,0.321129,0.321129,0.321129,0.321161
724,6030,20210,0.503131,0.321129,12,25,2,0.321129,0.321154,0.321129,0.323753,0.321320,0.329950,0.321129,0.321129,0.321131,0.321190,0.321129,0.321129,0.321129,0.321129,0.321129,0.321257,0.321129,0.321129,0.321129,0.321161
725,6040,20223,0.503131,0.321129,12,25,2,0.321129,0.321154,0.321129,0.323753,0.321320,0.329950,0.321129,0.321129,0.321131,0.321190,0.321129,0.321129,0.321129,0.321129,0.321129,0.321257,0.321129,0.321129,0.321129,0.321155
726,6050,20227,0.503131,0.321129,12,25,2,0.321129,0.321154,0.321129,0.323753,0.321320,0.329950,0.321129,0.321129,0.321131,0.321190,0.321129,0.321129,0.321129,0.321129,0.321129,0.321257,0.321129,0.321129,0.321129,0.321155
727,6060,20297,0.503131,0.321129,12,25,2,0.321129,0.321154,0.321129,0.323753,0.321320,0.329950,0.321129,0.321129,0.321131,0.321190,0.321129,0.321129,0.321129,0.321129,0.321129,0.321257,0.321129,0.321129,0.321129,0.321155
728,6070,20304,0.503131,0.321129,12,25,2,0.321129,0.321154,0.321129,0.323753,0.321320,0.329950,0.321129,0.321129,0.321131,0.321190,0.321129,0.321129,0.321129,0.321129,0.321129,0.321257,0.321129,0.321129,0.321129,0.321155
729,6080,20317,0.503131,0.321129,12,25,2,0.321129,0.321154,0.321129,0.323753,0.321320,0.329950,0.321129,0.321129,0.321131,0.321190,0.321129,0.321129,0.321129,0.321129,0.321129,0.321257,0.321129,0.321129,0.321129,0.321155
730,6090,20379,0.503131,0.321129,12,25,2,0.321129,0.321154,0.321129,0.323753,0.321320,0.329932,0.321129,0.321129,0.321131,0.321190,0.321129,0.321129,0.321129,0.321129,0.321129,0.321257,0.321129,0.321129,0.321129,0.321155
731,6100,20536,0.503131,0.321129,12,25,2,0.321129,0.321154,0.321129,0.323753,0.321320,0.329932,0.321129,0.321129,0.321131,0.321190,0.321129,0.321129,0.321129,0.321129,0.321129,0.321257,0.321129,0.321129,0.321129,0.321155
732,6110,20542,0.503131,0.321129,12,25,2,0.321129,0.321154,0.321129,0.323753,0.321320,0.329932,0.321129,0.321129,0.321131,0.321190,0.321129,0.321129,0.321129,0.321129,0.321129,0.321257,0.321129,0.321129,0.321129,0.321155
733,6120,20569,0.503131,0.321129,12,25,2,0.321129,0.321154,0.321129,0.323753,0.321320,0.329932,0.321129,0.321129,0.321131,0.321190,0.321129,0.321129,0.321129,0.321129,0.321129,0.321257,0.321129,0.321129,0.321129,0.321155
734,6130,20579,0.503131,0.321129,12,25,2,0.321129,0.321154,0.321129,0.323753,0.321320,0.329932,0.321129,0.321129,0.321131,0.321190,0.321129,0.321129,0.321129,0.321129,0.321129,0.321227,0.321129,0.321129,0.321129,0.321155
735,6140,20604,0.503131,0.321129,12,25,2,0.321129,0.321154,0.321129,0.323753,0.321320,0.329932,0.321129,0.321129,0.321131,0.321190,0.321129,0.321129,0.321129,0.321129,0.321129,0.321227,0.321129,0.321129,0.321129,0.321155
736,6150,20698,0.503131,0.321129,12,25,2,0.321129,0.321154,0.321129,0.323753,0.321320,0.329932,0.321129,0.321129,0.321131,0.321190,0.321129,0.321129,0.321129,0.321129,0.321129,0.321227,0.321129,0.321129,0.321129,0.321155
737,6160,20722,0.503131,0.321129,12,25,2,0.321129,0.321154,0.321129,0.323753,0.321320,0.329932,0.321129,0.321129,0.321131,0.321190,0.321129,0.321129,0.321129,0.321129,0.321129,0.321227,0.321129,0.321129,0.321129,0.321155
738,6170,20757,0.503131,0.321129,12,25,2,0.321129,0.321154,0.321129,0.323753,0.321320,0.329932,0.321129,0.321129,0.321131,0.321190,0.321129,0.321129,0.321129,0.321129,0.321129,0.321227,0.321129,0.321129,0.321129,0.321155
739,6180,20790,0.503131,0.321129,12,25,2,0.321129,0.321154,0.321129,0.323753,0.321320,0.329932,0.321129,0.321129,0.321131,0.321190,0.321129,0.321129,0.321129,0.321129,0.321129,0.321227,0.321129,0.321129,0.321129,0.321155
740,6190,20834,0.503131,0.321129,12,25,2,0.321129,0.321154,0.321129,0.323753,0.321320,0.329932,0.321129,0.321129,0.321131,0.321189,0.321129,0.321129,0.321129,0.321129,0.321129,0.321227,0.321129,0.321129,0.321129,0.321155
741,6200,20934,0.503131,0.321129,12,25,2,0.321129,0.321154,0.321129,0.323753,0.321320,0.329932,0.321129,0.321129,0.321131,0.321189,0.321129,0.321129,0.321129,0.321129,0.321129,0.321227,0.321129,0.321129,0.321129,0.321155
742,6210,20944,0.503131,0.321129,12,25,2,0.321129,0.321154,0.321129,0.323753,0.321320,0.329932,0.321129,0.321129,0.321131,0.321189,0.321129,0.321129,0.321129,0.321129,0.321129,0.321216,0.321129,0.321129,0.321129,0.321155
743,6220,20995,0.503131,0.321129,12,25,2,0.321129,0.321154,0.321129,0.323753,0.321320,0.329932,0.321129,0.321129,0.321131,0.321189,0.321129,0.321129,0.321129,0.321129,0.321129,0.321216,0.321129,0.321129,0.321129,0.321155
744,6230,21012,0.503131,0.321129,12,25,2,0.321129,0.321154,0.321129,0.323753,0.321320,0.329932,0.321129,0.321129,0.321131,0.321189,0.321129,0.321129,0.321129,0.321129,0.321129,0.321216,0.321129,0.321129,0.321129,0.321155
745,6240,21031,0.503131,0.321129,12,25,2,0.321129,0.321151,0.321129,0.323753,0.321320,0.329932,0.321129,0.321129,0.321131,0.321189,0.321129,0.321129,0.321129,0.321129,0.321129,0.321216,0.321129,0.321129,0.321129,0.321155
746,6250,21040,0.503131,0.321129,12,25,2,0.321129,0.321151,0.321129,0.323753,0.321320,0.329932,0.321129,0.321129,0.321131,0.321189,0.321129,0.321129,0.321129,0.321129,0.321129,0.321216,0.321129,0.321129,0.321129,0.321155
747,6260,21118,0.503131,0.321129,12,25,2,0.321129,0.321151,0.321129,0.323753,0.321320,0.329932,0.321129,0.321129,0.321131,0.321189,0.321129,0.321129,0.321129,0.321129,0.321129,0.321216,0.321129,0.321129,0.321129,0.321155
748,6270,21145,0.503131,0.321129,12,25,2,0.321129,0.321151,0.321129,0.323753,0.321320,0.329932,0.321129,0.321129,0.321131,0.321189,0.321129,0.321129,0.321129,0.321129,0.321129,0.321216,0.321129,0.321129,0.321129,0.321155
749,6280,21166,0.503131,0.321129,12,25,2,0.321129,0.321151,0.321129,0.323753,0.321320,0.329932,0.321129,0.321129,0.321131,0.321189,0.321129,0.321129,0.321129,0.321129,0.321129,0.321216,0.321129,0.321129,0.321129,0.321155
750,6290,21289,0.503131,0.321129,12,25,2,0.321129,0.321151,0.321129,0.323753,0.321320,0.329932,0.321129,0.321129,0.321131,0.321163,0.321129,0.321129,0.321129,0.321129,0.321129,0.321216,0.321129,0.321129,0.321129,0.321155
751,6300,21337,0.503131,0.321129,12,25,2,0.321129,0.321151,0.321129,0.323753,0.321320,0.329932,0.321129,0.321129,0.321131,0.321163,0.321129,0.321129,0.321129,0.321129,0.321129,0.321216,0.321129,0.321129,0.321129,0.321155
752,6310,21384,0.503131,0.321129,12,25,2,0.321129,0.321151,0.321129,0.323753,0.321320,0.329932,0.321129,0.321129,0.321131,0.321163,0.321129,0.321129,0.321129,0.321129,0.321129,0.321216,0.321129,0.321129,0.321129,0.321151
753,6320,21388,0.503131,0.321129,12,25,2,0.321129,0.321151,0.321129,0.323753,0.321320,0.329932,0.321129,0.321129,0.321131,0.321163,0.321129,0.321129,0.321129,0.321129,0.321129,0.321216,0.321129,0.321129,0.321129,0.321151
754,6330,21433,0.503131,0.321129,12,25,2,0.321129,0.321151,0.321129,0.323753,0.321320,0.329932,0.321129,0.321129,0.321131,0.321163,0.321129,0.321129,0.321129,0.321129,0.321129,0.321216,0.321129,0.321129,0.321129,0.321151
755,6340,21478,0.503131,0.321129,12,25,2,0.321129,0.321151,0.321129,0.323753,0.321320,0.329932,0.321129,0.321129,0.321131,0.321163,0.321129,0.321129,0.321129,0.321129,0.321129,0.321216,0.321129,0.321129,0.321129,0.321151
756,6350,21539,0.503131,0.321129,12,25,3,0.321129,0.321151,0.321129,0.323753,0.321320,0.329932,0.321129,0.321129,0.321131,0.321163,0.321129,0.321129,0.321129,0.321129,0.321129,0.321216,0.321129,0.321129,0.321129,0.321151
757,6360,21585,0.503131,0.321129,12,25,3,0.321129,0.321151,0.321129,0.323753,0.321320,0.329932,0.321129,0.321129,0.321131,0.321163,0.321129,0.321129,0.321129,0.321129,0.321129,0.321216,0.321129,0.321129,0.321129,0.321151
758,6370,21595,0.503131,0.321129,12,25,3,0.321129,0.321151,0.321129,0.323352,0.321320,0.329932,0.321129,0.321129,0.321131,0.321163,0.321129,0.321129,0.321129,0.321129,0.321129,0.321216,0.321129,0.321129,0.321129,0.321151
759,6380,21688,0.503131,0.321129,12,25,3,0.321129,0.321151,0.321129,0.323352,0.321320,0.329932,0.321129,0.321129,0.321131,0.321163,0.321129,0.321129,0.321129,0.321129,0.321129,0.321216,0.321129,0.321129,0.321129,0.321151
760,6390,21693,0.503131,0.321129,12,25,3,0.321129,0.321151,0.321129,0.323352,0.321320,0.329932,0.321129,0.321129,0.321131,0.321163,0.321129,0.321129,0.321129,0.321129,0.321129,0.321216,0.321129,0.321129,0.321129,0.321151
761,6400,21697,0.503131,0.321129,12,25,3,0.321129,0.321151,0.321129,0.323352,0.321320,0.329932,0.321129,0.321129,0.321131,0.321163,0.321129,0.321129,0.321129,0.321129,0.321129,0.321216,0.321129,0.321129,0.321129,0.321151
762,6410,21784,0.503131,0.321129,12,25,3,0.321129,0.321151,0.321129,0.323352,0.321320,0.329932,0.321129,0.321129,0.321131,0.321163,0.321129,0.321129,0.321129,0.321129,0.321129,0.321216,0.321129,0.321129,0.321129,0.321151
763,6420,21842,0.503131,0.321129,12,25,3,0.321129,0.321151,0.321129,0.323352,0.321320,0.329932,0.321129,0.321129,0.321131,0.321163,0.321129,0.321129,0.321129,0.321129,0.321129,0.321216,0.321129,0.321129,0.321129,0.321151
764,6430,21880,0.503131,0.321129,12,25,3,0.321129,0.321151,0.321129,0.323352,0.321320,0.329932,0.321129,0.321129,0.321131,0.321163,0.321129,0.321129,0.321129,0.321129,0.321129,0.321216,0.321129,0.321129,0.321129,0.321151
765,6440,21886,0.503131,0.321129,12,25,3,0.321129,0.321151,0.321129,0.323352,0.321320,0.329932,0.321129,0.321129,0.321131,0.321163,0.321129,0.321129,0.321129,0.321129,0.321129,0.321216,0.321129,0.321129,0.321129,0.321151
766,6450,21896,0.503131,0.321129,12,25,3,0.321129,0.321151,0.321129,0.323352,0.321320,0.329932,0.321129,0.321129,0.321131,0.321163,0.321129,0.321129,0.321129,0.321129,0.321129,0.321216,0.321129,0.321129,0.321129,0.321151
767,6460,21950,0.503131,0.321129,12,25,3,0.321129,0.321151,0.321129,0.323352,0.321320,0.329932,0.321129,0.321129,0.321131,0.321146,0.321129,0.321129,0.321129,0.321129,0.321129,0.321216,0.321129,0.321129,0.321129,0.321151
768,6470,22009,0.503131,0.321129,12,25,3,0.321129,0.321151,0.321129,0.323352,0.321320,0.329932,0.321129,0.321129,0.321131,0.321146,0.321129,0.321129,0.321129,0.321129,0.321129,0.321216,0.321129,0.321129,0.321129,0.321151
769,6480,22088,0.503131,0.321129,12,25,3,0.321129,0.321151,0.321129,0.323352,0.321320,0.329932,0.321129,0.321129,0.321131,0.321146,0.321129,0.321129,0.321129,0.321129,0.321129,0.321216,0.321129,0.321129,0.321129,0.321151
770,6490,22108,0.503131,0.321129,12,25,3,0.321129,0.321151,0.321129,0.323352,0.321320,0.329932,0.321129,0.321129,0.321131,0.321146,0.321129,0.321129,0.321129,0.321129,0.321129,0.321216,0.321129,0.321129,0.321129,0.321151
771,6500,22122,0.503131,0.321129,12,25,3,0.321129,0.321151,0.321129,0.323352,0.321320,0.329932,0.321129,0.321129,0.321131,0.321146,0.321129,0.321129,0.321129,0.321129,0.321129,0.321216,0.321129,0.321129,0.321129,0.321151
772,6510,22146,0.503131,0.321129,12,25,3,0.321129,0.321151,0.321129,0.323352,0.321320,0.329932,0.321129,0.321129,0.321131,0.321146,0.321129,0.321129,0.321129,0.321129,0.321129,0.321216,0.321129,0.321129,0.321129,0.321151
773,6520,22226,0.503131,0.321129,12,25,3,0.321129,0.321151,0.321129,0.323352,0.321320,0.329932,0.321129,0.321129,0.321131,0.321146,0.321129,0.321129,0.321129,0.321129,0.321129,0.321216,0.321129,0.321129,0.321129,0.321151
774,6530,22254,0.503131,0.321129,12,25,3,0.321129,0.321151,0.321129,0.323352,0.321320,0.329932,0.321129,0.321129,0.321131,0.321146,0.321129,0.321129,0.321129,0.321129,0.321129,0.321216,0.321129,0.321129,0.321129,0.321151
775,6540,22362,0.503131,0.321129,12,25,3,0.321129,0.321151,0.321129,0.323352,0.321320,0.329932,0.321129,0.321129,0.321131,0.321146,0.321129,0.321129,0.321129,0.321129,0.321129,0.321216,0.321129,0.321129,0.321129,0.321151
776,6550,22365,0.503131,0.321129,12,25,3,0.321129,0.321151,0.321129,0.323352,0.321320,0.329932,0.321129,0.321129,0.321131,0.321146,0.321129,0.321129,0.321129,0.321129,0.321129,0.321216,0.321129,0.321129,0.321129,0.321151
777,6560,22387,0.503131,0.321129,12,25,3,0.321129,0.321151,0.321129,0.323352,0.321320,0.329932,0.321129,0.321129,0.321131,0.321146,0.321129,0.321129,0.321129,0.321129,0.321129,0.321216,0.321129,0.321129,0.321129,0.321151
778,6570,22487,0.503131,0.321129,12,25,3,0.321129,0.321151,0.321129,0.323352,0.321320,0.329932,0.321129,0.321129,0.321131,0.321146,0.321129,0.321129,0.321129,0.321129,0.321129,0.321152,0.321129,0.321129,0.321129,0.321151
779,6580,22493,0.503131,0.321129,12,25,3,0.321129,0.321151,0.321129,0.323352,0.321320,0.329932,0.321129,0.321129,0.321131,0.321146,0.321129,0.321129,0.321129,0.321129,0.321129,0.321152,0.321129,0.321129,0.321129,0.321151
780,6590,22516,0.503131,0.321129,12,25,3,0.321129,0.321151,0.321129,0.323352,0.321320,0.329932,0.321129,0.321129,0.321131,0.321146,0.321129,0.321129,0.321129,0.321129,0.321129,0.321152,0.321129,0.321129,0.321129,0.321151
781,6600,22579,0.503131,0.321129,12,25,3,0.321129,0.321151,0.321129,0.323352,0.321320,0.329932,0.321129,0.321129,0.321131,0.321146,0.321129,0.321129,0.321129,0.321129,0.321129,0.321152,0.321129,0.321129,0.321129,0.321151
782,6610,22593,0.503131,0.321129,12,25,3,0.321129,0.321151,0.321129,0.323352,0.321320,0.329932,0.321129,0.321129,0.321131,0.321146,0.321129,0.321129,0.321129,0.321129,0.321129,0.321152,0.321129,0.321129,0.321129,0.321151
783,6620,22614,0.503131,0.321129,12,25,3,0.321129,0.321151,0.321129,0.323352,0.321320,0.329932,0.321129,0.321129,0.321131,0.321146,0.321129,0.321129,0.321129,0.321129,0.321129,0.321152,0.321129,0.321129,0.321129,0.321150
784,6630,22643,0.503131,0.321129,12,25,3,0.321129,0.321151,0.321129,0.323352,0.321320,0.329932,0.321129,0.321129,0.321131,0.321146,0.321129,0.321129,0.321129,0.321129,0.321129,0.321152,0.321129,0.321129,0.321129,0.321150
785,6640,22656,0.503131,0.321129,12,25,3,0.321129,0.321151,0.321129,0.323352,0.321320,0.329932,0.321129,0.321129,0.321131,0.321146,0.321129,0.321129,0.321129,0.321129,0.321129,0.321152,0.321129,0.321129,0.321129,0.321150
786,6650,22728,0.503131,0.321129,12,25,3,0.321129,0.321151,0.321129,0.323352,0.321320,0.329932,0.321129,0.321129,0.321131,0.321146,0.321129,0.321129,0.321129,0.321129,0.321129,0.321152,0.321129,0.321129,0.321129,0.321150
787,6660,22807,0.503131,0.321129,12,25,3,0.321129,0.321151,0.321129,0.323352,0.321320,0.329932,0.321129,0.321129,0.321131,0.321146,0.321129,0.321129,0.321129,0.321129,0.321129,0.321152,0.321129,0.321129,0.321129,0.321150
788,6670,22851,0.503131,0.321129,12,25,3,0.321129,0.321151,0.321129,0.323352,0.321320,0.329932,0.321129,0.321129,0.321131,0.321146,0.321129,0.321129,0.321129,0.321129,0.321129,0.321152,0.321129,0.321129,0.321129,0.321150
789,6680,22853,0.503131,0.321129,12,25,3,0.321129,0.321151,0.321129,0.323352,0.321320,0.329932,0.321129,0.321129,0.321131,0.321146,0.321129,0.321129,0.321129,0.321129,0.321129,0.321130,0.321129,0.321129,0.321129,0.321150
790,6690,22866,0.503131,0.321129,12,25,3,0.321129,0.321151,0.321129,0.323352,0.321320,0.329932,0.321129,0.321129,0.321131,0.321146,0.321129,0.321129,0.321129,0.321129,0.321129,0.321130,0.321129,0.321129,0.321129,0.321150
791,6700,22873,0.503131,0.321129,12,25,3,0.321129,0.321151,0.321129,0.323352,0.321320,0.329932,0.321129,0.321129,0.321131,0.321146,0.321129,0.321129,0.321129,0.321129,0.321129,0.321130,0.321129,0.321129,0.321129,0.321150
792,6710,22927,0.503131,0.321129,12,25,3,0.321129,0.321151,0.321129,0.323345,0.321320,0.329932,0.321129,0.321129,0.321131,0.321146,0.321129,0.321129,0.321129,0.321129,0.321129,0.321130,0.321129,0.321129,0.321129,0.321150
793,6720,23033,0.503131,0.321129,12,25,3,0.321129,0.321151,0.321129,0.323345,0.321320,0.329923,0.321129,0.321129,0.321131,0.321146,0.321129,0.321129,0.321129,0.321129,0.321129,0.321130,0.321129,0.321129,0.321129,0.321150
794,6730,23116,0.503131,0.321129,12,25,3,0.321129,0.321151,0.321129,0.323345,0.321320,0.329923,0.321129,0.321129,0.321131,0.321145,0.321129,0.321129,0.321129,0.321129,0.321129,0.321130,0.321129,0.321129,0.321129,0.321150
795,6740,23129,0.503131,0.321129,12,25,3,0.321129,0.321151,0.321129,0.323345,0.321320,0.329923,0.321129,0.321129,0.321131,0.321145,0.321129,0.321129,0.321129,0.321129,0.321129,0.321130,0.321129,0.321129,0.321129,0.321150
796,6750,23184,0.503131,0.321129,12,25,3,0.321129,0.321151,0.321129,0.323345,0.321320,0.329923,0.321129,0.321129,0.321131,0.321145,0.321129,0.321129,0.321129,0.321129,0.321129,0.321130,0.321129,0.321129,0.321129,0.321150
797,6760,23236,0.503131,0.321129,12,25,3,0.321129,0.321151,0.321129,0.323345,0.321320,0.329923,0.321129,0.321129,0.321131,0.321145,0.321129,0.321129,0.321129,0.321129,0.321129,0.321130,0.321129,0.321129,0.321129,0.321150
798,6770,23265,0.503131,0.321129,12,25,3,0.321129,0.321151,0.321129,0.323345,0.321320,0.329923,0.321129,0.321129,0.321131,0.321145,0.321129,0.321129,0.321129,0.321129,0.321129,0.321130,0.321129,0.321129,0.321129,0.321150
799,6780,23307,0.503131,0.321129,12,25,3,0.321129,0.321151,0.321129,0.323345,0.321320,0.329923,0.321129,0.321129,0.321131,0.321145,0.321129,0.321129,0.321129,0.321129,0.321129,0.321130,0.321129,0.321129,0.321129,0.321142
800,6790,23315,0.503131,0.321129,12,25,3,0.321129,0.321137,0.321129,0.323345,0.321320,0.329923,0.321129,0.321129,0.321131,0.321145,0.321129,0.321129,0.321129,0.321129,0.321129,0.321130,0.321129,0.321129,0.321129,0.321142
801,6800,23320,0.503131,0.321129,12,25,3,0.321129,0.321137,0.321129,0.323345,10000000.000000,10000000.000000,0.321129,0.321129,0.321131,0.321145,0.321129,0.321129,0.321129,0.321129,0.321129,0.321130,0.321129,0.321129,0.321129,0.321142
802,6810,23372,0.503131,0.321129,12,25,3,0.321129,0.321137,0.321129,0.323032,10000000.000000,10000000.000000,0.321129,0.321129,0.321131,0.321145,0.321129,0.321129,0.321129,0.321129,0.321129,0.321130,0.321129,0.321129,0.321129,0.321142
803,6820,23376,0.503131,0.321129,12,25,3,0.321129,0.321137,0.321129,0.323032,10000000.000000,10000000.000000,0.321129,0.321129,0.321131,0.321145,0.321129,0.321129,0.321129,0.321129,0.321129,0.321130,0.321129,0.321129,0.321129,0.321142
804,6830,23501,0.503131,0.321129,12,25,3,0.321129,0.321137,0.321129,0.323032,10000000.000000,10000000.000000,0.321129,0.321129,0.321131,0.321144,0.321129,0.321129,0.321129,0.321129,0.321129,0.321130,0.321129,0.321129,0.321129,0.321142
805,6840,23538,0.503131,0.321129,12,25,3,0.321129,0.321137,0.321129,0.323032,10000000.000000,10000000.000000,0.321129,0.321129,0.321131,0.321144,0.321129,0.321129,0.321129,0.321129,0.321129,0.321130,0.321129,0.321129,0.321129,0.321142
806,6850,23574,0.503131,0.321129,12,25,3,0.321129,0.321137,0.321129,0.323032,10000000.000000,10000000.000000,0.321129,0.321129,0.321131,0.321144,0.321129,0.321129,0.321129,0.321129,0.321129,0.321130,0.321129,0.321129,0.321129,0.321142
807,6860,23599,0.503131,0.321129,12,25,3,0.321129,0.321137,0.321129,0.323032,10000000.000000,10000000.000000,0.321129,0.321129,0.321131,0.321144,0.321129,0.321129,0.321129,0.321129,0.321129,0.321130,0.321129,0.321129,0.321129,0.321141
808,6870,23636,0.503131,0.321129,12,25,3,0.321129,0.321135,0.321129,0.323032,10000000.000000,10000000.000000,0.321129,0.321129,0.321131,0.321144,0.321129,0.321129,0.321129,0.321129,0.321129,0.321130,0.321129,0.321129,0.321129,0.321141
809,6880,23710,0.503131,0.321129,12,25,3,0.321129,0.321135,0.321129,0.323032,10000000.000000,10000000.000000,0.321129,0.321129,0.321131,0.321144,0.321129,0.321129,0.321129,0.321129,0.321129,0.321130,0.321129,0.321129,0.321129,0.321141
810,6890,23769,0.503131,0.321129,12,25,3,0.321129,0.321135,0.321129,0.323032,10000000.000000,10000000.000000,0.321129,0.321129,0.321131,0.321144,0.321129,0.321129,0.321129,0.321129,0.321129,0.321130,0.321129,0.321129,0.321129,0.321141
811,6900,23775,0.503131,0.321129,12,25,3,0.321129,0.321135,0.321129,0.323032,10000000.000000,10000000.000000,0.321129,0.321129,0.321131,0.321144,0.321129,0.321129,0.321129,0.321129,0.321129,0.321130,0.321129,0.321129,0.321129,0.321141
812,6910,23786,0.503131,0.321129,12,25,3,0.321129,0.321135,0.321129,0.323032,10000000.000000,10000000.000000,0.321129,0.321129,0.321131,0.321144,0.321129,0.321129,0.321129,0.321129,0.321129,0.321130,0.321129,0.321129,0.321129,0.321141
813,6920,23872,0.503131,0.321129,12,25,3,0.321129,0.321135,0.321129,0.323032,10000000.000000,10000000.000000,0.321129,0.321129,0.321131,0.321144,0.321129,0.321129,0.321129,0.321129,0.321129,0.321130,0.321129,0.321129,0.321129,0.321141
814,6930,23967,0.503131,0.321129,12,25,3,0.321129,0.321135,0.321129,0.323032,0.321129,0.321129,0.321129,0.321129,0.321131,0.321144,0.321129,0.321129,0.321129,0.321129,0.321129,0.321130,0.321129,0.321129,0.321129,0.321141
815,6940,24008,0.503131,0.321129,12,25,3,0.321129,0.321135,0.321129,0.323032,0.321129,0.321129,0.321129,0.321129,0.321131,0.321144,0.321129,0.321129,0.321129,0.321129,0.321129,0.321130,0.321129,0.321129,0.321129,0.321141
816,6950,24009,0.503131,0.321129,12,25,3,0.321129,0.321135,0.321129,0.323032,0.321129,0.321129,0.321129,0.321129,0.321131,0.321144,0.321129,0.321129,0.321129,0.321129,0.321129,0.321130,0.321129,0.321129,0.321129,0.321141
817,6960,24062,0.503131,0.321129,12,25,3,0.321129,0.321135,0.321129,0.323032,0.321129,0.321129,0.321129,0.321129,0.321131,0.321144,0.321129,0.321129,0.321129,0.321129,0.321129,0.321129,0.321129,0.321129,0.321129,0.321141
818,6970,24068,0.503131,0.321129,12,25,3,0.321129,0.321132,0.321129,0.323032,0.321129,0.321129,0.321129,0.321129,0.321131,0.321144,0.321129,0.321129,0.321129,0.321129,0.321129,0.321129,0.321129,0.321129,0.321129,0.321141
819,6980,24130,0.503131,0.321129,12,25,3,0.321129,0.321132,0.321129,0.323032,0.321129,0.321129,0.321129,0.321129,0.321131,0.321144,0.321129,0.321129,0.321129,0.321129,0.321129,0.321129,0.321129,0.321129,0.321129,0.321141
820,6990,24174,0.503131,0.321129,12,25,2,0.321129,0.321132,0.321129,0.323032,0.321129,0.321129,0.321129,0.321129,0.321131,0.321144,0.321129,0.321129,0.321129,0.321129,0.321129,0.321129,0.321129,0.321129,0.321129,0.321141
821,7000,24174,0.503131,0.321129,12,25,2,0.321129,0.321132,0.321129,0.322970,0.321129,0.321129,0.321129,0.321129,0.321131,0.321144,0.321129,0.321129,0.321129,0.321129,0.321129,0.321129,0.321129,0.321129,0.321129,0.321141
822,7010,24309,0.503131,0.321129,12,25,2,0.321129,0.321132,0.321129,0.322970,0.321129,0.321129,0.321129,0.321129,0.321131,0.321144,0.321129,0.321129,0.321129,0.321129,0.321129,0.321129,0.321129,0.321129,0.321129,0.321141
823,7020,24321,0.503131,0.321129,12,25,2,0.321129,0.321132,0.321129,0.322970,0.321129,0.321129,0.321129,0.321129,0.321131,0.321144,0.321129,0.321129,0.321129,0.321129,0.321129,0.321129,0.321129,0.321129,0.321129,0.321141
824,7030,24344,0.503131,0.321129,12,25,2,0.321129,0.321132,0.321129,0.322970,0.321129,0.321129,0.321129,0.321129,0.321131,0.321144,0.321129,0.321129,0.321129,0.321129,0.321129,0.321129,0.321129,0.321129,0.321129,0.321141
825,7040,24401,0.503131,0.321129,12,25,2,0.321129,0.321132,0.321129,0.322970,0.321129,0.321129,0.321129,0.321129,0.321131,0.321144,0.321129,0.321129,0.321129,0.321129,0.321129,0.321129,0.321129,0.321129,0.321129,0.321141
826,7050,24471,0.503131,0.321129,12,25,2,0.321129,0.321132,0.321129,0.322970,0.321129,0.321129,0.321129,0.321129,0.321131,0.321144,0.321129,0.321129,0.321129,0.321129,0.321129,0.321129,0.321129,0.321129,0.321129,0.321141
827,7060,24544,0.503131,0.321129,12,25,2,0.321129,0.321132,0.321129,0.322970,0.321129,0.321129,0.321129,0.321129,0.321131,0.321144,0.321129,0.321129,0.321129,0.321129,0.321129,0.321129,0.321129,0.321129,0.321129,0.321141
828,7070,24547,0.503131,0.321129,12,25,2,0.321129,0.321130,0.321129,0.322970,0.321129,0.321129,0.321129,0.321129,0.321131,0.321144,0.321129,0.321129,0.321129,0.321129,0.321129,0.321129,0.321129,0.321129,0.321129,0.321141
829,7080,24557,0.503131,0.321129,12,25,2,0.321129,0.321130,0.321129,0.322970,0.321129,0.321129,0.321129,0.321129,0.321131,0.321144,0.321129,0.321129,0.321129,0.321129,0.321129,0.321129,0.321129,0.321129,0.321129,0.321137
830,7090,24575,0.503131,0.321129,12,25,2,0.321129,0.321130,0.321129,0.322970,0.321129,0.321129,0.321129,0.321129,0.321131,0.321144,0.321129,0.321129,0.321129,0.321129,0.321129,0.321129,0.321129,0.321129,0.321129,0.321137
831,7100,24602,0.503131,0.321129,12,25,2,0.321129,0.321130,0.321129,0.322066,0.321129,0.321129,0.321129,0.321129,0.321131,0.321144,0.321129,0.321129,0.321129,0.321129,0.321129,0.321129,0.321129,0.321129,0.321129,0.321137
832,7110,24730,0.503131,0.321129,12,25,2,0.321129,0.321130,0.321129,0.322066,0.321129,0.321129,0.321129,0.321129,0.321131,0.321137,0.321129,0.321129,0.321129,0.321129,0.321129,0.321129,0.321129,0.321129,0.321129,0.321137
833,7120,24798,0.503131,0.321129,12,25,2,0.321129,0.321130,0.321129,0.322066,0.321129,0.321129,0.321129,0.321129,0.321131,0.321137,0.321129,0.321129,0.321129,0.321129,0.321129,0.321129,0.321129,0.321129,0.321129,0.321137
834,7130,24834,0.503131,0.321129,12,25,2,0.321129,0.321130,0.321129,0.322066,0.321129,0.321129,0.321129,0.321129,0.321131,0.321137,0.321129,0.321129,0.321129,0.321129,0.321129,0.321129,0.321129,0.321129,0.321129,0.321137
835,7140,24859,0.503131,0.321129,12,25,2,0.321129,0.321130,0.321129,0.322066,0.321129,0.321129,0.321129,0.321129,0.321131,0.321137,0.321129,0.321129,0.321129,0.321129,0.321129,0.321129,0.321129,0.321129,0.321129,0.321137
836,7150,24900,0.503131,0.321129,12,25,2,0.321129,0.321130,0.321129,0.322066,0.321129,0.321129,0.321129,0.321129,0.321131,0.321137,0.321129,0.321129,0.321129,0.321129,0.321129,0.321129,0.321129,0.321129,0.321129,0.321137
837,7160,24921,0.503131,0.321129,12,25,2,0.321129,0.321130,0.321129,0.322066,0.321129,0.321129,0.321129,0.321129,0.321131,0.321137,0.321129,0.321129,0.321129,0.321129,0.321129,0.321129,0.321129,0.321129,0.321129,0.321137
838,7170,24943,0.503131,0.321129,12,25,2,0.321129,0.321130,0.321129,0.322066,0.321129,0.321129,0.321129,0.321129,0.321131,0.321137,0.321129,0.321129,0.321129,0.321129,0.321129,0.321129,0.321129,0.321129,0.321129,0.321137
839,7180,25013,0.503131,0.321129,12,25,2,0.321129,0.321130,0.321129,0.322066,0.321129,0.321129,0.321129,0.321129,0.321131,0.321137,0.321129,0.321129,0.321129,0.321129,0.321129,0.321129,0.321129,0.321129,0.321129,0.321137
840,7190,25031,0.503131,0.321129,12,25,2,0.321129,0.321130,0.321129,0.321681,0.321129,0.321129,0.321129,0.321129,0.321131,0.321137,0.321129,0.321129,0.321129,0.321129,0.321129,0.321129,0.321129,0.321129,0.321129,0.321137
841,7200,25158,0.503131,0.321129,12,25,2,0.321129,0.321130,0.321129,0.321681,0.321129,0.321129,0.321129,0.321129,0.321131,0.321137,0.321129,0.321129,0.321129,0.321129,0.321129,0.321129,0.321129,0.321129,0.321129,0.321137
842,7210,25173,0.503131,0.321129,12,25,2,0.321129,0.321130,0.321129,0.321681,0.321129,0.321129,0.321129,0.321129,0.321131,0.321137,0.321129,0.321129,0.321129,0.321129,0.321129,0.321129,0.321129,0.321129,0.321129,0.321137
843,7220,25230,0.503131,0.321129,12,25,2,0.321129,0.321130,0.321129,0.321681,0.321129,0.321129,0.321129,0.321129,0.321131,0.321137,0.321129,0.321129,0.321129,0.321129,0.321129,0.321129,0.321129,0.321129,0.321129,0.321137
844,7230,25242,0.503131,0.321129,12,25,3,0.321129,0.321130,0.321129,0.321681,0.321129,0.321129,0.321129,0.321129,0.321131,0.321137,0.321129,0.321129,0.321129,0.321129,0.321129,0.321129,0.321129,0.321129,0.321129,0.321137
845,7240,25294,0.503131,0.321129,12,25,3,0.321129,0.321130,0.321129,0.321681,0.321129,0.321129,0.321129,0.321129,0.321131,0.321137,0.321129,0.321129,0.321129,0.321129,0.321129,0.321129,0.321129,0.321129,0.321129,0.321137
846,7250,25328,0.503131,0.321129,12,25,3,0.321129,0.321130,0.321129,0.321681,0.321129,0.321129,0.321129,0.321129,0.321131,0.321137,0.321129,0.321129,0.321129,0.321129,0.321129,0.321129,0.321129,0.321129,0.321129,0.321137
847,7260,25366,0.503131,0.321129,12,25,3,0.321129,0.321130,0.321129,0.321681,0.321129,0.321129,0.321129,0.321129,0.321131,0.321137,0.321129,0.321129,0.321129,0.321129,0.321129,0.321129,0.321129,0.321129,0.321129,0.321137
848,7270,25484,0.503131,0.321129,12,25,3,0.321129,0.321130,0.321129,0.321681,0.321129,0.321129,0.321129,0.321129,0.321131,0.321137,0.321129,0.321129,0.321129,0.321129,0.321129,0.321129,0.321129,0.321129,0.321129,0.321137
849,7280,25490,0.503131,0.321129,12,25,3,0.321129,0.321130,0.321129,0.321681,0.321129,0.321129,0.321129,0.321129,0.321131,0.321137,0.321129,0.321129,0.321129,0.321129,0.321129,0.321129,0.321129,0.321129,0.321129,0.321137
850,7290,25494,0.503131,0.321129,12,25,3,0.321129,0.321130,0.321129,0.321681,0.321129,0.321129,0.321129,0.321129,0.321131,0.321137,0.321129,0.321129,0.321129,0.321129,0.321129,0.321129,0.321129,0.321129,0.321129,0.321137
851,7300,25565,0.503131,0.321129,12,25,3,0.321129,0.321130,0.321129,0.321681,0.321129,0.321129,0.321129,0.321129,0.321131,0.321136,0.321129,0.321129,0.321129,0.321129,0.321129,0.321129,0.321129,0.321129,0.321129,0.321137
852,7310,25636,0.503131,0.321129,12,25,3,0.321129,0.321130,0.321129,0.321681,0.321129,0.321129,0.321129,0.321129,0.321131,0.321136,0.321129,0.321129,0.321129,0.321129,0.321129,0.321129,0.321129,0.321129,0.321129,0.321137
853,7320,25647,0.503131,0.321129,12,25,3,0.321129,0.321130,0.321129,0.321681,0.321129,0.321129,0.321129,0.321129,0.321131,0.321136,0.321129,0.321129,0.321129,0.321129,0.321129,0.321129,0.321129,0.321129,0.321129,0.321137
854,7330,25763,0.503131,0.321129,12,25,3,0.321129,0.321130,0.321129,0.321681,0.321129,0.321129,0.321129,0.321129,0.321131,0.321136,0.321129,0.321129,0.321129,0.321129,0.321129,0.321129,0.321129,0.321129,0.321129,0.321137
855,7340,25771,0.503131,0.321129,12,25,3,0.321129,0.321130,0.321129,0.321681,0.321129,0.321129,0.321129,0.321129,0.321131,0.321136,0.321129,0.321129,0.321129,0.321129,0.321129,0.321129,0.321129,0.321129,0.321129,0.321137
856,7350,25813,0.503131,0.321129,12,25,3,0.321129,0.321130,0.321129,0.321681,0.321129,0.321129,0.321129,0.321129,0.321131,0.321136,0.321129,0.321129,0.321129,0.321129,0.321129,0.321129,0.321129,0.321129,0.321129,0.321137
857,7360,25860,0.503131,0.321129,12,25,3,0.321129,0.321130,0.321129,0.321681,0.321129,0.321129,0.321129,0.321129,0.321131,0.321136,0.321129,0.321129,0.321129,0.321129,0.321129,0.321129,0.321129,0.321129,0.321129,0.321137
858,7370,25862,0.503131,0.321129,12,25,3,0.321129,0.321130,0.321129,0.321681,0.321129,0.321129,0.321129,0.321129,0.321131,0.321136,0.321129,0.321129,0.321129,0.321129,0.321129,0.321129,0.321129,0.321129,0.321129,0.321137
859,7380,25937,0.503131,0.321129,12,25,3,0.321129,0.321130,0.321129,0.321681,0.321129,0.321129,0.321129,0.321129,0.321131,0.321136,0.321129,0.321129,0.321129,0.321129,0.321129,0.321129,0.321129,0.321129,0.321129,0.321137
860,7390,25991,0.503131,0.321129,12,25,3,0.321129,0.321130,0.321129,0.321681,0.321129,0.321129,0.321129,0.321129,0.321131,0.321135,0.321129,0.321129,0.321129,0.321129,0.321129,0.321129,0.321129,0.321129,0.321129,0.321137
861,7400,26136,0.503131,0.321129,12,25,3,0.321129,0.321130,0.321129,0.321681,0.321129,0.321129,0.321129,0.321129,0.321131,0.321135,0.321129,0.321129,0.321129,0.321129,0.321129,0.321129,0.321129,0.321129,0.321129,0.321137
862,7410,26149,0.503131,0.321129,12,25,3,0.321129,0.321130,0.321129,0.321681,0.321129,0.321129,0.321129,0.321129,0.321131,0.321135,0.321129,0.321129,0.321129,0.321129,0.321129,0.321129,0.321129,0.321129,0.321129,0.321137
863,7420,26158,0.503131,0.321129,12,25,3,0.321129,0.321130,0.321129,0.321681,0.321129,0.321129,0.321129,0.321129,0.321131,0.321135,0.321129,0.321129,0.321129,0.321129,0.321129,0.321129,0.321129,0.321129,0.321129,0.321137
864,7430,26166,0.503131,0.321129,12,25,3,0.321129,0.321130,0.321129,0.321681,0.321129,0.321129,0.321129,0.321129,0.321131,0.321135,0.321129,0.321129,0.321129,0.321129,0.321129,0.321129,0.321129,0.321129,0.321129,0.321137
865,7440,26194,0.503131,0.321129,12,25,3,0.321129,0.321130,0.321129,0.321681,0.321129,0.321129,0.321129,0.321129,0.321131,0.321135,0.321129,0.321129,0.321129,0.321129,0.321129,0.321129,0.321129,0.321129,0.321129,0.321137
866,7450,26230,0.503131,0.321129,12,25,3,0.321129,0.321130,0.321129,0.321681,0.321129,0.321129,0.321129,0.321129,0.321131,0.321135,0.321129,0.321129,0.321129,0.321129,0.321129,0.321129,0.321129,0.321129,0.321129,0.321137
867,7460,26322,0.503131,0.321129,12,25,3,0.321129,0.321130,0.321129,0.321681,0.321129,0.321129,0.321129,0.321129,0.321131,0.321135,0.321129,0.321129,0.321129,0.321129,0.321129,0.321129,0.321129,0.321129,0.321129,0.321137
868,7470,26357,0.503131,0.321129,12,25,3,0.321129,0.321130,0.321129,0.321681,0.321129,0.321129,0.321129,0.321129,0.321131,0.321135,0.321129,0.321129,0.321129,0.321129,0.321129,0.321129,0.321129,0.321129,0.321129,0.321137
869,7480,26381,0.503131,0.321129,12,25,3,0.321129,0.321130,0.321129,0.321680,0.321129,0.321129,0.321129,0.321129,0.321131,0.321135,0.321129,0.321129,0.321129,0.321129,0.321129,0.321129,0.321129,0.321129,0.321129,0.321137
870,7490,26443,0.503131,0.321129,12,25,3,0.321129,0.321130,0.321129,0.321680,0.321129,0.321129,0.321129,0.321129,0.321131,0.321134,0.321129,0.321129,0.321129,0.321129,0.321129,0.321129,0.321129,0.321129,0.321129,0.321137
871,7500,26501,0.503131,0.321129,12,25,3,0.321129,0.321130,0.321129,0.321680,0.321129,0.321129,0.321129,0.321129,0.321131,0.321134,0.321129,0.321129,0.321129,0.321129,0.321129,0.321129,0.321129,0.321129,0.321129,0.321137
872,7510,26568,0.503131,0.321129,12,26,3,0.321129,0.321130,0.321129,0.321680,0.321129,0.321129,0.321129,0.321129,0.321131,0.321134,0.321129,0.321129,0.321129,0.321129,0.321129,0.321129,0.321129,0.321129,0.321129,0.321137
873,7520,26568,0.503131,0.321129,12,26,3,0.321129,0.321130,0.321129,0.321680,0.321129,0.321129,0.321129,0.321129,0.321131,0.321134,0.321129,0.321129,0.321129,0.321129,0.321129,0.321129,0.321129,0.321129,0.321129,0.321137
874,7530,26603,0.503131,0.321129,12,26,3,0.321129,0.321130,0.321129,0.321680,0.321129,0.321129,0.321129,0.321129,0.321131,0.321134,0.321129,0.321129,0.321129,0.321129,0.321129,0.321129,0.321129,0.321129,0.321129,0.321137
875,7540,26645,0.503131,0.321129,12,26,3,0.321129,0.321130,0.321129,0.321680,0.321129,0.321129,0.321129,0.321129,0.321131,0.321134,0.321129,0.321129,0.321129,0.321129,0.321129,0.321129,0.321129,0.321129,0.321129,0.321137
876,7550,26685,0.503131,0.321129,12,26,3,0.321129,0.321130,0.321129,0.321680,0.321129,0.321129,0.321129,0.321129,0.321131,0.321134,0.321129,0.321129,0.321129,0.321129,0.321129,0.321129,0.321129,0.321129,0.321129,0.321137
877,7560,26694,0.503131,0.321129,12,26,3,0.321129,0.321130,0.321129,0.321680,0.321129,0.321129,0.321129,0.321129,0.321131,0.321134,0.321129,0.321129,0.321129,0.321129,0.321129,0.321129,0.321129,0.321129,0.321129,0.321137
878,7570,26778,0.503131,0.321129,12,26,3,0.321129,0.321130,0.321129,0.321680,0.321129,0.321129,0.321129,0.321129,0.321131,0.321134,0.321129,0.321129,0.321129,0.321129,0.321129,0.321129,0.321129,0.321129,0.321129,0.321137
879,7580,26801,0.503131,0.321129,12,26,3,0.321129,0.321130,0.321129,0.321680,0.321129,0.321129,0.321129,0.321129,0.321131,0.321134,0.321129,0.321129,0.321129,0.321129,0.321129,0.321129,0.321129,0.321129,0.321129,0.321137
880,7590,26890,0.503131,0.321129,12,26,3,0.321129,0.321130,0.321129,0.321680,0.321129,0.321129,0.321129,0.321129,0.321131,0.321134,0.321129,0.321129,0.321129,0.321129,0.321129,0.321129,0.321129,0.321129,0.321129,0.321137
881,7600,26945,0.503131,0.321129,12,26,3,0.321129,0.321130,0.321129,0.321680,0.321129,0.321129,0.321129,0.321129,0.321131,0.321134,0.321129,0.321129,0.321129,0.321129,0.321129,0.321129,0.321129,0.321129,0.321129,0.321137
882,7610,26962,0.503131,0.321129,12,26,3,0.321129,0.321130,0.321129,0.321680,0.321129,0.321129,0.321129,0.321129,0.321131,0.321134,0.321129,0.321129,0.321129,0.321129,0.321129,0.321129,0.321129,0.321129,0.321129,0.321137
883,7620,27041,0.503131,0.321129,12,26,3,0.321129,0.321130,0.321129,0.321680,0.321129,0.321129,0.321129,0.321129,0.321131,0.321134,0.321129,0.321129,0.321129,0.321129,0.321129,0.321129,0.321129,0.321129,0.321129,0.321137
884,7630,27045,0.503131,0.321129,12,26,3,0.321129,0.321130,0.321129,0.321680,0.321129,0.321129,0.321129,0.321129,0.321131,0.321134,0.321129,0.321129,0.321129,0.321129,0.321129,0.321129,0.321129,0.321129,0.321129,0.321137
885,7640,27063,0.503131,0.321129,12,26,3,0.321129,0.321130,0.321129,0.321680,0.321129,0.321129,0.321129,0.321129,0.321131,0.321134,0.321129,0.321129,0.321129,0.321129,0.321129,0.321129,0.321129,0.321129,0.321129,0.321137
886,7650,27090,0.503131,0.321129,12,26,3,0.321129,0.321130,0.321129,0.321680,0.321129,0.321129,0.321129,0.321129,0.321131,0.321134,0.321129,0.321129,0.321129,0.321129,0.321129,0.321129,0.321129,0.321129,0.321129,0.321137
887,7660,27164,0.503131,0.321129,12,26,3,0.321129,0.321130,0.321129,0.321680,0.321129,0.321129,0.321129,0.321129,0.321131,0.321134,0.321129,0.321129,0.321129,0.321129,0.321129,0.321129,0.321129,0.321129,0.321129,0.321137
888,7670,27263,0.503131,0.321129,12,26,3,0.321129,0.321130,0.321129,0.321207,0.321129,0.321129,0.321129,0.321129,0.321131,0.321134,0.321129,0.321129,0.321129,0.321129,0.321129,0.321129,0.321129,0.321129,0.321129,0.321137
889,7680,27336,0.503131,0.321129,12,26,3,0.321129,0.321130,0.321129,0.321207,0.321129,0.321129,0.321129,0.321129,0.321131,0.321134,0.321129,0.321129,0.321129,0.321129,0.321129,0.321129,0.321129,0.321129,0.321129,0.321137
890,7690,27350,0.503131,0.321129,12,26,3,0.321129,0.321130,0.321129,0.321207,0.321129,0.321129,0.321129,0.321129,0.321131,0.321134,0.321129,0.321129,0.321129,0.321129,0.321129,0.321129,0.321129,0.321129,0.321129,0.321137
891,7700,27429,0.503131,0.321129,12,26,3,0.321129,0.321130,0.321129,0.321207,0.321129,0.321129,0.321129,0.321129,0.321131,0.321134,0.321129,0.321129,0.321129,0.321129,0.321129,0.321129,0.321129,0.321129,0.321129,0.321137
892,7710,27430,0.503131,0.321129,12,26,3,0.321129,0.321130,0.321129,0.321207,0.321129,0.321129,0.321129,0.321129,0.321131,0.321134,0.321129,0.321129,0.321129,0.321129,0.321129,0.321129,0.321129,0.321129,0.321129,0.321137
893,7720,27451,0.503131,0.321129,12,26,3,0.321129,0.321129,0.321129,0.321207,0.321129,0.321129,0.321129,0.321129,0.321131,0.321134,0.321129,0.321129,0.321129,0.321129,0.321129,0.321129,0.321129,0.321129,0.321129,0.321137
894,7730,27547,0.503131,0.321129,12,26,3,0.321129,0.321129,0.321129,0.321207,0.321129,0.321129,0.321129,0.321129,0.321131,0.321134,0.321129,0.321129,0.321129,0.321129,0.321129,0.321129,0.321129,0.321129,0.321129,0.321137
895,7740,27587,0.503131,0.321129,12,26,3,0.321129,0.321129,0.321129,0.321183,0.321129,0.321129,0.321129,0.321129,0.321131,0.321134,0.321129,0.321129,0.321129,0.321129,0.321129,0.321129,0.321129,0.321129,0.321129,0.321137
896,7750,27623,0.503131,0.321129,12,26,3,0.321129,0.321129,0.321129,0.321183,0.321129,0.321129,0.321129,0.321129,0.321131,0.321134,0.321129,0.321129,0.321129,0.321129,0.321129,0.321129,0.321129,0.321129,0.321129,0.321137
897,7760,27753,0.503131,0.321129,12,26,3,0.321129,0.321129,0.321129,0.321183,0.321129,0.321129,0.321129,0.321129,0.321131,0.321134,0.321129,0.321129,0.321129,0.321129,0.321129,0.321129,0.321129,0.321129,0.321129,0.321137
898,7770,27757,0.503131,0.321129,12,26,3,0.321129,0.321129,0.321129,0.321183,0.321129,0.321129,0.321129,0.321129,0.321129,0.321134,0.321129,0.321129,0.321129,0.321129,0.321129,0.321129,0.321129,0.321129,0.321129,0.321137
899,7780,27790,0.503131,0.321129,12,26,3,0.321129,0.321129,0.321129,0.321183,0.321129,0.321129,0.321129,0.321129,0.321129,0.321134,0.321129,0.321129,0.321129,0.321129,0.321129,0.321129,0.321129,0.321129,0.321129,0.321137
900,7790,27817,0.503131,0.321129,12,26,3,0.321129,0.321129,0.321129,0.321183,0.321129,0.321129,0.321129,0.321129,0.321129,0.321134,0.321129,0.321129,0.321129,0.321129,0.321129,0.321129,0.321129,0.321129,0.321129,0.321137
901,7800,27837,0.503131,0.321129,12,26,3,0.321129,0.321129,0.321129,0.321183,0.321129,0.321129,0.321129,0.321129,0.321129,0.321134,0.321129,0.321129,0.321129,0.321129,0.321129,0.321129,0.321129,0.321129,0.321129,0.321137
902,7810,27878,0.503131,0.321129,12,26,3,0.321129,0.321129,0.321129,0.321183,0.321129,0.321129,0.321129,0.321129,0.321129,0.321134,0.321129,0.321129,0.321129,0.321129,0.321129,0.321129,0.321129,0.321129,0.321129,0.321137
903,7820,27908,0.503131,0.321129,12,26,3,0.321129,0.321129,0.321129,0.321183,0.321129,0.321129,0.321129,0.321129,0.321129,0.321134,0.321129,0.321129,0.321129,0.321129,0.321129,0.321129,0.321129,0.321129,0.321129,0.321137
904,7830,27986,0.503131,0.321129,12,26,3,0.321129,0.321129,0.321129,0.321133,0.321129,0.321129,0.321129,0.321129,0.321129,0.321134,0.321129,0.321129,0.321129,0.321129,0.321129,0.321129,0.321129,0.321129,0.321129,0.321137
905,7840,28028,0.503131,0.321129,12,26,3,0.321129,0.321129,0.321129,0.321133,0.321129,0.321129,0.321129,0.321129,0.321129,0.321134,0.321129,0.321129,0.321129,0.321129,0.321129,0.321129,0.321129,0.321129,0.321129,0.321137
906,7850,28083,0.503131,0.321129,12,26,3,0.321129,0.321129,0.321129,0.321133,0.321129,0.321129,0.321129,0.321129,0.321129,0.321134,0.321129,0.321129,0.321129,0.321129,0.321129,0.321129,0.321129,0.321129,0.321129,0.321137
907,7860,28166,0.503131,0.321129,12,26,3,0.321129,0.321129,0.321129,0.321133,0.321129,0.321129,0.321129,0.321129,0.321129,0.321134,0.321129,0.321129,0.321129,0.321129,0.321129,0.321129,0.321129,0.321129,0.321129,0.321137
908,7870,28173,0.503131,0.321129,12,26,3,0.321129,0.321129,0.321129,0.321133,0.321129,0.321129,0.321129,0.321129,0.321129,0.321134,0.321129,0.321129,0.321129,0.321129,0.321129,0.321129,0.321129,0.321129,0.321129,0.321137
909,7880,28177,0.503131,0.321129,12,26,3,0.321129,0.321129,0.321129,0.321133,0.321129,0.321129,0.321129,0.321129,0.321129,0.321134,0.321129,0.321129,0.321129,0.321129,0.321129,0.321129,0.321129,0.321129,0.321129,0.321137
910,7890,28236,0.503131,0.321129,12,26,3,0.321129,0.321129,0.321129,0.321133,0.321129,0.321129,0.321129,0.321129,0.321129,0.321134,0.321129,0.321129,0.321129,0.321129,0.321129,0.321129,0.321129,0.321129,0.321129,0.321137
911,7900,28241,0.503131,0.321129,12,26,3,0.321129,0.321129,0.321129,0.321133,0.321129,0.321129,0.321129,0.321129,0.321129,0.321134,0.321129,0.321129,0.321129,0.321129,0.321129,0.321129,0.321129,0.321129,0.321129,0.321137
912,7910,28291,0.503131,0.321129,12,26,3,0.321129,0.321129,0.321129,0.321133,0.321129,0.321129,0.321129,0.321129,0.321129,0.321134,0.321129,0.321129,0.321129,0.321129,0.321129,0.321129,0.321129,0.321129,0.321129,0.321137
913,7920,28403,0.503131,0.321129,12,26,3,0.321129,0.321129,0.321129,0.321129,0.321129,0.321129,0.321129,0.321129,0.321129,0.321134,0.321129,0.321129,0.321129,0.321129,0.321129,0.321129,0.321129,0.321129,0.321129,0.321137
914,7930,28437,0.503131,0.321129,12,26,3,0.321129,0.321129,0.321129,0.321129,0.321129,0.321129,0.321129,0.321129,0.321129,0.321134,0.321129,0.321129,0.321129,0.321129,0.321129,0.321129,0.321129,0.321129,0.321129,0.321137
915,7940,28476,0.503131,0.321129,12,26,3,0.321129,0.321129,0.321129,0.321129,0.321129,0.321129,0.321129,0.321129,0.321129,0.321134,0.321129,0.321129,0.321129,0.321129,0.321129,0.321129,0.321129,0.321129,0.321129,0.321137
916,7950,28546,0.503131,0.321129,12,26,3,0.321129,0.321129,0.321129,0.321129,0.321129,0.321129,0.321129,0.321129,0.321129,0.321134,0.321129,0.321129,0.321129,0.321129,0.321129,0.321129,0.321129,0.321129,0.321129,0.321137
917,7960,28581,0.503131,0.321129,12,26,3,0.321129,0.321129,0.321129,0.321129,0.321129,0.321129,0.321129,0.321129,0.321129,0.321134,0.321129,0.321129,0.321129,0.321129,0.321129,0.321129,0.321129,0.321129,0.321129,0.321137
918,7970,28605,0.503131,0.321129,12,26,3,0.321129,0.321129,0.321129,0.321129,0.321129,0.321129,0.321129,0.321129,0.321129,0.321134,0.321129,0.321129,0.321129,0.321129,0.321129,0.321129,0.321129,0.321129,0.321129,0.321137
919,7980,28648,0.503131,0.321129,12,26,3,0.321129,0.321129,0.321129,0.321129,0.321129,0.321129,0.321129,0.321129,0.321129,0.321134,0.321129,0.321129,0.321129,0.321129,0.321129,0.321129,0.321129,0.321129,0.321129,0.321137
920,7990,28659,0.503131,0.321129,12,26,3,0.321129,0.321129,0.321129,0.321129,0.321129,0.321129,0.321129,0.321129,0.321129,0.321134,0.321129,0.321129,0.321129,0.321129,0.321129,0.321129,0.321129,0.321129,0.321129,0.321137
921,8000,28665,0.503131,0.321129,12,26,3,0.321129,0.321129,0.321129,0.321129,0.321129,0.321129,0.321129,0.321129,0.321129,0.321134,0.321129,0.321129,0.321129,0.321129,0.321129,0.321129,0.321129,0.321129,0.321129,0.321137
922,8010,28703,0.503131,0.321129,12,26,3,0.321129,0.321129,0.321129,0.321129,0.321129,0.321129,0.321129,0.321129,0.321129,0.321134,0.321129,0.321129,0.321129,0.321129,0.321129,0.321129,0.321129,0.321129,0.321129,0.321137
923,8020,28856,0.503131,0.321129,12,26,3,0.321129,0.321129,0.321129,0.321129,0.321129,0.321129,0.321129,0.321129,0.321129,0.321134,0.321129,0.321129,0.321129,0.321129,0.321129,0.321129,0.321129,0.321129,0.321129,0.321137
924,8030,28882,0.503131,0.321129,12,26,3,0.321129,0.321129,0.321129,0.321129,0.321129,0.321129,0.321129,0.321129,0.321129,0.321134,0.321129,0.321129,0.321129,0.321129,0.321129,0.321129,0.321129,0.321129,0.321129,0.321137
925,8040,28884,0.503131,0.321129,12,26,3,0.321129,0.321129,0.321129,0.321129,0.321129,0.321129,0.321129,0.321129,0.321129,0.321134,0.321129,0.321129,0.321129,0.321129,0.321129,0.321129,0.321129,0.321129,0.321129,0.321137
926,8050,28922,0.503131,0.321129,12,26,3,0.321129,0.321129,0.321129,0.321129,0.321129,0.321129,0.321129,0.321129,0.321129,0.321134,0.321129,0.321129,0.321129,0.321129,0.321129,0.321129,0.321129,0.321129,0.321129,0.321137
927,8060,28935,0.503131,0.321129,12,26,3,0.321129,0.321129,0.321129,0.321129,0.321129,0.321129,0.321129,0.321129,0.321129,0.321134,0.321129,0.321129,0.321129,0.321129,0.321129,0.321129,0.321129,0.321129,0.321129,0.321137
928,8070,28944,0.503131,0.321129,12,26,3,0.321129,0.321129,0.321129,0.321129,0.321129,0.321129,0.321129,0.321129,0.321129,0.321134,0.321129,0.321129,0.321129,0.321129,0.321129,0.321129,0.321129,0.321129,0.321129,0.321137
929,8080,29067,0.503131,0.321129,12,26,3,0.321129,0.321129,0.321129,0.321129,0.321129,0.321129,0.321129,0.321129,0.321129,0.321134,0.321129,0.321129,0.321129,0.321129,0.321129,0.321129,0.321129,0.321129,0.321129,0.321137
930,8090,29096,0.503131,0.321129,12,26,3,0.321129,0.321129,0.321129,0.321129,0.321129,0.321129,0.321129,0.321129,0.321129,0.321134,0.321129,0.321129,0.321129,0.321129,0.321129,0.321129,0.321129,0.321129,0.321129,0.321137
931,8100,29169,0.503131,0.321129,12,26,3,0.321129,0.321129,0.321129,0.321129,0.321129,0.321129,0.321129,0.321129,0.321129,0.321134,0.321129,0.321129,0.321129,0.321129,0.321129,0.321129,0.321129,0.321129,0.321129,0.321137
932,8110,29208,0.503131,0.321129,12,26,3,0.321129,0.321129,0.321129,0.321129,0.321129,0.321129,0.321129,0.321129,0.321129,0.321134,0.321129,0.321129,0.321129,0.321129,0.321129,0.321129,0.321129,0.321129,0.321129,0.321137
933,8120,29246,0.503131,0.321129,12,26,3,0.321129,0.321129,0.321129,0.321129,0.321129,0.321129,0.321129,0.321129,0.321129,0.321134,0.321129,0.321129,0.321129,0.321129,0.321129,0.321129,0.321129,0.321129,0.321129,0.321137
934,8130,29271,0.503131,0.321129,12,26,3,0.321129,0.321129,0.321129,0.321129,0.321129,0.321129,0.321129,0.321129,0.321129,0.321134,0.321129,0.321129,0.321129,0.321129,0.321129,0.321129,0.321129,0.321129,0.321129,0.321137
935,8140,29318,0.503131,0.321129,12,26,3,0.321129,0.321129,0.321129,0.321129,0.321129,0.321129,0.321129,0.321129,0.321129,0.321134,0.321129,0.321129,0.321129,0.321129,0.321129,0.321129,0.321129,0.321129,0.321129,0.321137
936,8150,29330,0.503131,0.321129,12,26,3,0.321129,0.321129,0.321129,0.321129,0.321129,0.321129,0.321129,0.321129,0.321129,0.321134,0.321129,0.321129,0.321129,0.321129,0.321129,0.321129,0.321129,0.321129,0.321129,0.321137
937,8160,29370,0.503131,0.321129,12,26,3,0.321129,0.321129,0.321129,0.321129,0.321129,0.321129,0.321129,0.321129,0.321129,0.321134,0.321129,0.321129,0.321129,0.321129,0.321129,0.321129,0.321129,0.321129,0.321129,0.321137
938,8170,29387,0.503131,0.321129,12,26,3,0.321129,0.321129,0.321129,0.321129,0.321129,0.321129,0.321129,0.321129,0.321129,0.321134,0.321129,0.321129,0.321129,0.321129,0.321129,0.321129,0.321129,0.321129,0.321129,0.321137
939,8180,29469,0.503131,0.321129,12,26,3,0.321129,0.321129,0.321129,0.321129,0.321129,0.321129,0.321129,0.321129,0.321129,0.321134,0.321129,0.321129,0.321129,0.321129,0.321129,0.321129,0.321129,0.321129,0.321129,0.321137
940,8190,29560,0.503131,0.321129,12,26,3,0.321129,0.321129,0.321129,0.321129,0.321129,0.321129,0.321129,0.321129,0.321129,0.321134,0.321129,0.321129,0.321129,0.321129,0.321129,0.321129,0.321129,0.321129,0.321129,0.321137
941,8200,29619,0.503131,0.321129,12,26,3,0.321129,0.321129,0.321129,0.321129,0.321129,0.321129,0.321129,0.321129,0.321129,0.321134,0.321129,0.321129,0.321129,0.321129,0.321129,0.321129,0.321129,0.321129,0.321129,0.321137
942,8210,29620,0.503131,0.321129,12,26,3,0.321129,0.321129,0.321129,0.321129,0.321129,0.321129,0.321129,0.321129,0.321129,0.321134,0.321129,0.321129,0.321129,0.321129,0.321129,0.321129,0.321129,0.321129,0.321129,0.321137
943,8220,29650,0.503131,0.321129,12,26,3,0.321129,0.321129,0.321129,0.321129,0.321129,0.321129,0.321129,0.321129,0.321129,0.321134,0.321129,0.321129,0.321129,0.321129,0.321129,0.321129,0.321129,0.321129,0.321129,0.321137
944,8230,29730,0.503131,0.321129,12,26,3,0.321129,0.321129,0.321129,0.321129,0.321129,0.321129,0.321129,0.321129,0.321129,0.321134,0.321129,0.321129,0.321129,0.321129,0.321129,0.321129,0.321129,0.321129,0.321129,0.321137
945,8240,29738,0.503131,0.321129,12,26,3,0.321129,0.321129,0.321129,0.321129,0.321129,0.321129,0.321129,0.321129,0.321129,0.321134,0.321129,0.321129,0.321129,0.321129,0.321129,0.321129,0.321129,0.321129,0.321129,0.321137
946,8250,29812,0.503131,0.321129,12,26,3,0.321129,0.321129,0.321129,0.321129,0.321129,0.321129,0.321129,0.321129,0.321129,0.321134,0.321129,0.321129,0.321129,0.321129,0.321129,0.321129,0.321129,0.321129,0.321129,0.321137
947,8260,29859,0.503131,0.321129,12,26,3,0.321129,0.321129,0.321129,0.321129,0.321129,0.321129,0.321129,0.321129,0.321129,0.321134,0.321129,0.321129,0.321129,0.321129,0.321129,0.321129,0.321129,0.321129,0.321129,0.321137
948,8270,29893,0.503131,0.321129,12,26,3,0.321129,0.321129,0.321129,0.321129,0.321129,0.321129,0.321129,0.321129,0.321129,0.321134,0.321129,0.321129,0.321129,0.321129,0.321129,0.321129,0.321129,0.321129,0.321129,0.321136
949,8280,29900,0.503131,0.321129,12,26,3,0.321129,0.321129,0.321129,0.321129,0.321129,0.321129,0.321129,0.321129,0.321129,0.321134,0.321129,0.321129,0.321129,0.321129,0.321129,0.321129,0.321129,0.321129,0.321129,0.321136
950,8290,30037,0.503131,0.321129,12,26,3,0.321129,0.321129,0.321129,0.321129,0.321129,0.321129,0.321129,0.321129,0.321129,0.321134,0.321129,0.321129,0.321129,0.321129,0.321129,0.321129,0.321129,0.321129,0.321129,0.321136
951,8300,30048,0.503131,0.321129,12,26,3,0.321129,0.321129,0.321129,0.321129,0.321129,0.321129,0.321129,0.321129,0.321129,0.321134,0.321129,0.321129,0.321129,0.321129,0.321129,0.321129,0.321129,0.321129,0.321129,0.321136
952,8310,30059,0.503131,0.321129,12,26,3,0.321129,0.321129,0.321129,0.321129,0.321129,0.321129,0.321129,0.321129,0.321129,0.321134,0.321129,0.321129,0.321129,0.321129,0.321129,0.321129,0.321129,0.321129,0.321129,0.321136
953,8320,30207,0.503131,0.321129,12,26,3,0.321129,0.321129,0.321129,0.321129,0.321129,0.321129,0.321129,0.321129,0.321129,0.321134,0.321129,0.321129,0.321129,0.321129,0.321129,0.321129,0.321129,0.321129,0.321129,0.321136
954,8330,30233,0.503131,0.321129,12,26,3,0.321129,0.321129,0.321129,0.321129,0.321129,0.321129,0.321129,0.321129,0.321129,0.321134,0.321129,0.321129,0.321129,0.321129,0.321129,0.321129,0.321129,0.321129,0.321129,0.321136
955,8340,30233,0.503131,0.321129,12,26,3,0.321129,0.321129,0.321129,0.321129,0.321129,0.321129,0.321129,0.321129,0.321129,0.321134,0.321129,0.321129,0.321129,0.321129,0.321129,0.321129,0.321129,0.321129,0.321129,0.321136
956,8350,30243,0.503131,0.321129,12,26,3,0.321129,0.321129,0.321129,0.321129,0.321129,0.321129,0.321129,0.321129,0.321129,0.321134,0.321129,0.321129,0.321129,0.321129,0.321129,0.321129,0.321129,0.321129,0.321129,0.321136
957,8360,30312,0.503131,0.321129,12,26,3,0.321129,0.321129,0.321129,0.321129,0.321129,0.321129,0.321129,0.321129,0.321129,0.321134,0.321129,0.321129,0.321129,0.321129,0.321129,0.321129,0.321129,0.321129,0.321129,0.321136
958,8370,30326,0.503131,0.321129,12,26,3,0.321129,0.321129,0.321129,0.321129,0.321129,0.321129,0.321129,0.321129,0.321129,0.321134,0.321129,0.321129,0.321129,0.321129,0.321129,0.321129,0.321129,0.321129,0.321129,0.321136
959,8380,30345,0.503131,0.321129,12,26,3,0.321129,0.321129,0.321129,0.321129,0.321129,0.321129,0.321129,0.321129,0.321129,0.321134,0.321129,0.321129,0.321129,0.321129,0.321129,0.321129,0.321129,0.321129,0.321129,0.321136
960,8390,30428,0.503131,0.321129,12,26,3,0.321129,0.321129,0.321129,0.321129,0.321129,0.321129,0.321129,0.321129,0.321129,0.321134,0.321129,0.321129,0.321129,0.321129,0.321129,0.321129,0.321129,0.321129,0.321129,0.321136
961,8400,30493,0.503131,0.321129,12,26,3,0.321129,0.321129,0.321129,0.321129,0.321129,0.321129,0.321129,0.321129,0.321129,0.321134,0.321129,0.321129,0.321129,0.321129,0.321129,0.321129,0.321129,0.321129,0.321129,0.321131
962,8410,30520,0.503131,0.321129,12,26,3,0.321129,0.321129,0.321129,0.321129,0.321129,0.321129,0.321129,0.321129,0.321129,0.321134,0.321129,0.321129,0.321129,0.321129,0.321129,0.321129,0.321129,0.321129,0.321129,0.321131
963,8420,30525,0.503131,0.321129,12,26,3,0.321129,0.321129,0.321129,0.321129,0.321129,0.321129,0.321129,0.321129,0.321129,0.321134,0.321129,0.321129,0.321129,0.321129,0.321129,0.321129,0.321129,0.321129,0.321129,0.321131
964,8430,30615,0.503131,0.321129,12,26,3,0.321129,0.321129,0.321129,0.321129,0.321129,0.321129,0.321129,0.321129,0.321129,0.321134,0.321129,0.321129,0.321129,0.321129,0.321129,0.321129,0.321129,0.321129,0.321129,0.321131
965,8440,30657,0.503131,0.321129,12,26,3,0.321129,0.321129,0.321129,0.321129,0.321129,0.321129,0.321129,0.321129,0.321129,0.321134,0.321129,0.321129,0.321129,0.321129,0.321129,0.321129,0.321129,0.321129,0.321129,0.321131
966,8450,30739,0.503131,0.321129,12,26,3,0.321129,0.321129,0.321129,0.321129,0.321129,0.321129,0.321129,0.321129,0.321129,0.321133,0.321129,0.321129,0.321129,0.321129,0.321129,0.321129,0.321129,0.321129,0.321129,0.321131
967,8460,30794,0.503131,0.321129,12,26,3,0.321129,0.321129,0.321129,0.321129,0.321129,0.321129,0.321129,0.321129,0.321129,0.321133,0.321129,0.321129,0.321129,0.321129,0.321129,0.321129,0.321129,0.321129,0.321129,0.321131
968,8470,30847,0.503131,0.321129,12,26,3,0.321129,0.321129,0.321129,0.321129,0.321129,0.321129,0.321129,0.321129,0.321129,0.321133,0.321129,0.321129,0.321129,0.321129,0.321129,0.321129,0.321129,0.321129,0.321129,0.321131
969,8480,30865,0.503131,0.321129,12,26,3,0.321129,0.321129,0.321129,0.321129,0.321129,0.321129,0.321129,0.321129,0.321129,0.321133,0.321129,0.321129,0.321129,0.321129,0.321129,0.321129,0.321129,0.321129,0.321129,0.321131
970,8490,30869,0.503131,0.321129,12,26,3,0.321129,0.321129,0.321129,0.321129,0.321129,0.321129,0.321129,0.321129,0.321129,0.321133,0.321129,0.321129,0.321129,0.321129,0.321129,0.321129,0.321129,0.321129,0.321129,0.321131
971,8500,30919,0.503131,0.321129,12,26,3,0.321129,0.321129,0.321129,0.321129,0.321129,0.321129,0.321129,0.321129,0.321129,0.321133,0.321129,0.321129,0.321129,0.321129,0.321129,0.321129,0.321129,0.321129,0.321129,0.321131
972,8510,30961,0.503131,0.321129,12,26,3,0.321129,0.321129,0.321129,0.321129,0.321129,0.321129,0.321129,0.321129,0.321129,0.321133,0.321129,0.321129,0.321129,0.321129,0.321129,0.321129,0.321129,0.321129,0.321129,0.321131
973,8520,31095,0.503131,0.321129,12,26,3,0.321129,0.321129,0.321129,0.321129,0.321129,0.321129,0.321129,0.321129,0.321129,0.321133,0.321129,0.321129,0.321129,0.321129,0.321129,0.321129,0.321129,0.321129,0.321129,0.321131
974,8530,31170,0.503131,0.321129,12,26,3,0.321129,0.321129,0.321129,0.321129,0.321129,0.321129,0.321129,0.321129,0.321129,0.321133,0.321129,0.321129,0.321129,0.321129,0.321129,0.321129,0.321129,0.321129,0.321129,0.321131
975,8540,31190,0.503131,0.321129,12,26,3,0.321129,0.321129,0.321129,0.321129,0.321129,0.321129,0.321129,0.321129,0.321129,0.321133,0.321129,0.321129,0.321129,0.321129,0.321129,0.321129,0.321129,0.321129,0.321129,0.321131
976,8550,31206,0.503131,0.321129,12,26,3,0.321129,0.321129,0.321129,0.321129,0.321129,0.321129,0.321129,0.321129,0.321129,0.321133,0.321129,0.321129,0.321129,0.321129,0.321129,0.321129,0.321129,0.321129,0.321129,0.321131
977,8560,31323,0.503131,0.321129,12,26,3,0.321129,0.321129,0.321129,0.321129,0.321129,0.321129,0.321129,0.321129,0.321129,0.321133,0.321129,0.321129,0.321129,0.321129,0.321129,0.321129,0.321129,0.321129,0.321129,0.321130
978,8570,31340,0.503131,0.321129,12,26,3,0.321129,0.321129,0.321129,0.321129,0.321129,0.321129,0.321129,0.321129,0.321129,0.321133,0.321129,0.321129,0.321129,0.321129,0.321129,0.321129,0.321129,0.321129,0.321129,0.321130
979,8580,31433,0.503131,0.321129,12,26,3,0.321129,0.321129,0.321129,0.321129,0.321129,0.321129,0.321129,0.321129,0.321129,0.321133,0.321129,0.321129,0.321129,0.321129,0.321129,0.321129,0.321129,0.321129,0.321129,0.321130
980,8590,31476,0.503131,0.321129,12,26,3,0.321129,0.321129,0.321129,0.321129,0.321129,0.321129,0.321129,0.321129,0.321129,0.321133,0.321129,0.321129,0.321129,0.321129,0.321129,0.321129,0.321129,0.321129,0.321129,0.321130
981,8600,31536,0.503131,0.321129,12,26,3,0.321129,0.321129,0.321129,0.321129,0.321129,0.321129,0.321129,0.321129,0.321129,0.321133,0.321129,0.321129,0.321129,0.321129,0.321129,0.321129,0.321129,0.321129,0.321129,0.321130
982,8610,31562,0.503131,0.321129,12,26,3,0.321129,0.321129,0.321129,0.321129,0.321129,0.321129,0.321129,0.321129,0.321129,0.321133,0.321129,0.321129,0.321129,0.321129,0.321129,0.321129,0.321129,0.321129,0.321129,0.321130
983,8620,31578,0.503131,0.321129,12,26,3,0.321129,0.321129,0.321129,0.321129,0.321129,0.321129,0.321129,0.321129,0.321129,0.321133,0.321129,0.321129,0.321129,0.321129,0.321129,0.321129,0.321129,0.321129,0.321129,0.321130
984,8630,31597,0.503131,0.321129,12,26,3,0.321129,0.321129,0.321129,0.321129,0.321129,0.321129,0.321129,0.321129,0.321129,0.321133,0.321129,0.321129,0.321129,0.321129,0.321129,0.321129,0.321129,0.321129,0.321129,0.321130
985,8640,31677,0.503131,0.321129,12,26,3,0.321129,0.321129,0.321129,0.321129,0.321129,0.321129,0.321129,0.321129,0.321129,0.321133,0.321129,0.321129,0.321129,0.321129,0.321129,0.321129,0.321129,0.321129,0.321129,0.321130
986,8650,31700,0.503131,0.321129,12,26,3,0.321129,0.321129,0.321129,0.321129,0.321129,0.321129,0.321129,0.321129,0.321129,0.321133,0.321129,0.321129,0.321129,0.321129,0.321129,0.321129,0.321129,0.321129,0.321129,0.321130
987,8660,31739,0.503131,0.321129,12,26,3,0.321129,0.321129,0.321129,0.321129,0.321129,0.321129,0.321129,0.321129,0.321129,0.321133,0.321129,0.321129,0.321129,0.321129,0.321129,0.321129,0.321129,0.321129,0.321129,0.321130
988,8670,31757,0.503131,0.321129,12,26,3,0.321129,0.321129,0.321129,0.321129,0.321129,0.321129,0.321129,0.321129,0.321129,0.321133,0.321129,0.321129,0.321129,0.321129,0.321129,0.321129,0.321129,0.321129,0.321129,0.321130
989,8680,31784,0.503131,0.321129,12,26,3,0.321129,0.321129,0.321129,0.321129,0.321129,0.321129,0.321129,0.321129,0.321129,0.321133,0.321129,0.321129,0.321129,0.321129,0.321129,0.321129,0.321129,0.321129,0.321129,0.321130
990,8690,31915,0.503131,0.321129,12,26,3,0.321129,0.321129,0.321129,0.321129,0.321129,0.321129,0.321129,0.321129,0.321129,0.321133,0.321129,0.321129,0.321129,0.321129,0.321129,0.321129,0.321129,0.321129,0.321129,0.321130
991,8700,31954,0.503131,0.321129,12,26,3,0.321129,0.321129,0.321129,0.321129,0.321129,0.321129,0.321129,0.321129,0.321129,0.321133,0.321129,0.321129,0.321129,0.321129,0.321129,0.321129,0.321129,0.321129,0.321129,0.321130
992,8710,32004,0.503131,0.321129,12,26,3,0.321129,0.321129,0.321129,0.321129,0.321129,0.321129,0.321129,0.321129,0.321129,0.321133,0.321129,0.321129,0.321129,0.321129,0.321129,0.321129,0.321129,0.321129,0.321129,0.321130
993,8720,32005,0.503131,0.321129,12,26,3,0.321129,0.321129,0.321129,0.321129,0.321129,0.321129,0.321129,0.321129,0.321129,0.321133,0.321129,0.321129,0.321129,0.321129,0.321129,0.321129,0.321129,0.321129,0.321129,0.321130
994,8730,32012,0.503131,0.321129,12,26,3,0.321129,0.321129,0.321129,0.321129,0.321129,0.321129,0.321129,0.321129,0.321129,0.321133,0.321129,0.321129,0.321129,0.321129,0.321129,0.321129,0.321129,0.321129,0.321129,0.321130
995,8740,32012,0.503131,0.321129,12,26,3,0.321129,0.321129,0.321129,0.321129,0.321129,0.321129,0.321129,0.321129,0.321129,0.321133,0.321129,0.321129,0.321129,0.321129,0.321129,0.321129,0.321129,0.321129,0.321129,0.321130
996,8750,32136,0.503131,0.321129,12,26,3,0.321129,0.321129,0.321129,0.321129,0.321129,0.321129,0.321129,0.321129,0.321129,0.321133,0.321129,0.321129,0.321129,0.321129,0.321129,0.321129,0.321129,0.321129,0.321129,0.321130
997,8760,32137,0.503131,0.321129,12,26,3,0.321129,0.321129,0.321129,0.321129,0.321129,0.321129,0.321129,0.321129,0.321129,0.321133,0.321129,0.321129,0.321129,0.321129,0.321129,0.321129,0.321129,0.321129,0.321129,0.321130
998,8770,32246,0.503131,0.321129,12,26,3,0.321129,0.321129,0.321129,0.321129,0.321129,0.321129,0.321129,0.321129,0.321129,0.321132,0.321129,0.321129,0.321129,0.321129,0.321129,0.321129,0.321129,0.321129,0.321129,0.321130
999,8780,32298,0.503131,0.321129,12,26,3,0.321129,0.321129,0.321129,0.321129,0.321129,0.321129,0.321129,0.321129,0.321129,0.321132,0.321129,0.321129,0.321129,0.321129,0.321129,0.321129,0.321129,0.321129,0.321129,0.321130
1000,8790,32404,0.503131,0.321129,12,26,3,0.321129,0.321129,0.321129,0.321129,0.321129,0.321129,0.321129,0.321129,0.321129,0.321132,0.321129,0.321129,0.321129,0.321129,0.321129,0.321129,0.321129,0.321129,0.321129,0.321130
1001,8800,32478,0.503131,0.321129,12,26,3,0.321129,0.321129,0.321129,0.321129,0.321129,0.321129,0.321129,0.321129,10000000.000000,10000000.000000,0.321129,0.321129,0.321129,0.321129,0.321129,0.321129,0.321129,0.321129,0.321129,0.321130
1002,8810,32498,0.503131,0.321129,12,26,3,0.321129,0.321129,0.321129,0.321129,0.321129,0.321129,0.321129,0.321129,10000000.000000,10000000.000000,0.321129,0.321129,0.321129,0.321129,0.321129,0.321129,0.321129,0.321129,0.321129,0.321130
1003,8820,32507,0.503131,0.321129,12,26,3,0.321129,0.321129,0.321129,0.321129,0.321129,0.321129,0.321129,0.321129,10000000.000000,10000000.000000,0.321129,0.321129,0.321129,0.321129,0.321129,0.321129,0.321129,0.321129,0.321129,0.321130
1004,8830,32543,0.503131,0.321129,12,26,3,0.321129,0.321129,0.321129,0.321129,0.321129,0.321129,0.321129,0.321129,10000000.000000,10000000.000000,0.321129,0.321129,0.321129,0.321129,0.321129,0.321129,0.321129,0.321129,0.321129,0.321130
1005,8840,32661,0.503131,0.321129,12,26,3,0.321129,0.321129,0.321129,0.321129,0.321129,0.321129,0.321129,0.321129,10000000.000000,10000000.000000,0.321129,0.321129,0.321129,0.321129,0.321129,0.321129,0.321129,0.321129,0.321129,0.321130
1006,8850,32686,0.503131,0.321129,12,26,3,0.321129,0.321129,0.321129,0.321129,0.321129,0.321129,0.321129,0.321129,10000000.000000,10000000.000000,0.321129,0.321129,0.321129,0.321129,0.321129,0.321129,0.321129,0.321129,0.321129,0.321130
1007,8860,32741,0.503131,0.321129,12,26,3,0.321129,0.321129,0.321129,0.321129,0.321129,0.321129,0.321129,0.321129,10000000.000000,10000000.000000,0.321129,0.321129,0.321129,0.321129,0.321129,0.321129,0.321129,0.321129,0.321129,0.321130
1008,8870,32833,0.503131,0.321129,12,26,3,0.321129,0.321129,0.321129,0.321129,0.321129,0.321129,0.321129,0.321129,10000000.000000,10000000.000000,0.321129,0.321129,0.321129,0.321129,0.321129,0.321129,0.321129,0.321129,0.321129,0.321130
1009,8880,32899,0.503131,0.321129,12,26,3,0.321129,0.321129,0.321129,0.321129,0.321129,0.321129,0.321129,0.321129,0.321129,0.321129,0.321129,0.321129,0.321129,0.321129,0.321129,0.321129,0.321129,0.321129,0.321129,0.321130
1010,8890,32909,0.503131,0.321129,12,26,3,0.321129,0.321129,0.321129,0.321129,0.321129,0.321129,0.321129,0.321129,0.321129,0.321129,0.321129,0.321129,0.321129,0.321129,0.321129,0.321129,0.321129,0.321129,0.321129,0.321130
1011,8900,32931,0.503131,0.321129,12,26,3,0.321129,0.321129,0.321129,0.321129,0.321129,0.321129,0.321129,0.321129,0.321129,0.321129,0.321129,0.321129,0.321129,0.321129,0.321129,0.321129,0.321129,0.321129,0.321129,0.321130
1012,8910,32934,0.503131,0.321129,12,26,3,0.321129,0.321129,0.321129,0.321129,0.321129,0.321129,0.321129,0.321129,0.321129,0.321129,0.321129,0.321129,0.321129,0.321129,0.321129,0.321129,0.321129,0.321129,0.321129,0.321130
1013,8920,32985,0.503131,0.321129,12,26,3,0.321129,0.321129,0.321129,0.321129,0.321129,0.321129,0.321129,0.321129,0.321129,0.321129,0.321129,0.321129,0.321129,0.321129,0.321129,0.321129,0.321129,0.321129,0.321129,0.321130
1014,8930,33005,0.503131,0.321129,12,26,3,0.321129,0.321129,0.321129,0.321129,0.321129,0.321129,0.321129,0.321129,0.321129,0.321129,0.321129,0.321129,0.321129,0.321129,0.321129,0.321129,0.321129,0.321129,0.321129,0.321129
1015,8940,33157,0.503131,0.321129,12,26,3,0.321129,0.321129,0.321129,0.321129,0.321129,0.321129,0.321129,0.321129,0.321129,0.321129,0.321129,0.321129,0.321129,0.321129,0.321129,0.321129,0.321129,0.321129,0.321129,0.321129
1016,8950,33238,0.503131,0.321129,12,26,3,0.321129,0.321129,0.321129,0.321129,0.321129,0.321129,0.321129,0.321129,0.321129,0.321129,0.321129,0.321129,0.321129,0.321129,0.321129,0.321129,0.321129,0.321129,0.321129,0.321129
1017,8960,33253,0.503131,0.321129,12,26,3,0.321129,0.321129,0.321129,0.321129,0.321129,0.321129,0.321129,0.321129,0.321129,0.321129,0.321129,0.321129,0.321129,0.321129,0.321129,0.321129,0.321129,0.321129,0.321129,0.321129
1018,8970,33255,0.503131,0.321129,12,26,3,0.321129,0.321129,0.321129,0.321129,0.321129,0.321129,0.321129,0.321129,0.321129,0.321129,0.321129,0.321129,0.321129,0.321129,0.321129,0.321129,0.321129,0.321129,0.321129,0.321129
1019,8980,33286,0.503131,0.321129,12,26,3,0.321129,0.321129,0.321129,0.321129,0.321129,0.321129,0.321129,0.321129,0.321129,0.321129,0.321129,0.321129,0.321129,0.321129,0.321129,0.321129,0.321129,0.321129,0.321129,0.321129
1020,8990,33294,0.503131,0.321129,12,26,3,0.321129,0.321129,0.321129,0.321129,0.321129,0.321129,0.321129,0.321129,0.321129,0.321129,0.321129,0.321129,0.321129,0.321129,0.321129,0.321129,0.321129,0.321129,0.321129,0.321129
1021,9000,33378,0.503131,0.321129,12,26,3,0.321129,0.321129,0.321129,0.321129,0.321129,0.321129,0.321129,0.321129,0.321129,0.321129,0.321129,0.321129,0.321129,0.321129,0.321129,0.321129,0.321129,0.321129,0.321129,0.321129
1022,9010,33386,0.503131,0.321129,12,26,3,0.321129,0.321129,0.321129,0.321129,0.321129,0.321129,0.321129,0.321129,0.321129,0.321129,0.321129,0.321129,0.321129,0.321129,0.321129,0.321129,0.321129,0.321129,0.321129,0.321129
1023,9020,33570,0.503131,0.321129,12,26,3,0.321129,0.321129,0.321129,0.321129,0.321129,0.321129,0.321129,0.321129,0.321129,0.321129,0.321129,0.321129,0.321129,0.321129,0.321129,0.321129,0.321129,0.321129,0.321129,0.321129
1024,9030,33623,0.503131,0.321129,12,26,3,0.321129,0.321129,0.321129,0.321129,0.321129,0.321129,0.321129,0.321129,0.321129,0.321129,0.321129,0.321129,0.321129,0.321129,0.321129,0.321129,0.321129,0.321129,0.321129,0.321129
1025,9040,33636,0.503131,0.321129,12,26,3,0.321129,0.321129,0.321129,0.321129,0.321129,0.321129,0.321129,0.321129,0.321129,0.321129,0.321129,0.321129,0.321129,0.321129,0.321129,0.321129,0.321129,0.321129,0.321129,0.321129
1026,9050,33656,0.503131,0.321129,12,26,3,0.321129,0.321129,0.321129,0.321129,0.321129,0.321129,0.321129,0.321129,0.321129,0.321129,0.321129,0.321129,0.321129,0.321129,0.321129,0.321129,0.321129,0.321129,0.321129,0.321129
1027,9060,33674,0.503131,0.321129,12,26,3,0.321129,0.321129,0.321129,0.321129,0.321129,0.321129,0.321129,0.321129,0.321129,0.321129,0.321129,0.321129,0.321129,0.321129,0.321129,0.321129,0.321129,0.321129,0.321129,0.321129
1028,9070,33717,0.503131,0.321129,12,26,3,0.321129,0.321129,0.321129,0.321129,0.321129,0.321129,0.321129,0.321129,0.321129,0.321129,0.321129,0.321129,0.321129,0.321129,0.321129,0.321129,0.321129,0.321129,0.321129,0.321129
1029,9080,33824,0.503131,0.321129,12,26,3,0.321129,0.321129,0.321129,0.321129,0.321129,0.321129,0.321129,0.321129,0.321129,0.321129,0.321129,0.321129,0.321129,0.321129,0.321129,0.321129,0.321129,0.321129,0.321129,0.321129
1030,9090,33841,0.503131,0.321129,12,26,3,0.321129,0.321129,0.321129,0.321129,0.321129,0.321129,0.321129,0.321129,0.321129,0.321129,0.321129,0.321129,0.321129,0.321129,0.321129,0.321129,0.321129,0.321129,0.321129,0.321129
1031,9100,33896,0.503131,0.321129,12,26,3,0.321129,0.321129,0.321129,0.321129,0.321129,0.321129,0.321129,0.321129,0.321129,0.321129,0.321129,0.321129,0.321129,0.321129,0.321129,0.321129,0.321129,0.321129,0.321129,0.321129
1032,9110,33907,0.503131,0.321129,12,26,3,0.321129,0.321129,0.321129,0.321129,0.321129,0.321129,0.321129,0.321129,0.321129,0.321129,0.321129,0.321129,0.321129,0.321129,0.321129,0.321129,0.321129,0.321129,0.321129,0.321129
1033,9120,34041,0.503131,0.321129,12,26,3,0.321129,0.321129,0.321129,0.321129,0.321129,0.321129,0.321129,0.321129,0.321129,0.321129,0.321129,0.321129,0.321129,0.321129,0.321129,0.321129,0.321129,0.321129,0.321129,0.321129
1034,9130,34066,0.503131,0.321129,12,26,3,0.321129,0.321129,0.321129,0.321129,0.321129,0.321129,0.321129,0.321129,0.321129,0.321129,0.321129,0.321129,0.321129,0.321129,0.321129,0.321129,0.321129,0.321129,0.321129,0.321129
1035,9140,34085,0.503131,0.321129,12,26,3,0.321129,0.321129,0.321129,0.321129,0.321129,0.321129,0.321129,0.321129,0.321129,0.321129,0.321129,0.321129,0.321129,0.321129,0.321129,0.321129,0.321129,0.321129,0.321129,0.321129
1036,9150,34166,0.503131,0.321129,12,26,3,0.321129,0.321129,0.321129,0.321129,0.321129,0.321129,0.321129,0.321129,0.321129,0.321129,0.321129,0.321129,0.321129,0.321129,0.321129,0.321129,0.321129,0.321129,0.321129,0.321129
1037,9160,34166,0.503131,0.321129,12,26,3,0.321129,0.321129,0.321129,0.321129,0.321129,0.321129,0.321129,0.321129,0.321129,0.321129,0.321129,0.321129,0.321129,0.321129,0.321129,0.321129,0.321129,0.321129,0.321129,0.321129
1038,9170,34179,0.503131,0.321129,12,26,3,0.321129,0.321129,0.321129,0.321129,0.321129,0.321129,0.321129,0.321129,0.321129,0.321129,0.321129,0.321129,0.321129,0.321129,0.321129,0.321129,0.321129,0.321129,0.321129,0.321129
1039,9180,34231,0.503131,0.321129,12,26,3,0.321129,0.321129,0.321129,0.321129,0.321129,0.321129,0.321129,0.321129,0.321129,0.321129,0.321129,0.321129,0.321129,0.321129,0.321129,0.321129,0.321129,0.321129,0.321129,0.321129
1040,9190,34411,0.503131,0.321129,12,26,3,0.321129,0.321129,0.321129,0.321129,0.321129,0.321129,0.321129,0.321129,0.321129,0.321129,0.321129,0.321129,0.321129,0.321129,0.321129,0.321129,0.321129,0.321129,0.321129,0.321129
1041,9200,34474,0.503131,0.321129,12,26,3,0.321129,0.321129,0.321129,0.321129,0.321129,0.321129,0.321129,0.321129,0.321129,0.321129,0.321129,0.321129,0.321129,0.321129,0.321129,0.321129,0.321129,0.321129,0.321129,0.321129
1042,9210,34487,0.503131,0.321129,12,26,3,0.321129,0.321129,0.321129,0.321129,0.321129,0.321129,0.321129,0.321129,0.321129,0.321129,0.321129,0.321129,0.321129,0.321129,0.321129,0.321129,0.321129,0.321129,0.321129,0.321129
1043,9220,34496,0.503131,0.321129,12,26,3,0.321129,0.321129,0.321129,0.321129,0.321129,0.321129,0.321129,0.321129,0.321129,0.321129,0.321129,0.321129,0.321129,0.321129,0.321129,0.321129,0.321129,0.321129,0.321129,0.321129
1044,9230,34544,0.503131,0.321129,12,26,3,0.321129,0.321129,0.321129,0.321129,0.321129,0.321129,0.321129,0.321129,0.321129,0.321129,0.321129,0.321129,0.321129,0.321129,0.321129,0.321129,0.321129,0.321129,0.321129,0.321129
1045,9240,34572,0.503131,0.321129,12,26,3,0.321129,0.321129,0.321129,0.321129,0.321129,0.321129,0.321129,0.321129,0.321129,0.321129,0.321129,0.321129,0.321129,0.321129,0.321129,0.321129,0.321129,0.321129,0.321129,0.321129
1046,9250,34574,0.503131,0.321129,12,26,3,0.321129,0.321129,0.321129,0.321129,0.321129,0.321129,0.321129,0.321129,0.321129,0.321129,0.321129,0.321129,0.321129,0.321129,0.321129,0.321129,0.321129,0.321129,0.321129,0.321129
1047,9260,34693,0.503131,0.321129,12,26,3,0.321129,0.321129,0.321129,0.321129,0.321129,0.321129,0.321129,0.321129,0.321129,0.321129,0.321129,0.321129,0.321129,0.321129,0.321129,0.321129,0.321129,0.321129,0.321129,0.321129
1048,9270,34697,0.503131,0.321129,12,26,3,0.321129,0.321129,0.321129,0.321129,0.321129,0.321129,0.321129,0.321129,0.321129,0.321129,0.321129,0.321129,0.321129,0.321129,0.321129,0.321129,0.321129,0.321129,0.321129,0.321129
1049,9280,34818,0.503131,0.321129,12,26,3,0.321129,0.321129,0.321129,0.321129,0.321129,0.321129,0.321129,0.321129,0.321129,0.321129,0.321129,0.321129,0.321129,0.321129,0.321129,0.321129,0.321129,0.321129,0.321129,0.321129
1050,9290,34823,0.503131,0.321129,12,26,3,0.321129,0.321129,0.321129,0.321129,0.321129,0.321129,0.321129,0.321129,0.321129,0.321129,0.321129,0.321129,0.321129,0.321129,0.321129,0.321129,0.321129,0.321129,0.321129,0.321129
1051,9300,34919,0.503131,0.321129,12,26,3,0.321129,0.321129,0.321129,0.321129,0.321129,0.321129,0.321129,0.321129,0.321129,0.321129,0.321129,0.321129,0.321129,0.321129,0.321129,0.321129,0.321129,0.321129,0.321129,0.321129
1052,9310,34957,0.503131,0.321129,12,26,3,0.321129,0.321129,0.321129,0.321129,0.321129,0.321129,0.321129,0.321129,0.321129,0.321129,0.321129,0.321129,0.321129,0.321129,0.321129,0.321129,0.321129,0.321129,0.321129,0.321129
1053,9320,34989,0.503131,0.321129,12,26,3,0.321129,0.321129,0.321129,0.321129,0.321129,0.321129,0.321129,0.321129,0.321129,0.321129,0.321129,0.321129,0.321129,0.321129,0.321129,0.321129,0.321129,0.321129,0.321129,0.321129
1054,9330,34998,0.503131,0.321129,12,26,3,0.321129,0.321129,0.321129,0.321129,0.321129,0.321129,0.321129,0.321129,0.321129,0.321129,0.321129,0.321129,0.321129,0.321129,0.321129,0.321129,0.321129,0.321129,0.321129,0.321129
1055,9340,35006,0.503131,0.321129,12,26,3,0.321129,0.321129,0.321129,0.321129,0.321129,0.321129,0.321129,0.321129,0.321129,0.321129,0.321129,0.321129,0.321129,0.321129,0.321129,0.321129,0.321129,0.321129,0.321129,0.321129
1056,9350,35097,0.503131,0.321129,12,26,3,0.321129,0.321129,0.321129,0.321129,0.321129,0.321129,0.321129,0.321129,0.321129,0.321129,0.321129,0.321129,0.321129,0.321129,0.321129,0.321129,0.321129,0.321129,0.321129,0.321129
1057,9360,35110,0.503131,0.321129,12,26,3,0.321129,0.321129,0.321129,0.321129,0.321129,0.321129,0.321129,0.321129,0.321129,0.321129,0.321129,0.321129,0.321129,0.321129,0.321129,0.321129,0.321129,0.321129,0.321129,0.321129
1058,9370,35161,0.503131,0.321129,12,26,3,0.321129,0.321129,0.321129,0.321129,0.321129,0.321129,0.321129,0.321129,0.321129,0.321129,0.321129,0.321129,0.321129,0.321129,0.321129,0.321129,0.321129,0.321129,0.321129,0.321129
1059,9380,35295,0.503131,0.321129,12,26,3,0.321129,0.321129,0.321129,0.321129,0.321129,0.321129,0.321129,0.321129,0.321129,0.321129,0.321129,0.321129,0.321129,0.321129,0.321129,0.321129,0.321129,0.321129,0.321129,0.321129
1060,9390,35324,0.503131,0.321129,12,26,3,0.321129,0.321129,0.321129,0.321129,0.321129,0.321129,0.321129,0.321129,0.321129,0.321129,0.321129,0.321129,0.321129,0.321129,0.321129,0.321129,0.321129,0.321129,0.321129,0.321129
1061,9400,35385,0.503131,0.321129,12,26,3,0.321129,0.321129,0.321129,0.321129,0.321129,0.321129,0.321129,0.321129,0.321129,0.321129,0.321129,0.321129,0.321129,0.321129,0.321129,0.321129,0.321129,0.321129,0.321129,0.321129
1062,9410,35391,0.503131,0.321129,12,26,3,0.321129,0.321129,0.321129,0.321129,0.321129,0.321129,0.321129,0.321129,0.321129,0.321129,0.321129,0.321129,0.321129,0.321129,0.321129,0.321129,0.321129,0.321129,0.321129,0.321129
1063,9420,35409,0.503131,0.321129,12,26,3,0.321129,0.321129,0.321129,0.321129,0.321129,0.321129,0.321129,0.321129,0.321129,0.321129,0.321129,0.321129,0.321129,0.321129,0.321129,0.321129,0.321129,0.321129,0.321129,0.321129
1064,9430,35479,0.503131,0.321129,12,26,3,0.321129,0.321129,0.321129,0.321129,0.321129,0.321129,0.321129,0.321129,0.321129,0.321129,0.321129,0.321129,0.321129,0.321129,0.321129,0.321129,0.321129,0.321129,0.321129,0.321129
1065,9440,35554,0.503131,0.321129,12,26,3,0.321129,0.321129,0.321129,0.321129,0.321129,0.321129,0.321129,0.321129,0.321129,0.321129,0.321129,0.321129,0.321129,0.321129,0.321129,0.321129,0.321129,0.321129,0.321129,0.321129
1066,9450,35562,0.503131,0.321129,12,26,3,0.321129,0.321129,0.321129,0.321129,0.321129,0.321129,0.321129,0.321129,0.321129,0.321129,0.321129,0.321129,0.321129,0.321129,0.321129,0.321129,0.321129,0.321129,0.321129,0.321129
1067,9460,35731,0.503131,0.321129,12,26,3,0.321129,0.321129,0.321129,0.321129,0.321129,0.321129,0.321129,0.321129,0.321129,0.321129,0.321129,0.321129,0.321129,0.321129,0.321129,0.321129,0.321129,0.321129,0.321129,0.321129
1068,9470,35744,0.503131,0.321129,12,26,3,0.321129,0.321129,0.321129,0.321129,0.321129,0.321129,0.321129,0.321129,0.321129,0.321129,0.321129,0.321129,0.321129,0.321129,0.321129,0.321129,0.321129,0.321129,0.321129,0.321129
1069,9480,35807,0.503131,0.321129,12,26,3,0.321129,0.321129,0.321129,0.321129,0.321129,0.321129,0.321129,0.321129,0.321129,0.321129,0.321129,0.321129,0.321129,0.321129,0.321129,0.321129,0.321129,0.321129,0.321129,0.321129
1070,9490,35851,0.503131,0.321129,12,26,3,0.321129,0.321129,0.321129,0.321129,0.321129,0.321129,0.321129,0.321129,0.321129,0.321129,0.321129,0.321129,0.321129,0.321129,0.321129,0.321129,0.321129,0.321129,0.321129,0.321129
1071,9500,35955,0.503131,0.321129,12,26,3,0.321129,0.321129,0.321129,0.321129,0.321129,0.321129,0.321129,0.321129,0.321129,0.321129,0.321129,0.321129,0.321129,0.321129,0.321129,0.321129,0.321129,0.321129,0.321129,0.321129
1072,9510,35968,0.503131,0.321129,12,23,6,0.321129,0.321129,0.321129,0.321129,0.321129,0.321129,0.321129,0.321129,0.321129,0.321129,0.321129,0.321129,0.321129,0.321129,0.321129,0.321129,0.321129,0.321129,0.321129,0.321129
1073,9520,35977,0.503131,0.321129,12,23,6,0.321129,0.321129,0.321129,0.321129,0.321129,0.321129,0.321129,0.321129,0.321129,0.321129,0.321129,0.321129,0.321129,0.321129,0.321129,0.321129,0.321129,0.321129,0.321129,0.321129
1074,9530,36073,0.503131,0.321129,12,23,6,0.321129,0.321129,0.321129,0.321129,0.321129,0.321129,0.321129,0.321129,0.321129,0.321129,0.321129,0.321129,0.321129,0.321129,0.321129,0.321129,0.321129,0.321129,0.321129,0.321129
1075,9540,36138,0.503131,0.321129,12,23,6,0.321129,0.321129,0.321129,0.321129,0.321129,0.321129,0.321129,0.321129,0.321129,0.321129,0.321129,0.321129,0.321129,0.321129,0.321129,0.321129,0.321129,0.321129,0.321129,0.321129
1076,9550,36145,0.503131,0.321129,12,23,6,0.321129,0.321129,0.321129,0.321129,0.321129,0.321129,0.321129,0.321129,0.321129,0.321129,0.321129,0.321129,0.321129,0.321129,0.321129,0.321129,0.321129,0.321129,0.321129,0.321129
1077,9560,36162,0.503131,0.321129,12,23,6,0.321129,0.321129,0.321129,0.321129,0.321129,0.321129,0.321129,0.321129,0.321129,0.321129,0.321129,0.321129,0.321129,0.321129,0.321129,0.321129,0.321129,0.321129,0.321129,0.321129
1078,9570,36271,0.503131,0.321129,12,23,6,0.321129,0.321129,0.321129,0.321129,0.321129,0.321129,0.321129,0.321129,0.321129,0.321129,0.321129,0.321129,0.321129,0.321129,0.321129,0.321129,0.321129,0.321129,0.321129,0.321129
1079,9580,36348,0.503131,0.321129,12,23,6,0.321129,0.321129,0.321129,0.321129,0.321129,0.321129,0.321129,0.321129,0.321129,0.321129,0.321129,0.321129,0.321129,0.321129,0.321129,0.321129,0.321129,0.321129,0.321129,0.321129
1080,9590,36359,0.503131,0.321129,12,23,6,0.321129,0.321129,0.321129,0.321129,0.321129,0.321129,0.321129,0.321129,0.321129,0.321129,0.321129,0.321129,0.321129,0.321129,0.321129,0.321129,0.321129,0.321129,0.321129,0.321129
1081,9600,36407,0.503131,0.321129,13,27,5,0.321129,0.321129,0.321129,0.321129,0.321129,0.321129,0.321129,0.321129,0.321129,0.321129,0.321129,0.321129,0.321129,0.321129,0.321129,0.321129,0.321129,0.321129,0.321129,0.321129
1082,9610,36476,0.503131,0.321129,13,27,5,0.321129,0.321129,0.321129,0.321129,0.321129,0.321129,0.321129,0.321129,0.321129,0.321129,0.321129,0.321129,0.321129,0.321129,0.321129,0.321129,0.321129,0.321129,0.321129,0.321129
1083,9620,36491,0.503131,0.321129,13,27,5,0.321129,0.321129,0.321129,0.321129,0.321129,0.321129,0.321129,0.321129,0.321129,0.321129,0.321129,0.321129,0.321129,0.321129,0.321129,0.321129,0.321129,0.321129,0.321129,0.321129
1084,9630,36555,0.503131,0.321129,13,27,5,0.321129,0.321129,0.321129,0.321129,0.321129,0.321129,0.321129,0.321129,0.321129,0.321129,0.321129,0.321129,0.321129,0.321129,0.321129,0.321129,0.321129,0.321129,0.321129,0.321129
1085,9640,36666,0.503131,0.321129,13,27,5,0.321129,0.321129,0.321129,0.321129,0.321129,0.321129,0.321129,0.321129,0.321129,0.321129,0.321129,0.321129,0.321129,0.321129,0.321129,0.321129,0.321129,0.321129,0.321129,0.321129
1086,9650,36694,0.503131,0.321129,13,27,5,0.321129,0.321129,0.321129,0.321129,0.321129,0.321129,0.321129,0.321129,0.321129,0.321129,0.321129,0.321129,0.321129,0.321129,0.321129,0.321129,0.321129,0.321129,0.321129,0.321129
1087,9660,36727,0.503131,0.321129,13,27,5,0.321129,0.321129,0.321129,0.321129,0.321129,0.321129,0.321129,0.321129,0.321129,0.321129,0.321129,0.321129,0.321129,0.321129,0.321129,0.321129,0.321129,0.321129,0.321129,0.321129
1088,9670,36795,0.503131,0.321129,13,27,5,0.321129,0.321129,0.321129,0.321129,0.321129,0.321129,0.321129,0.321129,0.321129,0.321129,0.321129,0.321129,0.321129,0.321129,0.321129,0.321129,0.321129,0.321129,0.321129,0.321129
1089,9680,36817,0.503131,0.321129,13,27,5,0.321129,0.321129,0.321129,0.321129,0.321129,0.321129,0.321129,0.321129,0.321129,0.321129,0.321129,0.321129,0.321129,0.321129,0.321129,0.321129,0.321129,0.321129,0.321129,0.321129
1090,9690,36907,0.503131,0.321129,13,27,5,0.321129,0.321129,0.321129,0.321129,0.321129,0.321129,0.321129,0.321129,0.321129,0.321129,0.321129,0.321129,0.321129,0.321129,0.321129,0.321129,0.321129,0.321129,0.321129,0.321129
1091,9700,36928,0.503131,0.321129,13,27,5,0.321129,0.321129,0.321129,0.321129,0.321129,0.321129,0.321129,0.321129,0.321129,0.321129,0.321129,0.321129,0.321129,0.321129,0.321129,0.321129,0.321129,0.321129,0.321129,0.321129
1092,9710,36970,0.503131,0.321129,13,27,5,0.321129,0.321129,0.321129,0.321129,0.321129,0.321129,0.321129,0.321129,0.321129,0.321129,0.321129,0.321129,0.321129,0.321129,0.321129,0.321129,0.321129,0.321129,0.321129,0.321129
1093,9720,37014,0.503131,0.321129,13,27,5,0.321129,0.321129,0.321129,0.321129,0.321129,0.321129,0.321129,0.321129,0.321129,0.321129,0.321129,0.321129,0.321129,0.321129,0.321129,0.321129,0.321129,0.321129,0.321129,0.321129
1094,9730,37037,0.503131,0.321129,13,27,5,0.321129,0.321129,0.321129,0.321129,0.321129,0.321129,0.321129,0.321129,0.321129,0.321129,0.321129,0.321129,0.321129,0.321129,0.321129,0.321129,0.321129,0.321129,0.321129,0.321129
1095,9740,37073,0.503131,0.321129,13,27,5,0.321129,0.321129,0.321129,0.321129,0.321129,0.321129,0.321129,0.321129,0.321129,0.321129,0.321129,0.321129,0.321129,0.321129,0.321129,0.321129,0.321129,0.321129,0.321129,0.321129
1096,9750,37182,0.503131,0.321129,13,27,5,0.321129,0.321129,0.321129,0.321129,0.321129,0.321129,0.321129,0.321129,0.321129,0.321129,0.321129,0.321129,0.321129,0.321129,0.321129,0.321129,0.321129,0.321129,0.321129,0.321129
1097,9760,37278,0.503131,0.321129,13,27,5,0.321129,0.321129,0.321129,0.321129,0.321129,0.321129,0.321129,0.321129,0.321129,0.321129,0.321129,0.321129,0.321129,0.321129,0.321129,0.321129,0.321129,0.321129,0.321129,0.321129
1098,9770,37284,0.503131,0.321129,13,27,5,0.321129,0.321129,0.321129,0.321129,0.321129,0.321129,0.321129,0.321129,0.321129,0.321129,0.321129,0.321129,0.321129,0.321129,0.321129,0.321129,0.321129,0.321129,0.321129,0.321129
1099,9780,37381,0.503131,0.321129,13,27,5,0.321129,0.321129,0.321129,0.321129,0.321129,0.321129,0.321129,0.321129,0.321129,0.321129,0.321129,0.321129,0.321129,0.321129,0.321129,0.321129,0.321129,0.321129,0.321129,0.321129
1100,9790,37409,0.503131,0.321129,13,27,5,0.321129,0.321129,0.321129,0.321129,0.321129,0.321129,0.321129,0.321129,0.321129,0.321129,0.321129,0.321129,0.321129,0.321129,0.321129,0.321129,0.321129,0.321129,0.321129,0.321129
1101,9800,37439,0.503131,0.321129,13,27,5,0.321129,0.321129,0.321129,0.321129,0.321129,0.321129,0.321129,0.321129,0.321129,0.321129,0.321129,0.321129,0.321129,0.321129,0.321129,0.321129,0.321129,0.321129,0.321129,0.321129
1102,9810,37488,0.503131,0.321129,13,27,5,0.321129,0.321129,0.321129,0.321129,0.321129,0.321129,0.321129,0.321129,0.321129,0.321129,0.321129,0.321129,0.321129,0.321129,0.321129,0.321129,0.321129,0.321129,0.321129,0.321129
1103,9820,37523,0.503131,0.321129,13,27,5,0.321129,0.321129,0.321129,0.321129,0.321129,0.321129,0.321129,0.321129,0.321129,0.321129,0.321129,0.321129,0.321129,0.321129,0.321129,0.321129,0.321129,0.321129,0.321129,0.321129
1104,9830,37576,0.503131,0.321129,13,27,5,0.321129,0.321129,0.321129,0.321129,0.321129,0.321129,0.321129,0.321129,0.321129,0.321129,0.321129,0.321129,0.321129,0.321129,0.321129,0.321129,0.321129,0.321129,0.321129,0.321129
1105,9840,37593,0.503131,0.321129,13,27,5,0.321129,0.321129,0.321129,0.321129,0.321129,0.321129,0.321129,0.321129,0.321129,0.321129,0.321129,0.321129,0.321129,0.321129,0.321129,0.321129,0.321129,0.321129,0.321129,0.321129
1106,9850,37722,0.503131,0.321129,13,27,5,0.321129,0.321129,0.321129,0.321129,0.321129,0.321129,0.321129,0.321129,0.321129,0.321129,0.321129,0.321129,0.321129,0.321129,0.321129,0.321129,0.321129,0.321129,0.321129,0.321129
1107,9860,37822,0.503131,0.321129,13,27,5,0.321129,0.321129,0.321129,0.321129,0.321129,0.321129,0.321129,0.321129,0.321129,0.321129,0.321129,0.321129,0.321129,0.321129,0.321129,0.321129,0.321129,0.321129,0.321129,0.321129
1108,9870,37825,0.503131,0.321129,13,27,5,0.321129,0.321129,0.321129,0.321129,0.321129,0.321129,0.321129,0.321129,0.321129,0.321129,0.321129,0.321129,0.321129,0.321129,0.321129,0.321129,0.321129,0.321129,0.321129,0.321129
1109,9880,37833,0.503131,0.321129,13,27,5,0.321129,0.321129,0.321129,0.321129,0.321129,0.321129,0.321129,0.321129,0.321129,0.321129,0.321129,0.321129,0.321129,0.321129,0.321129,0.321129,0.321129,0.321129,0.321129,0.321129
1110,9890,37892,0.503131,0.321129,13,27,5,0.321129,0.321129,0.321129,0.321129,0.321129,0.321129,0.321129,0.321129,0.321129,0.321129,0.321129,0.321129,0.321129,0.321129,0.321129,0.321129,0.321129,0.321129,0.321129,0.321129
1111,9900,37913,0.503131,0.321129,13,27,5,0.321129,0.321129,0.321129,0.321129,0.321129,0.321129,0.321129,0.321129,0.321129,0.321129,0.321129,0.321129,0.321129,0.321129,0.321129,0.321129,0.321129,0.321129,0.321129,0.321129
1112,9910,37992,0.503131,0.321129,13,27,5,0.321129,0.321129,0.321129,0.321129,0.321129,0.321129,0.321129,0.321129,0.321129,0.321129,0.321129,0.321129,0.321129,0.321129,0.321129,0.321129,0.321129,0.321129,0.321129,0.321129
1113,9920,38054,0.503131,0.321129,13,27,5,0.321129,0.321129,0.321129,0.321129,0.321129,0.321129,0.321129,0.321129,0.321129,0.321129,0.321129,0.321129,0.321129,0.321129,0.321129,0.321129,0.321129,0.321129,0.321129,0.321129
1114,9930,38130,0.503131,0.321129,13,27,5,0.321129,0.321129,0.321129,0.321129,0.321129,0.321129,0.321129,0.321129,0.321129,0.321129,0.321129,0.321129,0.321129,0.321129,0.321129,0.321129,0.321129,0.321129,0.321129,0.321129
1115,9940,38196,0.503131,0.321129,13,27,5,0.321129,0.321129,0.321129,0.321129,0.321129,0.321129,0.321129,0.321129,0.321129,0.321129,0.321129,0.321129,0.321129,0.321129,0.321129,0.321129,0.321129,0.321129,0.321129,0.321129
1116,9950,38200,0.503131,0.321129,13,27,5,0.321129,0.321129,0.321129,0.321129,0.321129,0.321129,0.321129,0.321129,0.321129,0.321129,0.321129,0.321129,0.321129,0.321129,0.321129,0.321129,0.321129,0.321129,0.321129,0.321129
1117,9960,38218,0.503131,0.321129,13,27,5,0.321129,0.321129,0.321129,0.321129,0.321129,0.321129,0.321129,0.321129,0.321129,0.321129,0.321129,0.321129,0.321129,0.321129,0.321129,0.321129,0.321129,0.321129,0.321129,0.321129
1118,9970,38243,0.503131,0.321129,13,27,5,0.321129,0.321129,0.321129,0.321129,0.321129,0.321129,0.321129,0.321129,0.321129,0.321129,0.321129,0.321129,0.321129,0.321129,0.321129,0.321129,0.321129,0.321129,0.321129,0.321129
1119,9980,38267,0.503131,0.321129,13,27,5,0.321129,0.321129,0.321129,0.321129,0.321129,0.321129,0.321129,0.321129,0.321129,0.321129,0.321129,0.321129,0.321129,0.321129,0.321129,0.321129,0.321129,0.321129,0.321129,0.321129
1120,9990,38279,0.503131,0.321129,13,27,5,0.321129,0.321129,0.321129,0.321129,0.321129,0.321129,0.321129,0.321129,0.321129,0.321129,0.321129,0.321129,0.321129,0.321129,0.321129,0.321129,0.321129,0.321129,0.321129,0.321129
1121,10000,38433,0.503131,0.321129,13,27,5,0.321129,0.321129,0.321129,0.321129,0.321129,0.321129,0.321129,0.321129,0.321129,0.321129,0.321129,0.321129,0.321129,0.321129,0.321129,0.321129,0.321129,0.321129,0.321129,0.321129
1122,10010,38534,0.503131,0.321129,13,27,5,0.321129,0.321129,0.321129,0.321129,0.321129,0.321129,0.321129,0.321129,0.321129,0.321129,0.321129,0.321129,0.321129,0.321129,0.321129,0.321129,0.321129,0.321129,0.321129,0.321129
1123,10020,38578,0.503131,0.321129,13,27,5,0.321129,0.321129,0.321129,0.321129,0.321129,0.321129,0.321129,0.321129,0.321129,0.321129,0.321129,0.321129,0.321129,0.321129,0.321129,0.321129,0.321129,0.321129,0.321129,0.321129
1124,10030,38611,0.503131,0.321129,13,27,5,0.321129,0.321129,0.321129,0.321129,0.321129,0.321129,0.321129,0.321129,0.321129,0.321129,0.321129,0.321129,0.321129,0.321129,0.321129,0.321129,0.321129,0.321129,0.321129,0.321129
1125,10040,38637,0.503131,0.321129,13,27,5,0.321129,0.321129,0.321129,0.321129,0.321129,0.321129,0.321129,0.321129,0.321129,0.321129,0.321129,0.321129,0.321129,0.321129,0.321129,0.321129,0.321129,0.321129,0.321129,0.321129
1126,10050,38652,0.503131,0.321129,13,27,5,0.321129,0.321129,0.321129,0.321129,0.321129,0.321129,0.321129,0.321129,0.321129,0.321129,0.321129,0.321129,0.321129,0.321129,0.321129,0.321129,0.321129,0.321129,0.321129,0.321129
1127,10060,38669,0.503131,0.321129,13,27,5,0.321129,0.321129,0.321129,0.321129,0.321129,0.321129,0.321129,0.321129,0.321129,0.321129,0.321129,0.321129,0.321129,0.321129,0.321129,0.321129,0.321129,0.321129,0.321129,0.321129
1128,10070,38676,0.503131,0.321129,13,27,5,0.321129,0.321129,0.321129,0.321129,0.321129,0.321129,0.321129,0.321129,0.321129,0.321129,0.321129,0.321129,0.321129,0.321129,0.321129,0.321129,0.321129,0.321129,0.321129,0.321129
1129,10080,38849,0.503131,0.321129,13,27,5,0.321129,0.321129,0.321129,0.321129,0.321129,0.321129,0.321129,0.321129,0.321129,0.321129,0.321129,0.321129,0.321129,0.321129,0.321129,0.321129,0.321129,0.321129,0.321129,0.321129
1130,10090,38905,0.503131,0.321129,13,27,5,0.321129,0.321129,0.321129,0.321129,0.321129,0.321129,0.321129,0.321129,0.321129,0.321129,0.321129,0.321129,0.321129,0.321129,0.321129,0.321129,0.321129,0.321129,0.321129,0.321129
1131,10100,38951,0.503131,0.321129,13,27,5,0.321129,0.321129,0.321129,0.321129,0.321129,0.321129,0.321129,0.321129,0.321129,0.321129,0.321129,0.321129,0.321129,0.321129,0.321129,0.321129,0.321129,0.321129,0.321129,0.321129
1132,10110,39000,0.503131,0.321129,13,27,5,0.321129,0.321129,0.321129,0.321129,0.321129,0.321129,0.321129,0.321129,0.321129,0.321129,0.321129,0.321129,0.321129,0.321129,0.321129,0.321129,0.321129,0.321129,0.321129,0.321129
1133,10120,39011,0.503131,0.321129,13,27,5,0.321129,0.321129,0.321129,0.321129,0.321129,0.321129,0.321129,0.321129,0.321129,0.321129,0.321129,0.321129,0.321129,0.321129,0.321129,0.321129,0.321129,0.321129,0.321129,0.321129
1134,10130,39030,0.503131,0.321129,13,27,5,0.321129,0.321129,0.321129,0.321129,0.321129,0.321129,0.321129,0.321129,0.321129,0.321129,0.321129,0.321129,0.321129,0.321129,0.321129,0.321129,0.321129,0.321129,0.321129,0.321129
1135,10140,39053,0.503131,0.321129,13,27,5,0.321129,0.321129,0.321129,0.321129,0.321129,0.321129,0.321129,0.321129,0.321129,0.321129,0.321129,0.321129,0.321129,0.321129,0.321129,0.321129,0.321129,0.321129,0.321129,0.321129
1136,10150,39072,0.503131,0.321129,13,27,5,0.321129,0.321129,0.321129,0.321129,0.321129,0.321129,0.321129,0.321129,0.321129,0.321129,0.321129,0.321129,0.321129,0.321129,0.321129,0.321129,0.321129,0.321129,0.321129,0.321129
1137,10160,39233,0.503131,0.321129,13,27,5,0.321129,0.321129,0.321129,0.321129,0.321129,0.321129,0.321129,0.321129,0.321129,0.321129,0.321129,0.321129,0.321129,0.321129,0.321129,0.321129,0.321129,0.321129,0.321129,0.321129
1138,10170,39281,0.503131,0.321129,13,27,5,0.321129,0.321129,0.321129,0.321129,0.321129,0.321129,0.321129,0.321129,0.321129,0.321129,0.321129,0.321129,0.321129,0.321129,0.321129,0.321129,0.321129,0.321129,0.321129,0.321129
1139,10180,39295,0.503131,0.321129,13,27,5,0.321129,0.321129,0.321129,0.321129,0.321129,0.321129,0.321129,0.321129,0.321129,0.321129,0.321129,0.321129,0.321129,0.321129,0.321129,0.321129,0.321129,0.321129,0.321129,0.321129
1140,10190,39300,0.503131,0.321129,13,27,5,0.321129,0.321129,0.321129,0.321129,0.321129,0.321129,0.321129,0.321129,0.321129,0.321129,0.321129,0.321129,0.321129,0.321129,0.321129,0.321129,0.321129,0.321129,0.321129,0.321129
1141,10200,39356,0.503131,0.321129,13,27,5,0.321129,0.321129,0.321129,0.321129,0.321129,0.321129,0.321129,0.321129,0.321129,0.321129,0.321129,0.321129,0.321129,0.321129,0.321129,0.321129,0.321129,0.321129,0.321129,0.321129
1142,10210,39369,0.503131,0.321129,13,27,5,0.321129,0.321129,0.321129,0.321129,0.321129,0.321129,0.321129,0.321129,0.321129,0.321129,0.321129,0.321129,0.321129,0.321129,0.321129,0.321129,0.321129,0.321129,0.321129,0.321129
1143,10220,39387,0.503131,0.321129,13,27,5,0.321129,0.321129,0.321129,0.321129,0.321129,0.321129,0.321129,0.321129,0.321129,0.321129,0.321129,0.321129,0.321129,0.321129,0.321129,0.321129,0.321129,0.321129,0.321129,0.321129
1144,10230,39559,0.503131,0.321129,13,27,5,0.321129,0.321129,0.321129,0.321129,0.321129,0.321129,0.321129,0.321129,0.321129,0.321129,0.321129,0.321129,0.321129,0.321129,0.321129,0.321129,0.321129,0.321129,0.321129,0.321129
1145,10240,39569,0.503131,0.321129,13,27,5,0.321129,0.321129,0.321129,0.321129,0.321129,0.321129,0.321129,0.321129,0.321129,0.321129,0.321129,0.321129,0.321129,0.321129,0.321129,0.321129,0.321129,0.321129,0.321129,0.321129
1146,10250,39604,0.503131,0.321129,13,27,5,0.321129,0.321129,0.321129,0.321129,0.321129,0.321129,0.321129,0.321129,0.321129,0.321129,0.321129,0.321129,0.321129,0.321129,0.321129,0.321129,0.321129,0.321129,0.321129,0.321129
1147,10260,39726,0.503131,0.321129,13,27,5,0.321129,0.321129,0.321129,0.321129,0.321129,0.321129,0.321129,0.321129,0.321129,0.321129,0.321129,0.321129,0.321129,0.321129,0.321129,0.321129,0.321129,0.321129,0.321129,0.321129
1148,10270,39726,0.503131,0.321129,13,27,5,0.321129,0.321129,0.321129,0.321129,0.321129,0.321129,0.321129,0.321129,0.321129,0.321129,0.321129,0.321129,0.321129,0.321129,0.321129,0.321129,0.321129,0.321129,0.321129,0.321129
1149,10280,39726,0.503131,0.321129,13,27,5,0.321129,0.321129,0.321129,0.321129,0.321129,0.321129,0.321129,0.321129,0.321129,0.321129,0.321129,0.321129,0.321129,0.321129,0.321129,0.321129,0.321129,0.321129,0.321129,0.321129
1150,10290,39768,0.503131,0.321129,13,27,5,0.321129,0.321129,0.321129,0.321129,0.321129,0.321129,0.321129,0.321129,0.321129,0.321129,0.321129,0.321129,0.321129,0.321129,0.321129,0.321129,0.321129,0.321129,0.321129,0.321129
1151,10300,39864,0.503131,0.321129,13,27,5,0.321129,0.321129,0.321129,0.321129,0.321129,0.321129,0.321129,0.321129,0.321129,0.321129,0.321129,0.321129,0.321129,0.321129,0.321129,0.321129,0.321129,0.321129,0.321129,0.321129
1152,10310,39907,0.503131,0.321129,13,27,5,0.321129,0.321129,0.321129,0.321129,0.321129,0.321129,0.321129,0.321129,0.321129,0.321129,0.321129,0.321129,0.321129,0.321129,0.321129,0.321129,0.321129,0.321129,0.321129,0.321129
1153,10320,39956,0.503131,0.321129,13,27,5,0.321129,0.321129,0.321129,0.321129,0.321129,0.321129,0.321129,0.321129,0.321129,0.321129,0.321129,0.321129,0.321129,0.321129,0.321129,0.321129,0.321129,0.321129,0.321129,0.321129
1154,10330,39987,0.503131,0.321129,13,27,5,0.321129,0.321129,0.321129,0.321129,0.321129,0.321129,0.321129,0.321129,0.321129,0.321129,0.321129,0.321129,0.321129,0.321129,0.321129,0.321129,0.321129,0.321129,0.321129,0.321129
1155,10340,40112,0.503131,0.321129,13,27,5,0.321129,0.321129,0.321129,0.321129,0.321129,0.321129,0.321129,0.321129,0.321129,0.321129,0.321129,0.321129,0.321129,0.321129,0.321129,0.321129,0.321129,0.321129,0.321129,0.321129
1156,10350,40137,0.503131,0.321129,13,27,5,0.321129,0.321129,0.321129,0.321129,0.321129,0.321129,0.321129,0.321129,0.321129,0.321129,0.321129,0.321129,0.321129,0.321129,0.321129,0.321129,0.321129,0.321129,0.321129,0.321129
1157,10360,40162,0.503131,0.321129,13,27,5,0.321129,0.321129,0.321129,0.321129,0.321129,0.321129,0.321129,0.321129,0.321129,0.321129,0.321129,0.321129,0.321129,0.321129,0.321129,0.321129,0.321129,0.321129,0.321129,0.321129
1158,10370,40197,0.503131,0.321129,13,27,5,0.321129,0.321129,0.321129,0.321129,0.321129,0.321129,0.321129,0.321129,0.321129,0.321129,0.321129,0.321129,0.321129,0.321129,0.321129,0.321129,0.321129,0.321129,0.321129,0.321129
1159,10380,40265,0.503131,0.321129,13,27,5,0.321129,0.321129,0.321129,0.321129,0.321129,0.321129,0.321129,0.321129,0.321129,0.321129,0.321129,0.321129,0.321129,0.321129,0.321129,0.321129,0.321129,0.321129,0.321129,0.321129
1160,10390,40361,0.503131,0.321129,13,27,5,0.321129,0.321129,0.321129,0.321129,0.321129,0.321129,0.321129,0.321129,0.321129,0.321129,0.321129,0.321129,0.321129,0.321129,0.321129,0.321129,0.321129,0.321129,0.321129,0.321129
1161,10400,40399,0.503131,0.321129,13,27,5,0.321129,0.321129,0.321129,0.321129,0.321129,0.321129,0.321129,0.321129,0.321129,0.321129,0.321129,0.321129,0.321129,0.321129,0.321129,0.321129,0.321129,0.321129,0.321129,0.321129
1162,10410,40444,0.503131,0.321129,13,27,5,0.321129,0.321129,0.321129,0.321129,0.321129,0.321129,0.321129,0.321129,0.321129,0.321129,0.321129,0.321129,0.321129,0.321129,0.321129,0.321129,0.321129,0.321129,0.321129,0.321129
1163,10420,40469,0.503131,0.321129,13,27,5,0.321129,0.321129,0.321129,0.321129,0.321129,0.321129,0.321129,0.321129,0.321129,0.321129,0.321129,0.321129,0.321129,0.321129,0.321129,0.321129,0.321129,0.321129,0.321129,0.321129
1164,10430,40479,0.503131,0.321129,13,27,5,0.321129,0.321129,0.321129,0.321129,0.321129,0.321129,0.321129,0.321129,0.321129,0.321129,0.321129,0.321129,0.321129,0.321129,0.321129,0.321129,0.321129,0.321129,0.321129,0.321129
1165,10440,40609,0.503131,0.321129,13,27,5,0.321129,0.321129,0.321129,0.321129,0.321129,0.321129,0.321129,0.321129,0.321129,0.321129,0.321129,0.321129,0.321129,0.321129,0.321129,0.321129,0.321129,0.321129,0.321129,0.321129
1166,10450,40768,0.503131,0.321129,13,27,5,0.321129,0.321129,0.321129,0.321129,0.321129,0.321129,0.321129,0.321129,0.321129,0.321129,0.321129,0.321129,0.321129,0.321129,0.321129,0.321129,0.321129,0.321129,0.321129,0.321129
1167,10460,40770,0.503131,0.321129,13,27,5,0.321129,0.321129,0.321129,0.321129,0.321129,0.321129,0.321129,0.321129,0.321129,0.321129,0.321129,0.321129,0.321129,0.321129,0.321129,0.321129,0.321129,0.321129,0.321129,0.321129
1168,10470,40774,0.503131,0.321129,13,27,5,0.321129,0.321129,0.321129,0.321129,0.321129,0.321129,0.321129,0.321129,0.321129,0.321129,0.321129,0.321129,0.321129,0.321129,0.321129,0.321129,0.321129,0.321129,0.321129,0.321129
1169,10480,40775,0.503131,0.321129,13,27,5,0.321129,0.321129,0.321129,0.321129,0.321129,0.321129,0.321129,0.321129,0.321129,0.321129,0.321129,0.321129,0.321129,0.321129,0.321129,0.321129,0.321129,0.321129,0.321129,0.321129
1170,10490,40839,0.503131,0.321129,13,27,5,0.321129,0.321129,0.321129,0.321129,0.321129,0.321129,0.321129,0.321129,0.321129,0.321129,0.321129,0.321129,0.321129,0.321129,0.321129,0.321129,0.321129,0.321129,0.321129,0.321129
1171,10500,40874,0.503131,0.321129,13,27,5,0.321129,0.321129,0.321129,0.321129,0.321129,0.321129,0.321129,0.321129,0.321129,0.321129,0.321129,0.321129,0.321129,0.321129,0.321129,0.321129,0.321129,0.321129,0.321129,0.321129
1172,10510,41063,0.503131,0.321129,13,27,5,0.321129,0.321129,0.321129,0.321129,0.321129,0.321129,0.321129,0.321129,0.321129,0.321129,0.321129,0.321129,0.321129,0.321129,0.321129,0.321129,0.321129,0.321129,0.321129,0.321129
1173,10520,41075,0.503131,0.321129,13,27,5,0.321129,0.321129,0.321129,0.321129,0.321129,0.321129,0.321129,0.321129,0.321129,0.321129,0.321129,0.321129,0.321129,0.321129,0.321129,0.321129,0.321129,0.321129,0.321129,0.321129
1174,10530,41085,0.503131,0.321129,13,27,5,0.321129,0.321129,0.321129,0.321129,0.321129,0.321129,0.321129,0.321129,0.321129,0.321129,0.321129,0.321129,0.321129,0.321129,0.321129,0.321129,0.321129,0.321129,0.321129,0.321129
1175,10540,41157,0.503131,0.321129,13,27,5,0.321129,0.321129,0.321129,0.321129,0.321129,0.321129,0.321129,0.321129,0.321129,0.321129,0.321129,0.321129,0.321129,0.321129,0.321129,0.321129,0.321129,0.321129,0.321129,0.321129
1176,10550,41167,0.503131,0.321129,13,27,5,0.321129,0.321129,0.321129,0.321129,0.321129,0.321129,0.321129,0.321129,0.321129,0.321129,0.321129,0.321129,0.321129,0.321129,0.321129,0.321129,0.321129,0.321129,0.321129,0.321129
1177,10560,41280,0.503131,0.321129,13,27,5,0.321129,0.321129,0.321129,0.321129,0.321129,0.321129,0.321129,0.321129,0.321129,0.321129,0.321129,0.321129,0.321129,0.321129,0.321129,0.321129,0.321129,0.321129,0.321129,0.321129
1178,10570,41280,0.503131,0.321129,13,27,5,0.321129,0.321129,0.321129,0.321129,0.321129,0.321129,0.321129,0.321129,0.321129,0.321129,0.321129,0.321129,0.321129,0.321129,0.321129,0.321129,0.321129,0.321129,0.321129,0.321129
1179,10580,41355,0.503131,0.321129,13,27,5,0.321129,0.321129,0.321129,0.321129,0.321129,0.321129,0.321129,0.321129,0.321129,0.321129,0.321129,0.321129,0.321129,0.321129,0.321129,0.321129,0.321129,0.321129,0.321129,0.321129
1180,10590,41419,0.503131,0.321129,13,27,5,0.321129,0.321129,0.321129,0.321129,0.321129,0.321129,0.321129,0.321129,0.321129,0.321129,0.321129,0.321129,0.321129,0.321129,0.321129,0.321129,0.321129,0.321129,0.321129,0.321129
1181,10600,41461,0.503131,0.321129,13,27,5,0.321129,0.321129,0.321129,0.321129,0.321129,0.321129,0.321129,0.321129,0.321129,0.321129,0.321129,0.321129,0.321129,0.321129,0.321129,0.321129,0.321129,0.321129,0.321129,0.321129
1182,10610,41514,0.503131,0.321129,13,27,5,0.321129,0.321129,0.321129,0.321129,0.321129,0.321129,0.321129,0.321129,0.321129,0.321129,0.321129,0.321129,0.321129,0.321129,0.321129,0.321129,0.321129,0.321129,0.321129,0.321129
1183,10620,41703,0.503131,0.321129,13,27,5,0.321129,0.321129,0.321129,0.321129,0.321129,0.321129,0.321129,0.321129,0.321129,0.321129,0.321129,0.321129,0.321129,0.321129,0.321129,0.321129,0.321129,0.321129,0.321129,0.321129
1184,10630,41746,0.503131,0.321129,13,27,5,0.321129,0.321129,0.321129,0.321129,0.321129,0.321129,0.321129,0.321129,0.321129,0.321129,0.321129,0.321129,0.321129,0.321129,0.321129,0.321129,0.321129,0.321129,0.321129,0.321129
1185,10640,41755,0.503131,0.321129,13,27,5,0.321129,0.321129,0.321129,0.321129,0.321129,0.321129,0.321129,0.321129,0.321129,0.321129,0.321129,0.321129,0.321129,0.321129,0.321129,0.321129,0.321129,0.321129,0.321129,0.321129
1186,10650,41756,0.503131,0.321129,13,27,5,0.321129,0.321129,0.321129,0.321129,0.321129,0.321129,0.321129,0.321129,0.321129,0.321129,0.321129,0.321129,0.321129,0.321129,0.321129,0.321129,0.321129,0.321129,0.321129,0.321129
1187,10660,41804,0.503131,0.321129,13,27,5,0.321129,0.321129,0.321129,0.321129,0.321129,0.321129,0.321129,0.321129,0.321129,0.321129,0.321129,0.321129,0.321129,0.321129,0.321129,0.321129,0.321129,0.321129,0.321129,0.321129
1188,10670,41880,0.503131,0.321129,13,27,5,0.321129,0.321129,0.321129,0.321129,0.321129,0.321129,0.321129,0.321129,0.321129,0.321129,0.321129,0.321129,0.321129,0.321129,0.321129,0.321129,0.321129,0.321129,0.321129,0.321129
1189,10680,41896,0.503131,0.321129,13,27,5,0.321129,0.321129,0.321129,0.321129,0.321129,0.321129,0.321129,0.321129,0.321129,0.321129,0.321129,0.321129,0.321129,0.321129,0.321129,0.321129,0.321129,0.321129,0.321129,0.321129
1190,10690,41948,0.503131,0.321129,13,27,5,0.321129,0.321129,0.321129,0.321129,0.321129,0.321129,0.321129,0.321129,0.321129,0.321129,0.321129,0.321129,0.321129,0.321129,0.321129,0.321129,0.321129,0.321129,0.321129,0.321129
1191,10700,42005,0.503131,0.321129,13,27,5,0.321129,0.321129,0.321129,0.321129,0.321129,0.321129,0.321129,0.321129,0.321129,0.321129,0.321129,0.321129,0.321129,0.321129,0.321129,0.321129,0.321129,0.321129,0.321129,0.321129
1192,10710,42091,0.503131,0.321129,13,27,5,0.321129,0.321129,0.321129,0.321129,0.321129,0.321129,0.321129,0.321129,0.321129,0.321129,0.321129,0.321129,0.321129,0.321129,0.321129,0.321129,0.321129,0.321129,0.321129,0.321129
1193,10720,42110,0.503131,0.321129,13,27,5,0.321129,0.321129,0.321129,0.321129,0.321129,0.321129,0.321129,0.321129,0.321129,0.321129,0.321129,0.321129,0.321129,0.321129,0.321129,0.321129,0.321129,0.321129,0.321129,0.321129
1194,10730,42219,0.503131,0.321129,13,27,5,0.321129,0.321129,0.321129,0.321129,0.321129,0.321129,0.321129,0.321129,0.321129,0.321129,0.321129,0.321129,0.321129,0.321129,0.321129,0.321129,0.321129,0.321129,0.321129,0.321129
1195,10740,42233,0.503131,0.321129,13,27,5,0.321129,0.321129,0.321129,0.321129,0.321129,0.321129,0.321129,0.321129,0.321129,0.321129,0.321129,0.321129,0.321129,0.321129,0.321129,0.321129,0.321129,0.321129,0.321129,0.321129
1196,10750,42306,0.503131,0.321129,13,27,5,0.321129,0.321129,0.321129,0.321129,0.321129,0.321129,0.321129,0.321129,0.321129,0.321129,0.321129,0.321129,0.321129,0.321129,0.321129,0.321129,0.321129,0.321129,0.321129,0.321129
1197,10760,42360,0.503131,0.321129,13,27,5,0.321129,0.321129,0.321129,0.321129,0.321129,0.321129,0.321129,0.321129,0.321129,0.321129,0.321129,0.321129,0.321129,0.321129,0.321129,0.321129,0.321129,0.321129,0.321129,0.321129
1198,10770,42392,0.503131,0.321129,13,27,5,0.321129,0.321129,0.321129,0.321129,0.321129,0.321129,0.321129,0.321129,0.321129,0.321129,0.321129,0.321129,0.321129,0.321129,0.321129,0.321129,0.321129,0.321129,0.321129,0.321129
1199,10780,42477,0.503131,0.321129,13,27,5,0.321129,0.321129,0.321129,0.321129,0.321129,0.321129,0.321129,0.321129,0.321129,0.321129,0.321129,0.321129,0.321129,0.321129,0.321129,0.321129,0.321129,0.321129,0.321129,0.321129
1200,10790,42488,0.503131,0.321129,13,27,5,0.321129,0.321129,0.321129,0.321129,0.321129,0.321129,0.321129,0.321129,0.321129,0.321129,0.321129,0.321129,0.321129,0.321129,0.321129,0.321129,0.321129,0.321129,0.321129,0.321129
1201,10800,42606,0.503131,0.321129,13,27,5,0.321129,0.321129,10000000.000000,10000000.000000,0.321129,0.321129,0.321129,0.321129,0.321129,0.321129,0.321129,0.321129,0.321129,0.321129,0.321129,0.321129,0.321129,0.321129,0.321129,0.321129
1202,10810,42629,0.503131,0.321129,13,27,5,0.321129,0.321129,10000000.000000,10000000.000000,0.321129,0.321129,0.321129,0.321129,0.321129,0.321129,0.321129,0.321129,0.321129,0.321129,0.321129,0.321129,0.321129,0.321129,0.321129,0.321129
1203,10820,42648,0.503131,0.321129,13,27,5,0.321129,0.321129,10000000.000000,10000000.000000,0.321129,0.321129,0.321129,0.321129,0.321129,0.321129,0.321129,0.321129,0.321129,0.321129,0.321129,0.321129,0.321129,0.321129,0.321129,0.321129
1204,10830,42773,0.503131,0.321129,13,27,5,0.321129,0.321129,10000000.000000,10000000.000000,0.321129,0.321129,0.321129,0.321129,0.321129,0.321129,0.321129,0.321129,0.321129,0.321129,0.321129,0.321129,0.321129,0.321129,0.321129,0.321129
1205,10840,42841,0.503131,0.321129,13,27,5,0.321129,0.321129,10000000.000000,10000000.000000,0.321129,0.321129,0.321129,0.321129,0.321129,0.321129,0.321129,0.321129,0.321129,0.321129,0.321129,0.321129,0.321129,0.321129,0.321129,0.321129
1206,10850,42856,0.503131,0.321129,13,27,5,0.321129,0.321129,10000000.000000,10000000.000000,0.321129,0.321129,0.321129,0.321129,0.321129,0.321129,0.321129,0.321129,0.321129,0.321129,0.321129,0.321129,0.321129,0.321129,0.321129,0.321129
1207,10860,42863,0.503131,0.321129,13,27,5,0.321129,0.321129,10000000.000000,10000000.000000,0.321129,0.321129,0.321129,0.321129,0.321129,0.321129,0.321129,0.321129,0.321129,0.321129,0.321129,0.321129,0.321129,0.321129,0.321129,0.321129
1208,10870,42934,0.503131,0.321129,13,27,5,0.321129,0.321129,10000000.000000,10000000.000000,0.321129,0.321129,0.321129,0.321129,0.321129,0.321129,0.321129,0.321129,0.321129,0.321129,0.321129,0.321129,0.321129,0.321129,0.321129,0.321129
1209,10880,43072,0.503131,0.321129,13,27,5,0.321129,0.321129,0.321129,0.321129,0.321129,0.321129,0.321129,0.321129,0.321129,0.321129,0.321129,0.321129,0.321129,0.321129,0.321129,0.321129,0.321129,0.321129,0.321129,0.321129
1210,10890,43077,0.503131,0.321129,13,27,5,0.321129,0.321129,0.321129,0.321129,0.321129,0.321129,0.321129,0.321129,0.321129,0.321129,0.321129,0.321129,0.321129,0.321129,0.321129,0.321129,0.321129,0.321129,0.321129,0.321129
1211,10900,43117,0.503131,0.321129,13,27,5,0.321129,0.321129,0.321129,0.321129,0.321129,0.321129,0.321129,0.321129,0.321129,0.321129,0.321129,0.321129,0.321129,0.321129,0.321129,0.321129,0.321129,0.321129,0.321129,0.321129
1212,10910,43229,0.503131,0.321129,13,27,5,0.321129,0.321129,0.321129,0.321129,0.321129,0.321129,0.321129,0.321129,0.321129,0.321129,0.321129,0.321129,0.321129,0.321129,0.321129,0.321129,0.321129,0.321129,0.321129,0.321129
1213,10920,43266,0.503131,0.321129,13,27,5,0.321129,0.321129,0.321129,0.321129,0.321129,0.321129,0.321129,0.321129,0.321129,0.321129,0.321129,0.321129,0.321129,0.321129,0.321129,0.321129,0.321129,0.321129,0.321129,0.321129
1214,10930,43286,0.503131,0.321129,13,27,5,0.321129,0.321129,0.321129,0.321129,0.321129,0.321129,0.321129,0.321129,0.321129,0.321129,0.321129,0.321129,0.321129,0.321129,0.321129,0.321129,0.321129,0.321129,0.321129,0.321129
1215,10940,43329,0.503131,0.321129,13,27,5,0.321129,0.321129,0.321129,0.321129,0.321129,0.321129,0.321129,0.321129,0.321129,0.321129,0.321129,0.321129,0.321129,0.321129,0.321129,0.321129,0.321129,0.321129,0.321129,0.321129
1216,10950,43351,0.503131,0.321129,13,27,5,0.321129,0.321129,0.321129,0.321129,0.321129,0.321129,0.321129,0.321129,0.321129,0.321129,0.321129,0.321129,0.321129,0.321129,0.321129,0.321129,0.321129,0.321129,0.321129,0.321129
1217,10960,43546,0.503131,0.321129,13,27,5,0.321129,0.321129,0.321129,0.321129,0.321129,0.321129,0.321129,0.321129,0.321129,0.321129,0.321129,0.321129,0.321129,0.321129,0.321129,0.321129,0.321129,0.321129,0.321129,0.321129
1218,10970,43646,0.503131,0.321129,13,27,5,0.321129,0.321129,0.321129,0.321129,0.321129,0.321129,0.321129,0.321129,0.321129,0.321129,0.321129,0.321129,0.321129,0.321129,0.321129,0.321129,0.321129,0.321129,0.321129,0.321129
1219,10980,43657,0.503131,0.321129,13,27,5,0.321129,0.321129,0.321129,0.321129,0.321129,0.321129,0.321129,0.321129,0.321129,0.321129,0.321129,0.321129,0.321129,0.321129,0.321129,0.321129,0.321129,0.321129,0.321129,0.321129
1220,10990,43757,0.503131,0.321129,13,27,5,0.321129,0.321129,0.321129,0.321129,0.321129,0.321129,0.321129,0.321129,0.321129,0.321129,0.321129,0.321129,0.321129,0.321129,0.321129,0.321129,0.321129,0.321129,0.321129,0.321129
1221,11000,43762,0.503131,0.321129,13,27,5,0.321129,0.321129,0.321129,0.321129,0.321129,0.321129,0.321129,0.321129,0.321129,0.321129,0.321129,0.321129,0.321129,0.321129,0.321129,0.321129,0.321129,0.321129,0.321129,0.321129
1222,11010,43779,0.503131,0.321129,13,27,5,0.321129,0.321129,0.321129,0.321129,0.321129,0.321129,0.321129,0.321129,0.321129,0.321129,0.321129,0.321129,0.321129,0.321129,0.321129,0.321129,0.321129,0.321129,0.321129,0.321129
1223,11020,43859,0.503131,0.321129,13,27,5,0.321129,0.321129,0.321129,0.321129,0.321129,0.321129,0.321129,0.321129,0.321129,0.321129,0.321129,0.321129,0.321129,0.321129,0.321129,0.321129,0.321129,0.321129,0.321129,0.321129
1224,11030,43986,0.503131,0.321129,13,27,5,0.321129,0.321129,0.321129,0.321129,0.321129,0.321129,0.321129,0.321129,0.321129,0.321129,0.321129,0.321129,0.321129,0.321129,0.321129,0.321129,0.321129,0.321129,0.321129,0.321129
1225,11040,43986,0.503131,0.321129,13,27,5,0.321129,0.321129,0.321129,0.321129,0.321129,0.321129,0.321129,0.321129,0.321129,0.321129,0.321129,0.321129,0.321129,0.321129,0.321129,0.321129,0.321129,0.321129,0.321129,0.321129
1226,11050,44051,0.503131,0.321129,13,27,5,0.321129,0.321129,0.321129,0.321129,0.321129,0.321129,0.321129,0.321129,0.321129,0.321129,0.321129,0.321129,0.321129,0.321129,0.321129,0.321129,0.321129,0.321129,0.321129,0.321129
1227,11060,44074,0.503131,0.321129,13,27,5,0.321129,0.321129,0.321129,0.321129,0.321129,0.321129,0.321129,0.321129,0.321129,0.321129,0.321129,0.321129,0.321129,0.321129,0.321129,0.321129,0.321129,0.321129,0.321129,0.321129
1228,11070,44164,0.503131,0.321129,13,27,5,0.321129,0.321129,0.321129,0.321129,0.321129,0.321129,0.321129,0.321129,0.321129,0.321129,0.321129,0.321129,0.321129,0.321129,0.321129,0.321129,0.321129,0.321129,0.321129,0.321129
1229,11080,44167,0.503131,0.321129,13,27,5,0.321129,0.321129,0.321129,0.321129,0.321129,0.321129,0.321129,0.321129,0.321129,0.321129,0.321129,0.321129,0.321129,0.321129,0.321129,0.321129,0.321129,0.321129,0.321129,0.321129
1230,11090,44170,0.503131,0.321129,13,27,5,0.321129,0.321129,0.321129,0.321129,0.321129,0.321129,0.321129,0.321129,0.321129,0.321129,0.321129,0.321129,0.321129,0.321129,0.321129,0.321129,0.321129,0.321129,0.321129,0.321129
1231,11100,44240,0.503131,0.321129,13,27,5,0.321129,0.321129,0.321129,0.321129,0.321129,0.321129,0.321129,0.321129,0.321129,0.321129,0.321129,0.321129,0.321129,0.321129,0.321129,0.321129,0.321129,0.321129,0.321129,0.321129
1232,11110,44300,0.503131,0.321129,13,27,5,0.321129,0.321129,0.321129,0.321129,0.321129,0.321129,0.321129,0.321129,0.321129,0.321129,0.321129,0.321129,0.321129,0.321129,0.321129,0.321129,0.321129,0.321129,0.321129,0.321129
1233,11120,44454,0.503131,0.321129,13,27,5,0.321129,0.321129,0.321129,0.321129,0.321129,0.321129,0.321129,0.321129,0.321129,0.321129,0.321129,0.321129,0.321129,0.321129,0.321129,0.321129,0.321129,0.321129,0.321129,0.321129
1234,11130,44495,0.503131,0.321129,13,27,5,0.321129,0.321129,0.321129,0.321129,0.321129,0.321129,0.321129,0.321129,0.321129,0.321129,0.321129,0.321129,0.321129,0.321129,0.321129,0.321129,0.321129,0.321129,0.321129,0.321129
1235,11140,44516,0.503131,0.321129,13,27,5,0.321129,0.321129,0.321129,0.321129,0.321129,0.321129,0.321129,0.321129,0.321129,0.321129,0.321129,0.321129,0.321129,0.321129,0.321129,0.321129,0.321129,0.321129,0.321129,0.321129
1236,11150,44562,0.503131,0.321129,13,27,5,0.321129,0.321129,0.321129,0.321129,0.321129,0.321129,0.321129,0.321129,0.321129,0.321129,0.321129,0.321129,0.321129,0.321129,0.321129,0.321129,0.321129,0.321129,0.321129,0.321129
1237,11160,44583,0.503131,0.321129,13,27,5,0.321129,0.321129,0.321129,0.321129,0.321129,0.321129,0.321129,0.321129,0.321129,0.321129,0.321129,0.321129,0.321129,0.321129,0.321129,0.321129,0.321129,0.321129,0.321129,0.321129
1238,11170,44648,0.503131,0.321129,13,27,5,0.321129,0.321129,0.321129,0.321129,0.321129,0.321129,0.321129,0.321129,0.321129,0.321129,0.321129,0.321129,0.321129,0.321129,0.321129,0.321129,0.321129,0.321129,0.321129,0.321129
1239,11180,44671,0.503131,0.321129,13,27,5,0.321129,0.321129,0.321129,0.321129,0.321129,0.321129,0.321129,0.321129,0.321129,0.321129,0.321129,0.321129,0.321129,0.321129,0.321129,0.321129,0.321129,0.321129,0.321129,0.321129
1240,11190,44689,0.503131,0.321129,13,27,5,0.321129,0.321129,0.321129,0.321129,0.321129,0.321129,0.321129,0.321129,0.321129,0.321129,0.321129,0.321129,0.321129,0.321129,0.321129,0.321129,0.321129,0.321129,0.321129,0.321129
1241,11200,44754,0.503131,0.321129,13,27,5,0.321129,0.321129,0.321129,0.321129,0.321129,0.321129,0.321129,0.321129,0.321129,0.321129,0.321129,0.321129,0.321129,0.321129,0.321129,0.321129,0.321129,0.321129,0.321129,0.321129
1242,11210,44877,0.503131,0.321129,13,27,5,0.321129,0.321129,0.321129,0.321129,0.321129,0.321129,0.321129,0.321129,0.321129,0.321129,0.321129,0.321129,0.321129,0.321129,0.321129,0.321129,0.321129,0.321129,0.321129,0.321129
1243,11220,44940,0.503131,0.321129,13,27,5,0.321129,0.321129,0.321129,0.321129,0.321129,0.321129,0.321129,0.321129,0.321129,0.321129,0.321129,0.321129,0.321129,0.321129,0.321129,0.321129,0.321129,0.321129,0.321129,0.321129
1244,11230,44958,0.503131,0.321129,13,27,5,0.321129,0.321129,0.321129,0.321129,0.321129,0.321129,0.321129,0.321129,0.321129,0.321129,0.321129,0.321129,0.321129,0.321129,0.321129,0.321129,0.321129,0.321129,0.321129,0.321129
1245,11240,44978,0.503131,0.321129,13,27,5,0.321129,0.321129,0.321129,0.321129,0.321129,0.321129,0.321129,0.321129,0.321129,0.321129,0.321129,0.321129,0.321129,0.321129,0.321129,0.321129,0.321129,0.321129,0.321129,0.321129
1246,11250,45081,0.503131,0.321129,13,27,5,0.321129,0.321129,0.321129,0.321129,0.321129,0.321129,0.321129,0.321129,0.321129,0.321129,0.321129,0.321129,0.321129,0.321129,0.321129,0.321129,0.321129,0.321129,0.321129,0.321129
1247,11260,45130,0.503131,0.321129,13,27,5,0.321129,0.321129,0.321129,0.321129,0.321129,0.321129,0.321129,0.321129,0.321129,0.321129,0.321129,0.321129,0.321129,0.321129,0.321129,0.321129,0.321129,0.321129,0.321129,0.321129
1248,11270,45134,0.503131,0.321129,13,27,5,0.321129,0.321129,0.321129,0.321129,0.321129,0.321129,0.321129,0.321129,0.321129,0.321129,0.321129,0.321129,0.321129,0.321129,0.321129,0.321129,0.321129,0.321129,0.321129,0.321129
1249,11280,45152,0.503131,0.321129,13,27,5,0.321129,0.321129,0.321129,0.321129,0.321129,0.321129,0.321129,0.321129,0.321129,0.321129,0.321129,0.321129,0.321129,0.321129,0.321129,0.321129,0.321129,0.321129,0.321129,0.321129
1250,11290,45308,0.503131,0.321129,13,27,5,0.321129,0.321129,0.321129,0.321129,0.321129,0.321129,0.321129,0.321129,0.321129,0.321129,0.321129,0.321129,0.321129,0.321129,0.321129,0.321129,0.321129,0.321129,0.321129,0.321129
1251,11300,45325,0.503131,0.321129,13,27,5,0.321129,0.321129,0.321129,0.321129,0.321129,0.321129,0.321129,0.321129,0.321129,0.321129,0.321129,0.321129,0.321129,0.321129,0.321129,0.321129,0.321129,0.321129,0.321129,0.321129
1252,11310,45330,0.503131,0.321129,13,27,5,0.321129,0.321129,0.321129,0.321129,0.321129,0.321129,0.321129,0.321129,0.321129,0.321129,0.321129,0.321129,0.321129,0.321129,0.321129,0.321129,0.321129,0.321129,0.321129,0.321129
1253,11320,45386,0.503131,0.321129,13,27,5,0.321129,0.321129,0.321129,0.321129,0.321129,0.321129,0.321129,0.321129,0.321129,0.321129,0.321129,0.321129,0.321129,0.321129,0.321129,0.321129,0.321129,0.321129,0.321129,0.321129
1254,11330,45456,0.503131,0.321129,13,27,5,0.321129,0.321129,0.321129,0.321129,0.321129,0.321129,0.321129,0.321129,0.321129,0.321129,0.321129,0.321129,0.321129,0.321129,0.321129,0.321129,0.321129,0.321129,0.321129,0.321129
1255,11340,45457,0.503131,0.321129,13,27,5,0.321129,0.321129,0.321129,0.321129,0.321129,0.321129,0.321129,0.321129,0.321129,0.321129,0.321129,0.321129,0.321129,0.321129,0.321129,0.321129,0.321129,0.321129,0.321129,0.321129
1256,11350,45503,0.503131,0.321129,13,27,5,0.321129,0.321129,0.321129,0.321129,0.321129,0.321129,0.321129,0.321129,0.321129,0.321129,0.321129,0.321129,0.321129,0.321129,0.321129,0.321129,0.321129,0.321129,0.321129,0.321129
1257,11360,45516,0.503131,0.321129,13,27,5,0.321129,0.321129,0.321129,0.321129,0.321129,0.321129,0.321129,0.321129,0.321129,0.321129,0.321129,0.321129,0.321129,0.321129,0.321129,0.321129,0.321129,0.321129,0.321129,0.321129
1258,11370,45673,0.503131,0.321129,13,27,5,0.321129,0.321129,0.321129,0.321129,0.321129,0.321129,0.321129,0.321129,0.321129,0.321129,0.321129,0.321129,0.321129,0.321129,0.321129,0.321129,0.321129,0.321129,0.321129,0.321129
1259,11380,45711,0.503131,0.321129,13,27,5,0.321129,0.321129,0.321129,0.321129,0.321129,0.321129,0.321129,0.321129,0.321129,0.321129,0.321129,0.321129,0.321129,0.321129,0.321129,0.321129,0.321129,0.321129,0.321129,0.321129
1260,11390,45769,0.503131,0.321129,13,27,5,0.321129,0.321129,0.321129,0.321129,0.321129,0.321129,0.321129,0.321129,0.321129,0.321129,0.321129,0.321129,0.321129,0.321129,0.321129,0.321129,0.321129,0.321129,0.321129,0.321129
1261,11400,45840,0.503131,0.321129,13,27,5,0.321129,0.321129,0.321129,0.321129,0.321129,0.321129,0.321129,0.321129,0.321129,0.321129,0.321129,0.321129,0.321129,0.321129,0.321129,0.321129,0.321129,0.321129,0.321129,0.321129
1262,11410,45867,0.503131,0.321129,13,27,5,0.321129,0.321129,0.321129,0.321129,0.321129,0.321129,0.321129,0.321129,0.321129,0.321129,0.321129,0.321129,0.321129,0.321129,0.321129,0.321129,0.321129,0.321129,0.321129,0.321129
1263,11420,45872,0.503131,0.321129,13,27,5,0.321129,0.321129,0.321129,0.321129,0.321129,0.321129,0.321129,0.321129,0.321129,0.321129,0.321129,0.321129,0.321129,0.321129,0.321129,0.321129,0.321129,0.321129,0.321129,0.321129
1264,11430,45904,0.503131,0.321129,13,27,5,0.321129,0.321129,0.321129,0.321129,0.321129,0.321129,0.321129,0.321129,0.321129,0.321129,0.321129,0.321129,0.321129,0.321129,0.321129,0.321129,0.321129,0.321129,0.321129,0.321129
1265,11440,45978,0.503131,0.321129,13,27,5,0.321129,0.321129,0.321129,0.321129,0.321129,0.321129,0.321129,0.321129,0.321129,0.321129,0.321129,0.321129,0.321129,0.321129,0.321129,0.321129,0.321129,0.321129,0.321129,0.321129
1266,11450,46143,0.503131,0.321129,13,27,5,0.321129,0.321129,0.321129,0.321129,0.321129,0.321129,0.321129,0.321129,0.321129,0.321129,0.321129,0.321129,0.321129,0.321129,0.321129,0.321129,0.321129,0.321129,0.321129,0.321129
1267,11460,46167,0.503131,0.321129,13,27,5,0.321129,0.321129,0.321129,0.321129,0.321129,0.321129,0.321129,0.321129,0.321129,0.321129,0.321129,0.321129,0.321129,0.321129,0.321129,0.321129,0.321129,0.321129,0.321129,0.321129
1268,11470,46251,0.503131,0.321129,13,27,5,0.321129,0.321129,0.321129,0.321129,0.321129,0.321129,0.321129,0.321129,0.321129,0.321129,0.321129,0.321129,0.321129,0.321129,0.321129,0.321129,0.321129,0.321129,0.321129,0.321129
1269,11480,46271,0.503131,0.321129,13,27,5,0.321129,0.321129,0.321129,0.321129,0.321129,0.321129,0.321129,0.321129,0.321129,0.321129,0.321129,0.321129,0.321129,0.321129,0.321129,0.321129,0.321129,0.321129,0.321129,0.321129
1270,11490,46278,0.503131,0.321129,13,27,5,0.321129,0.321129,0.321129,0.321129,0.321129,0.321129,0.321129,0.321129,0.321129,0.321129,0.321129,0.321129,0.321129,0.321129,0.321129,0.321129,0.321129,0.321129,0.321129,0.321129
1271,11500,46362,0.503131,0.321129,13,27,5,0.321129,0.321129,0.321129,0.321129,0.321129,0.321129,0.321129,0.321129,0.321129,0.321129,0.321129,0.321129,0.321129,0.321129,0.321129,0.321129,0.321129,0.321129,0.321129,0.321129
1272,11510,46422,0.503131,0.321129,13,27,5,0.321129,0.321129,0.321129,0.321129,0.321129,0.321129,0.321129,0.321129,0.321129,0.321129,0.321129,0.321129,0.321129,0.321129,0.321129,0.321129,0.321129,0.321129,0.321129,0.321129
1273,11520,46598,0.503131,0.321129,13,27,5,0.321129,0.321129,0.321129,0.321129,0.321129,0.321129,0.321129,0.321129,0.321129,0.321129,0.321129,0.321129,0.321129,0.321129,0.321129,0.321129,0.321129,0.321129,0.321129,0.321129
1274,11530,46623,0.503131,0.321129,13,27,5,0.321129,0.321129,0.321129,0.321129,0.321129,0.321129,0.321129,0.321129,0.321129,0.321129,0.321129,0.321129,0.321129,0.321129,0.321129,0.321129,0.321129,0.321129,0.321129,0.321129
1275,11540,46668,0.503131,0.321129,13,27,5,0.321129,0.321129,0.321129,0.321129,0.321129,0.321129,0.321129,0.321129,0.321129,0.321129,0.321129,0.321129,0.321129,0.321129,0.321129,0.321129,0.321129,0.321129,0.321129,0.321129
1276,11550,46714,0.503131,0.321129,13,27,5,0.321129,0.321129,0.321129,0.321129,0.321129,0.321129,0.321129,0.321129,0.321129,0.321129,0.321129,0.321129,0.321129,0.321129,0.321129,0.321129,0.321129,0.321129,0.321129,0.321129
1277,11560,46741,0.503131,0.321129,13,27,5,0.321129,0.321129,0.321129,0.321129,0.321129,0.321129,0.321129,0.321129,0.321129,0.321129,0.321129,0.321129,0.321129,0.321129,0.321129,0.321129,0.321129,0.321129,0.321129,0.321129
1278,11570,46755,0.503131,0.321129,13,27,5,0.321129,0.321129,0.321129,0.321129,0.321129,0.321129,0.321129,0.321129,0.321129,0.321129,0.321129,0.321129,0.321129,0.321129,0.321129,0.321129,0.321129,0.321129,0.321129,0.321129
1279,11580,46774,0.503131,0.321129,13,27,5,0.321129,0.321129,0.321129,0.321129,0.321129,0.321129,0.321129,0.321129,0.321129,0.321129,0.321129,0.321129,0.321129,0.321129,0.321129,0.321129,0.321129,0.321129,0.321129,0.321129
1280,11590,46780,0.503131,0.321129,13,27,5,0.321129,0.321129,0.321129,0.321129,0.321129,0.321129,0.321129,0.321129,0.321129,0.321129,0.321129,0.321129,0.321129,0.321129,0.321129,0.321129,0.321129,0.321129,0.321129,0.321129
1281,11600,47040,0.503131,0.321129,13,27,5,0.321129,0.321129,0.321129,0.321129,0.321129,0.321129,0.321129,0.321129,0.321129,0.321129,0.321129,0.321129,0.321129,0.321129,0.321129,0.321129,0.321129,0.321129,0.321129,0.321129
1282,11610,47041,0.503131,0.321129,13,27,5,0.321129,0.321129,0.321129,0.321129,0.321129,0.321129,0.321129,0.321129,0.321129,0.321129,0.321129,0.321129,0.321129,0.321129,0.321129,0.321129,0.321129,0.321129,0.321129,0.321129
1283,11620,47064,0.503131,0.321129,13,27,5,0.321129,0.321129,0.321129,0.321129,0.321129,0.321129,0.321129,0.321129,0.321129,0.321129,0.321129,0.321129,0.321129,0.321129,0.321129,0.321129,0.321129,0.321129,0.321129,0.321129
1284,11630,47104,0.503131,0.321129,13,27,5,0.321129,0.321129,0.321129,0.321129,0.321129,0.321129,0.321129,0.321129,0.321129,0.321129,0.321129,0.321129,0.321129,0.321129,0.321129,0.321129,0.321129,0.321129,0.321129,0.321129
1285,11640,47124,0.503131,0.321129,13,27,5,0.321129,0.321129,0.321129,0.321129,0.321129,0.321129,0.321129,0.321129,0.321129,0.321129,0.321129,0.321129,0.321129,0.321129,0.321129,0.321129,0.321129,0.321129,0.321129,0.321129
1286,11650,47194,0.503131,0.321129,13,27,5,0.321129,0.321129,0.321129,0.321129,0.321129,0.321129,0.321129,0.321129,0.321129,0.321129,0.321129,0.321129,0.321129,0.321129,0.321129,0.321129,0.321129,0.321129,0.321129,0.321129
1287,11660,47266,0.503131,0.321129,13,27,5,0.321129,0.321129,0.321129,0.321129,0.321129,0.321129,0.321129,0.321129,0.321129,0.321129,0.321129,0.321129,0.321129,0.321129,0.321129,0.321129,0.321129,0.321129,0.321129,0.321129
1288,11670,47424,0.503131,0.321129,13,27,5,0.321129,0.321129,0.321129,0.321129,0.321129,0.321129,0.321129,0.321129,0.321129,0.321129,0.321129,0.321129,0.321129,0.321129,0.321129,0.321129,0.321129,0.321129,0.321129,0.321129
1289,11680,47443,0.503131,0.321129,13,27,5,0.321129,0.321129,0.321129,0.321129,0.321129,0.321129,0.321129,0.321129,0.321129,0.321129,0.321129,0.321129,0.321129,0.321129,0.321129,0.321129,0.321129,0.321129,0.321129,0.321129
1290,11690,47530,0.503131,0.321129,13,27,5,0.321129,0.321129,0.321129,0.321129,0.321129,0.321129,0.321129,0.321129,0.321129,0.321129,0.321129,0.321129,0.321129,0.321129,0.321129,0.321129,0.321129,0.321129,0.321129,0.321129
1291,11700,47544,0.503131,0.321129,13,27,5,0.321129,0.321129,0.321129,0.321129,0.321129,0.321129,0.321129,0.321129,0.321129,0.321129,0.321129,0.321129,0.321129,0.321129,0.321129,0.321129,0.321129,0.321129,0.321129,0.321129
1292,11710,47553,0.503131,0.321129,13,27,5,0.321129,0.321129,0.321129,0.321129,0.321129,0.321129,0.321129,0.321129,0.321129,0.321129,0.321129,0.321129,0.321129,0.321129,0.321129,0.321129,0.321129,0.321129,0.321129,0.321129
1293,11720,47583,0.503131,0.321129,13,27,5,0.321129,0.321129,0.321129,0.321129,0.321129,0.321129,0.321129,0.321129,0.321129,0.321129,0.321129,0.321129,0.321129,0.321129,0.321129,0.321129,0.321129,0.321129,0.321129,0.321129
1294,11730,47631,0.503131,0.321129,13,27,5,0.321129,0.321129,0.321129,0.321129,0.321129,0.321129,0.321129,0.321129,0.321129,0.321129,0.321129,0.321129,0.321129,0.321129,0.321129,0.321129,0.321129,0.321129,0.321129,0.321129
1295,11740,47829,0.503131,0.321129,13,27,5,0.321129,0.321129,0.321129,0.321129,0.321129,0.321129,0.321129,0.321129,0.321129,0.321129,0.321129,0.321129,0.321129,0.321129,0.321129,0.321129,0.321129,0.321129,0.321129,0.321129
1296,11750,47844,0.503131,0.321129,13,27,5,0.321129,0.321129,0.321129,0.321129,0.321129,0.321129,0.321129,0.321129,0.321129,0.321129,0.321129,0.321129,0.321129,0.321129,0.321129,0.321129,0.321129,0.321129,0.321129,0.321129
1297,11760,47853,0.503131,0.321129,13,27,5,0.321129,0.321129,0.321129,0.321129,0.321129,0.321129,0.321129,0.321129,0.321129,0.321129,0.321129,0.321129,0.321129,0.321129,0.321129,0.321129,0.321129,0.321129,0.321129,0.321129
1298,11770,47920,0.503131,0.321129,13,27,5,0.321129,0.321129,0.321129,0.321129,0.321129,0.321129,0.321129,0.321129,0.321129,0.321129,0.321129,0.321129,0.321129,0.321129,0.321129,0.321129,0.321129,0.321129,0.321129,0.321129
1299,11780,47967,0.503131,0.321129,13,27,5,0.321129,0.321129,0.321129,0.321129,0.321129,0.321129,0.321129,0.321129,0.321129,0.321129,0.321129,0.321129,0.321129,0.321129,0.321129,0.321129,0.321129,0.321129,0.321129,0.321129
1300,11790,47970,0.503131,0.321129,13,27,5,0.321129,0.321129,0.321129,0.321129,0.321129,0.321129,0.321129,0.321129,0.321129,0.321129,0.321129,0.321129,0.321129,0.321129,0.321129,0.321129,0.321129,0.321129,0.321129,0.321129
1301,11800,47998,0.503131,0.321129,13,27,5,0.321129,0.321129,0.321129,0.321129,0.321129,0.321129,0.321129,0.321129,0.321129,0.321129,0.321129,0.321129,0.321129,0.321129,0.321129,0.321129,0.321129,0.321129,0.321129,0.321129
1302,11810,48035,0.503131,0.321129,13,27,5,0.321129,0.321129,0.321129,0.321129,0.321129,0.321129,0.321129,0.321129,0.321129,0.321129,0.321129,0.321129,0.321129,0.321129,0.321129,0.321129,0.321129,0.321129,0.321129,0.321129
1303,11820,48201,0.503131,0.321129,13,27,5,0.321129,0.321129,0.321129,0.321129,0.321129,0.321129,0.321129,0.321129,0.321129,0.321129,0.321129,0.321129,0.321129,0.321129,0.321129,0.321129,0.321129,0.321129,0.321129,0.321129
1304,11830,48231,0.503131,0.321129,13,27,5,0.321129,0.321129,0.321129,0.321129,0.321129,0.321129,0.321129,0.321129,0.321129,0.321129,0.321129,0.321129,0.321129,0.321129,0.321129,0.321129,0.321129,0.321129,0.321129,0.321129
1305,11840,48288,0.503131,0.321129,13,27,5,0.321129,0.321129,0.321129,0.321129,0.321129,0.321129,0.321129,0.321129,0.321129,0.321129,0.321129,0.321129,0.321129,0.321129,0.321129,0.321129,0.321129,0.321129,0.321129,0.321129
1306,11850,48330,0.503131,0.321129,13,27,5,0.321129,0.321129,0.321129,0.321129,0.321129,0.321129,0.321129,0.321129,0.321129,0.321129,0.321129,0.321129,0.321129,0.321129,0.321129,0.321129,0.321129,0.321129,0.321129,0.321129
1307,11860,48344,0.503131,0.321129,13,27,5,0.321129,0.321129,0.321129,0.321129,0.321129,0.321129,0.321129,0.321129,0.321129,0.321129,0.321129,0.321129,0.321129,0.321129,0.321129,0.321129,0.321129,0.321129,0.321129,0.321129
1308,11870,48376,0.503131,0.321129,13,27,5,0.321129,0.321129,0.321129,0.321129,0.321129,0.321129,0.321129,0.321129,0.321129,0.321129,0.321129,0.321129,0.321129,0.321129,0.321129,0.321129,0.321129,0.321129,0.321129,0.321129
1309,11880,48434,0.503131,0.321129,13,27,5,0.321129,0.321129,0.321129,0.321129,0.321129,0.321129,0.321129,0.321129,0.321129,0.321129,0.321129,0.321129,0.321129,0.321129,0.321129,0.321129,0.321129,0.321129,0.321129,0.321129
1310,11890,48452,0.503131,0.321129,13,27,5,0.321129,0.321129,0.321129,0.321129,0.321129,0.321129,0.321129,0.321129,0.321129,0.321129,0.321129,0.321129,0.321129,0.321129,0.321129,0.321129,0.321129,0.321129,0.321129,0.321129
1311,11900,48554,0.503131,0.321129,13,27,5,0.321129,0.321129,0.321129,0.321129,0.321129,0.321129,0.321129,0.321129,0.321129,0.321129,0.321129,0.321129,0.321129,0.321129,0.321129,0.321129,0.321129,0.321129,0.321129,0.321129
1312,11910,48719,0.503131,0.321129,13,27,5,0.321129,0.321129,0.321129,0.321129,0.321129,0.321129,0.321129,0.321129,0.321129,0.321129,0.321129,0.321129,0.321129,0.321129,0.321129,0.321129,0.321129,0.321129,0.321129,0.321129
1313,11920,48748,0.503131,0.321129,13,27,5,0.321129,0.321129,0.321129,0.321129,0.321129,0.321129,0.321129,0.321129,0.321129,0.321129,0.321129,0.321129,0.321129,0.321129,0.321129,0.321129,0.321129,0.321129,0.321129,0.321129
1314,11930,48757,0.503131,0.321129,13,27,5,0.321129,0.321129,0.321129,0.321129,0.321129,0.321129,0.321129,0.321129,0.321129,0.321129,0.321129,0.321129,0.321129,0.321129,0.321129,0.321129,0.321129,0.321129,0.321129,0.321129
1315,11940,48763,0.503131,0.321129,13,27,5,0.321129,0.321129,0.321129,0.321129,0.321129,0.321129,0.321129,0.321129,0.321129,0.321129,0.321129,0.321129,0.321129,0.321129,0.321129,0.321129,0.321129,0.321129,0.321129,0.321129
1316,11950,48769,0.503131,0.321129,13,27,5,0.321129,0.321129,0.321129,0.321129,0.321129,0.321129,0.321129,0.321129,0.321129,0.321129,0.321129,0.321129,0.321129,0.321129,0.321129,0.321129,0.321129,0.321129,0.321129,0.321129
1317,11960,48815,0.503131,0.321129,13,27,5,0.321129,0.321129,0.321129,0.321129,0.321129,0.321129,0.321129,0.321129,0.321129,0.321129,0.321129,0.321129,0.321129,0.321129,0.321129,0.321129,0.321129,0.321129,0.321129,0.321129
1318,11970,48954,0.503131,0.321129,13,27,5,0.321129,0.321129,0.321129,0.321129,0.321129,0.321129,0.321129,0.321129,0.321129,0.321129,0.321129,0.321129,0.321129,0.321129,0.321129,0.321129,0.321129,0.321129,0.321129,0.321129
1319,11980,49024,0.503131,0.321129,13,27,5,0.321129,0.321129,0.321129,0.321129,0.321129,0.321129,0.321129,0.321129,0.321129,0.321129,0.321129,0.321129,0.321129,0.321129,0.321129,0.321129,0.321129,0.321129,0.321129,0.321129
1320,11990,49106,0.503131,0.321129,13,27,5,0.321129,0.321129,0.321129,0.321129,0.321129,0.321129,0.321129,0.321129,0.321129,0.321129,0.321129,0.321129,0.321129,0.321129,0.321129,0.321129,0.321129,0.321129,0.321129,0.321129
1321,12000,49169,0.503131,0.321129,13,27,5,0.321129,0.321129,0.321129,0.321129,0.321129,0.321129,0.321129,0.321129,0.321129,0.321129,0.321129,0.321129,0.321129,0.321129,0.321129,0.321129,0.321129,0.321129,0.321129,0.321129
1322,12010,49199,0.503131,0.321129,13,27,5,0.321129,0.321129,0.321129,0.321129,0.321129,0.321129,0.321129,0.321129,0.321129,0.321129,0.321129,0.321129,0.321129,0.321129,0.321129,0.321129,0.321129,0.321129,0.321129,0.321129
1323,12020,49232,0.503131,0.321129,13,27,5,0.321129,0.321129,0.321129,0.321129,0.321129,0.321129,0.321129,0.321129,0.321129,0.321129,0.321129,0.321129,0.321129,0.321129,0.321129,0.321129,0.321129,0.321129,0.321129,0.321129
1324,12030,49273,0.503131,0.321129,13,27,5,0.321129,0.321129,0.321129,0.321129,0.321129,0.321129,0.321129,0.321129,0.321129,0.321129,0.321129,0.321129,0.321129,0.321129,0.321129,0.321129,0.321129,0.321129,0.321129,0.321129
1325,12040,49359,0.503131,0.321129,13,27,5,0.321129,0.321129,0.321129,0.321129,0.321129,0.321129,0.321129,0.321129,0.321129,0.321129,0.321129,0.321129,0.321129,0.321129,0.321129,0.321129,0.321129,0.321129,0.321129,0.321129
1326,12050,49374,0.503131,0.321129,13,27,5,0.321129,0.321129,0.321129,0.321129,0.321129,0.321129,0.321129,0.321129,0.321129,0.321129,0.321129,0.321129,0.321129,0.321129,0.321129,0.321129,0.321129,0.321129,0.321129,0.321129
1327,12060,49464,0.503131,0.321129,13,27,5,0.321129,0.321129,0.321129,0.321129,0.321129,0.321129,0.321129,0.321129,0.321129,0.321129,0.321129,0.321129,0.321129,0.321129,0.321129,0.321129,0.321129,0.321129,0.321129,0.321129
1328,12070,49505,0.503131,0.321129,13,27,5,0.321129,0.321129,0.321129,0.321129,0.321129,0.321129,0.321129,0.321129,0.321129,0.321129,0.321129,0.321129,0.321129,0.321129,0.321129,0.321129,0.321129,0.321129,0.321129,0.321129
1329,12080,49612,0.503131,0.321129,13,27,5,0.321129,0.321129,0.321129,0.321129,0.321129,0.321129,0.321129,0.321129,0.321129,0.321129,0.321129,0.321129,0.321129,0.321129,0.321129,0.321129,0.321129,0.321129,0.321129,0.321129
1330,12090,49653,0.503131,0.321129,13,27,5,0.321129,0.321129,0.321129,0.321129,0.321129,0.321129,0.321129,0.321129,0.321129,0.321129,0.321129,0.321129,0.321129,0.321129,0.321129,0.321129,0.321129,0.321129,0.321129,0.321129
1331,12100,49675,0.503131,0.321129,13,27,5,0.321129,0.321129,0.321129,0.321129,0.321129,0.321129,0.321129,0.321129,0.321129,0.321129,0.321129,0.321129,0.321129,0.321129,0.321129,0.321129,0.321129,0.321129,0.321129,0.321129
1332,12110,49701,0.503131,0.321129,13,27,5,0.321129,0.321129,0.321129,0.321129,0.321129,0.321129,0.321129,0.321129,0.321129,0.321129,0.321129,0.321129,0.321129,0.321129,0.321129,0.321129,0.321129,0.321129,0.321129,0.321129
1333,12120,49769,0.503131,0.321129,13,27,5,0.321129,0.321129,0.321129,0.321129,0.321129,0.321129,0.321129,0.321129,0.321129,0.321129,0.321129,0.321129,0.321129,0.321129,0.321129,0.321129,0.321129,0.321129,0.321129,0.321129
1334,12130,49855,0.503131,0.321129,13,27,5,0.321129,0.321129,0.321129,0.321129,0.321129,0.321129,0.321129,0.321129,0.321129,0.321129,0.321129,0.321129,0.321129,0.321129,0.321129,0.321129,0.321129,0.321129,0.321129,0.321129
1335,12140,49919,0.503131,0.321129,13,27,5,0.321129,0.321129,0.321129,0.321129,0.321129,0.321129,0.321129,0.321129,0.321129,0.321129,0.321129,0.321129,0.321129,0.321129,0.321129,0.321129,0.321129,0.321129,0.321129,0.321129
1336,12150,50065,0.503131,0.321129,13,27,5,0.321129,0.321129,0.321129,0.321129,0.321129,0.321129,0.321129,0.321129,0.321129,0.321129,0.321129,0.321129,0.321129,0.321129,0.321129,0.321129,0.321129,0.321129,0.321129,0.321129
1337,12160,50092,0.503131,0.321129,13,27,5,0.321129,0.321129,0.321129,0.321129,0.321129,0.321129,0.321129,0.321129,0.321129,0.321129,0.321129,0.321129,0.321129,0.321129,0.321129,0.321129,0.321129,0.321129,0.321129,0.321129
1338,12170,50101,0.503131,0.321129,13,27,5,0.321129,0.321129,0.321129,0.321129,0.321129,0.321129,0.321129,0.321129,0.321129,0.321129,0.321129,0.321129,0.321129,0.321129,0.321129,0.321129,0.321129,0.321129,0.321129,0.321129
1339,12180,50125,0.503131,0.321129,13,27,5,0.321129,0.321129,0.321129,0.321129,0.321129,0.321129,0.321129,0.321129,0.321129,0.321129,0.321129,0.321129,0.321129,0.321129,0.321129,0.321129,0.321129,0.321129,0.321129,0.321129
1340,12190,50206,0.503131,0.321129,13,27,5,0.321129,0.321129,0.321129,0.321129,0.321129,0.321129,0.321129,0.321129,0.321129,0.321129,0.321129,0.321129,0.321129,0.321129,0.321129,0.321129,0.321129,0.321129,0.321129,0.321129
1341,12200,50233,0.503131,0.321129,13,27,5,0.321129,0.321129,0.321129,0.321129,0.321129,0.321129,0.321129,0.321129,0.321129,0.321129,0.321129,0.321129,0.321129,0.321129,0.321129,0.321129,0.321129,0.321129,0.321129,0.321129
1342,12210,50304,0.503131,0.321129,13,27,5,0.321129,0.321129,0.321129,0.321129,0.321129,0.321129,0.321129,0.321129,0.321129,0.321129,0.321129,0.321129,0.321129,0.321129,0.321129,0.321129,0.321129,0.321129,0.321129,0.321129
1343,12220,50326,0.503131,0.321129,13,27,5,0.321129,0.321129,0.321129,0.321129,0.321129,0.321129,0.321129,0.321129,0.321129,0.321129,0.321129,0.321129,0.321129,0.321129,0.321129,0.321129,0.321129,0.321129,0.321129,0.321129
1344,12230,50373,0.503131,0.321129,13,27,5,0.321129,0.321129,0.321129,0.321129,0.321129,0.321129,0.321129,0.321129,0.321129,0.321129,0.321129,0.321129,0.321129,0.321129,0.321129,0.321129,0.321129,0.321129,0.321129,0.321129
1345,12240,50452,0.503131,0.321129,13,27,5,0.321129,0.321129,0.321129,0.321129,0.321129,0.321129,0.321129,0.321129,0.321129,0.321129,0.321129,0.321129,0.321129,0.321129,0.321129,0.321129,0.321129,0.321129,0.321129,0.321129
1346,12250,50491,0.503131,0.321129,13,27,5,0.321129,0.321129,0.321129,0.321129,0.321129,0.321129,0.321129,0.321129,0.321129,0.321129,0.321129,0.321129,0.321129,0.321129,0.321129,0.321129,0.321129,0.321129,0.321129,0.321129
1347,12260,50637,0.503131,0.321129,13,27,5,0.321129,0.321129,0.321129,0.321129,0.321129,0.321129,0.321129,0.321129,0.321129,0.321129,0.321129,0.321129,0.321129,0.321129,0.321129,0.321129,0.321129,0.321129,0.321129,0.321129
1348,12270,50645,0.503131,0.321129,13,27,5,0.321129,0.321129,0.321129,0.321129,0.321129,0.321129,0.321129,0.321129,0.321129,0.321129,0.321129,0.321129,0.321129,0.321129,0.321129,0.321129,0.321129,0.321129,0.321129,0.321129
1349,12280,50645,0.503131,0.321129,13,27,5,0.321129,0.321129,0.321129,0.321129,0.321129,0.321129,0.321129,0.321129,0.321129,0.321129,0.321129,0.321129,0.321129,0.321129,0.321129,0.321129,0.321129,0.321129,0.321129,0.321129
1350,12290,50770,0.503131,0.321129,13,27,5,0.321129,0.321129,0.321129,0.321129,0.321129,0.321129,0.321129,0.321129,0.321129,0.321129,0.321129,0.321129,0.321129,0.321129,0.321129,0.321129,0.321129,0.321129,0.321129,0.321129
1351,12300,50801,0.503131,0.321129,13,27,5,0.321129,0.321129,0.321129,0.321129,0.321129,0.321129,0.321129,0.321129,0.321129,0.321129,0.321129,0.321129,0.321129,0.321129,0.321129,0.321129,0.321129,0.321129,0.321129,0.321129
1352,12310,50884,0.503131,0.321129,13,27,5,0.321129,0.321129,0.321129,0.321129,0.321129,0.321129,0.321129,0.321129,0.321129,0.321129,0.321129,0.321129,0.321129,0.321129,0.321129,0.321129,0.321129,0.321129,0.321129,0.321129
1353,12320,50900,0.503131,0.321129,13,27,5,0.321129,0.321129,0.321129,0.321129,0.321129,0.321129,0.321129,0.321129,0.321129,0.321129,0.321129,0.321129,0.321129,0.321129,0.321129,0.321129,0.321129,0.321129,0.321129,0.321129
1354,12330,50998,0.503131,0.321129,13,27,5,0.321129,0.321129,0.321129,0.321129,0.321129,0.321129,0.321129,0.321129,0.321129,0.321129,0.321129,0.321129,0.321129,0.321129,0.321129,0.321129,0.321129,0.321129,0.321129,0.321129
1355,12340,51074,0.503131,0.321129,13,27,5,0.321129,0.321129,0.321129,0.321129,0.321129,0.321129,0.321129,0.321129,0.321129,0.321129,0.321129,0.321129,0.321129,0.321129,0.321129,0.321129,0.321129,0.321129,0.321129,0.321129
1356,12350,51082,0.503131,0.321129,13,27,5,0.321129,0.321129,0.321129,0.321129,0.321129,0.321129,0.321129,0.321129,0.321129,0.321129,0.321129,0.321129,0.321129,0.321129,0.321129,0.321129,0.321129,0.321129,0.321129,0.321129
1357,12360,51175,0.503131,0.321129,13,27,5,0.321129,0.321129,0.321129,0.321129,0.321129,0.321129,0.321129,0.321129,0.321129,0.321129,0.321129,0.321129,0.321129,0.321129,0.321129,0.321129,0.321129,0.321129,0.321129,0.321129
1358,12370,51239,0.503131,0.321129,13,27,5,0.321129,0.321129,0.321129,0.321129,0.321129,0.321129,0.321129,0.321129,0.321129,0.321129,0.321129,0.321129,0.321129,0.321129,0.321129,0.321129,0.321129,0.321129,0.321129,0.321129
1359,12380,51253,0.503131,0.321129,13,27,5,0.321129,0.321129,0.321129,0.321129,0.321129,0.321129,0.321129,0.321129,0.321129,0.321129,0.321129,0.321129,0.321129,0.321129,0.321129,0.321129,0.321129,0.321129,0.321129,0.321129
1360,12390,51273,0.503131,0.321129,13,27,5,0.321129,0.321129,0.321129,0.321129,0.321129,0.321129,0.321129,0.321129,0.321129,0.321129,0.321129,0.321129,0.321129,0.321129,0.321129,0.321129,0.321129,0.321129,0.321129,0.321129
1361,12400,51277,0.503131,0.321129,13,27,5,0.321129,0.321129,0.321129,0.321129,0.321129,0.321129,0.321129,0.321129,0.321129,0.321129,0.321129,0.321129,0.321129,0.321129,0.321129,0.321129,0.321129,0.321129,0.321129,0.321129
1362,12410,51462,0.503131,0.321129,13,27,5,0.321129,0.321129,0.321129,0.321129,0.321129,0.321129,0.321129,0.321129,0.321129,0.321129,0.321129,0.321129,0.321129,0.321129,0.321129,0.321129,0.321129,0.321129,0.321129,0.321129
1363,12420,51492,0.503131,0.321129,13,27,5,0.321129,0.321129,0.321129,0.321129,0.321129,0.321129,0.321129,0.321129,0.321129,0.321129,0.321129,0.321129,0.321129,0.321129,0.321129,0.321129,0.321129,0.321129,0.321129,0.321129
1364,12430,51581,0.503131,0.321129,13,27,5,0.321129,0.321129,0.321129,0.321129,0.321129,0.321129,0.321129,0.321129,0.321129,0.321129,0.321129,0.321129,0.321129,0.321129,0.321129,0.321129,0.321129,0.321129,0.321129,0.321129
1365,12440,51693,0.503131,0.321129,13,27,5,0.321129,0.321129,0.321129,0.321129,0.321129,0.321129,0.321129,0.321129,0.321129,0.321129,0.321129,0.321129,0.321129,0.321129,0.321129,0.321129,0.321129,0.321129,0.321129,0.321129
1366,12450,51707,0.503131,0.321129,13,27,5,0.321129,0.321129,0.321129,0.321129,0.321129,0.321129,0.321129,0.321129,0.321129,0.321129,0.321129,0.321129,0.321129,0.321129,0.321129,0.321129,0.321129,0.321129,0.321129,0.321129
1367,12460,51712,0.503131,0.321129,13,27,5,0.321129,0.321129,0.321129,0.321129,0.321129,0.321129,0.321129,0.321129,0.321129,0.321129,0.321129,0.321129,0.321129,0.321129,0.321129,0.321129,0.321129,0.321129,0.321129,0.321129
1368,12470,51831,0.503131,0.321129,13,27,5,0.321129,0.321129,0.321129,0.321129,0.321129,0.321129,0.321129,0.321129,0.321129,0.321129,0.321129,0.321129,0.321129,0.321129,0.321129,0.321129,0.321129,0.321129,0.321129,0.321129
1369,12480,51991,0.503131,0.321129,13,27,5,0.321129,0.321129,0.321129,0.321129,0.321129,0.321129,0.321129,0.321129,0.321129,0.321129,0.321129,0.321129,0.321129,0.321129,0.321129,0.321129,0.321129,0.321129,0.321129,0.321129
1370,12490,52015,0.503131,0.321129,13,27,5,0.321129,0.321129,0.321129,0.321129,0.321129,0.321129,0.321129,0.321129,0.321129,0.321129,0.321129,0.321129,0.321129,0.321129,0.321129,0.321129,0.321129,0.321129,0.321129,0.321129
1371,12500,52070,0.503131,0.321129,13,27,5,0.321129,0.321129,0.321129,0.321129,0.321129,0.321129,0.321129,0.321129,0.321129,0.321129,0.321129,0.321129,0.321129,0.321129,0.321129,0.321129,0.321129,0.321129,0.321129,0.321129
1372,12510,52098,0.503131,0.321129,13,27,5,0.321129,0.321129,0.321129,0.321129,0.321129,0.321129,0.321129,0.321129,0.321129,0.321129,0.321129,0.321129,0.321129,0.321129,0.321129,0.321129,0.321129,0.321129,0.321129,0.321129
1373,12520,52147,0.503131,0.321129,13,27,5,0.321129,0.321129,0.321129,0.321129,0.321129,0.321129,0.321129,0.321129,0.321129,0.321129,0.321129,0.321129,0.321129,0.321129,0.321129,0.321129,0.321129,0.321129,0.321129,0.321129
1374,12530,52194,0.503131,0.321129,13,27,5,0.321129,0.321129,0.321129,0.321129,0.321129,0.321129,0.321129,0.321129,0.321129,0.321129,0.321129,0.321129,0.321129,0.321129,0.321129,0.321129,0.321129,0.321129,0.321129,0.321129
1375,12540,52296,0.503131,0.321129,13,27,5,0.321129,0.321129,0.321129,0.321129,0.321129,0.321129,0.321129,0.321129,0.321129,0.321129,0.321129,0.321129,0.321129,0.321129,0.321129,0.321129,0.321129,0.321129,0.321129,0.321129
1376,12550,52415,0.503131,0.321129,13,27,5,0.321129,0.321129,0.321129,0.321129,0.321129,0.321129,0.321129,0.321129,0.321129,0.321129,0.321129,0.321129,0.321129,0.321129,0.321129,0.321129,0.321129,0.321129,0.321129,0.321129
1377,12560,52494,0.503131,0.321129,13,27,5,0.321129,0.321129,0.321129,0.321129,0.321129,0.321129,0.321129,0.321129,0.321129,0.321129,0.321129,0.321129,0.321129,0.321129,0.321129,0.321129,0.321129,0.321129,0.321129,0.321129
1378,12570,52541,0.503131,0.321129,13,27,5,0.321129,0.321129,0.321129,0.321129,0.321129,0.321129,0.321129,0.321129,0.321129,0.321129,0.321129,0.321129,0.321129,0.321129,0.321129,0.321129,0.321129,0.321129,0.321129,0.321129
1379,12580,52587,0.503131,0.321129,13,27,5,0.321129,0.321129,0.321129,0.321129,0.321129,0.321129,0.321129,0.321129,0.321129,0.321129,0.321129,0.321129,0.321129,0.321129,0.321129,0.321129,0.321129,0.321129,0.321129,0.321129
1380,12590,52655,0.503131,0.321129,13,27,5,0.321129,0.321129,0.321129,0.321129,0.321129,0.321129,0.321129,0.321129,0.321129,0.321129,0.321129,0.321129,0.321129,0.321129,0.321129,0.321129,0.321129,0.321129,0.321129,0.321129
1381,12600,52731,0.503131,0.321129,13,27,5,0.321129,0.321129,0.321129,0.321129,0.321129,0.321129,0.321129,0.321129,0.321129,0.321129,0.321129,0.321129,0.321129,0.321129,0.321129,0.321129,0.321129,0.321129,0.321129,0.321129
1382,12610,52747,0.503131,0.321129,13,27,5,0.321129,0.321129,0.321129,0.321129,0.321129,0.321129,0.321129,0.321129,0.321129,0.321129,0.321129,0.321129,0.321129,0.321129,0.321129,0.321129,0.321129,0.321129,0.321129,0.321129
1383,12620,52793,0.503131,0.321129,13,27,5,0.321129,0.321129,0.321129,0.321129,0.321129,0.321129,0.321129,0.321129,0.321129,0.321129,0.321129,0.321129,0.321129,0.321129,0.321129,0.321129,0.321129,0.321129,0.321129,0.321129
1384,12630,52907,0.503131,0.321129,13,27,5,0.321129,0.321129,0.321129,0.321129,0.321129,0.321129,0.321129,0.321129,0.321129,0.321129,0.321129,0.321129,0.321129,0.321129,0.321129,0.321129,0.321129,0.321129,0.321129,0.321129
1385,12640,52920,0.503131,0.321129,13,27,5,0.321129,0.321129,0.321129,0.321129,0.321129,0.321129,0.321129,0.321129,0.321129,0.321129,0.321129,0.321129,0.321129,0.321129,0.321129,0.321129,0.321129,0.321129,0.321129,0.321129
1386,12650,53093,0.503131,0.321129,13,27,5,0.321129,0.321129,0.321129,0.321129,0.321129,0.321129,0.321129,0.321129,0.321129,0.321129,0.321129,0.321129,0.321129,0.321129,0.321129,0.321129,0.321129,0.321129,0.321129,0.321129
1387,12660,53102,0.503131,0.321129,13,27,5,0.321129,0.321129,0.321129,0.321129,0.321129,0.321129,0.321129,0.321129,0.321129,0.321129,0.321129,0.321129,0.321129,0.321129,0.321129,0.321129,0.321129,0.321129,0.321129,0.321129
1388,12670,53128,0.503131,0.321129,13,27,5,0.321129,0.321129,0.321129,0.321129,0.321129,0.321129,0.321129,0.321129,0.321129,0.321129,0.321129,0.321129,0.321129,0.321129,0.321129,0.321129,0.321129,0.321129,0.321129,0.321129
1389,12680,53130,0.503131,0.321129,13,27,5,0.321129,0.321129,0.321129,0.321129,0.321129,0.321129,0.321129,0.321129,0.321129,0.321129,0.321129,0.321129,0.321129,0.321129,0.321129,0.321129,0.321129,0.321129,0.321129,0.321129
1390,12690,53286,0.503131,0.321129,13,27,5,0.321129,0.321129,0.321129,0.321129,0.321129,0.321129,0.321129,0.321129,0.321129,0.321129,0.321129,0.321129,0.321129,0.321129,0.321129,0.321129,0.321129,0.321129,0.321129,0.321129
1391,12700,53363,0.503131,0.321129,13,27,5,0.321129,0.321129,0.321129,0.321129,0.321129,0.321129,0.321129,0.321129,0.321129,0.321129,0.321129,0.321129,0.321129,0.321129,0.321129,0.321129,0.321129,0.321129,0.321129,0.321129
1392,12710,53394,0.503131,0.321129,13,27,5,0.321129,0.321129,0.321129,0.321129,0.321129,0.321129,0.321129,0.321129,0.321129,0.321129,0.321129,0.321129,0.321129,0.321129,0.321129,0.321129,0.321129,0.321129,0.321129,0.321129
1393,12720,53454,0.503131,0.321129,13,27,5,0.321129,0.321129,0.321129,0.321129,0.321129,0.321129,0.321129,0.321129,0.321129,0.321129,0.321129,0.321129,0.321129,0.321129,0.321129,0.321129,0.321129,0.321129,0.321129,0.321129
1394,12730,53540,0.503131,0.321129,13,27,5,0.321129,0.321129,0.321129,0.321129,0.321129,0.321129,0.321129,0.321129,0.321129,0.321129,0.321129,0.321129,0.321129,0.321129,0.321129,0.321129,0.321129,0.321129,0.321129,0.321129
1395,12740,53562,0.503131,0.321129,13,27,5,0.321129,0.321129,0.321129,0.321129,0.321129,0.321129,0.321129,0.321129,0.321129,0.321129,0.321129,0.321129,0.321129,0.321129,0.321129,0.321129,0.321129,0.321129,0.321129,0.321129
1396,12750,53568,0.503131,0.321129,13,27,5,0.321129,0.321129,0.321129,0.321129,0.321129,0.321129,0.321129,0.321129,0.321129,0.321129,0.321129,0.321129,0.321129,0.321129,0.321129,0.321129,0.321129,0.321129,0.321129,0.321129
1397,12760,53595,0.503131,0.321129,13,27,5,0.321129,0.321129,0.321129,0.321129,0.321129,0.321129,0.321129,0.321129,0.321129,0.321129,0.321129,0.321129,0.321129,0.321129,0.321129,0.321129,0.321129,0.321129,0.321129,0.321129
1398,12770,53820,0.503131,0.321129,13,27,5,0.321129,0.321129,0.321129,0.321129,0.321129,0.321129,0.321129,0.321129,0.321129,0.321129,0.321129,0.321129,0.321129,0.321129,0.321129,0.321129,0.321129,0.321129,0.321129,0.321129
1399,12780,53890,0.503131,0.321129,13,27,5,0.321129,0.321129,0.321129,0.321129,0.321129,0.321129,0.321129,0.321129,0.321129,0.321129,0.321129,0.321129,0.321129,0.321129,0.321129,0.321129,0.321129,0.321129,0.321129,0.321129
1400,12790,53893,0.503131,0.321129,13,27,5,0.321129,0.321129,0.321129,0.321129,0.321129,0.321129,0.321129,0.321129,0.321129,0.321129,0.321129,0.321129,0.321129,0.321129,0.321129,0.321129,0.321129,0.321129,0.321129,0.321129
1401,12800,54035,0.503131,0.321129,13,27,5,10000000.000000,10000000.000000,0.321129,0.321129,0.321129,0.321129,0.321129,0.321129,0.321129,0.321129,0.321129,0.321129,0.321129,0.321129,0.321129,0.321129,0.321129,0.321129,0.321129,0.321129
1402,12810,54060,0.503131,0.321129,13,27,5,10000000.000000,10000000.000000,0.321129,0.321129,0.321129,0.321129,0.321129,0.321129,0.321129,0.321129,0.321129,0.321129,0.321129,0.321129,0.321129,0.321129,0.321129,0.321129,0.321129,0.321129
1403,12820,54149,0.503131,0.321129,13,27,5,10000000.000000,10000000.000000,0.321129,0.321129,0.321129,0.321129,0.321129,0.321129,0.321129,0.321129,0.321129,0.321129,0.321129,0.321129,0.321129,0.321129,0.321129,0.321129,0.321129,0.321129
1404,12830,54305,0.503131,0.321129,13,27,5,10000000.000000,10000000.000000,0.321129,0.321129,0.321129,0.321129,0.321129,0.321129,0.321129,0.321129,0.321129,0.321129,0.321129,0.321129,0.321129,0.321129,0.321129,0.321129,0.321129,0.321129
1405,12840,54358,0.503131,0.321129,13,27,5,10000000.000000,10000000.000000,0.321129,0.321129,0.321129,0.321129,0.321129,0.321129,0.321129,0.321129,0.321129,0.321129,0.321129,0.321129,0.321129,0.321129,0.321129,0.321129,0.321129,0.321129
1406,12850,54438,0.503131,0.321129,13,27,5,10000000.000000,10000000.000000,0.321129,0.321129,0.321129,0.321129,0.321129,0.321129,0.321129,0.321129,0.321129,0.321129,0.321129,0.321129,0.321129,0.321129,0.321129,0.321129,0.321129,0.321129
1407,12860,54459,0.503131,0.321129,13,27,5,10000000.000000,10000000.000000,0.321129,0.321129,0.321129,0.321129,0.321129,0.321129,0.321129,0.321129,0.321129,0.321129,0.321129,0.321129,0.321129,0.321129,0.321129,0.321129,0.321129,0.321129
1408,12870,54481,0.503131,0.321129,13,27,5,10000000.000000,10000000.000000,0.321129,0.321129,0.321129,0.321129,0.321129,0.321129,0.321129,0.321129,0.321129,0.321129,0.321129,0.321129,0.321129,0.321129,0.321129,0.321129,0.321129,0.321129
1409,12880,54565,0.503131,0.321129,13,27,5,10000000.000000,10000000.000000,0.321129,0.321129,0.321129,0.321129,0.321129,0.321129,0.321129,0.321129,0.321129,0.321129,0.321129,0.321129,0.321129,0.321129,0.321129,0.321129,0.321129,0.321129
1410,12890,54601,0.503131,0.321129,13,27,5,10000000.000000,10000000.000000,0.321129,0.321129,0.321129,0.321129,0.321129,0.321129,0.321129,0.321129,0.321129,0.321129,0.321129,0.321129,0.321129,0.321129,0.321129,0.321129,0.321129,0.321129
1411,12900,54764,0.503131,0.321129,13,27,5,10000000.000000,10000000.000000,0.321129,0.321129,0.321129,0.321129,0.321129,0.321129,0.321129,0.321129,0.321129,0.321129,0.321129,0.321129,0.321129,0.321129,0.321129,0.321129,0.321129,0.321129
1412,12910,54802,0.503131,0.321129,13,27,5,10000000.000000,10000000.000000,0.321129,0.321129,0.321129,0.321129,0.321129,0.321129,0.321129,0.321129,0.321129,0.321129,0.321129,0.321129,0.321129,0.321129,0.321129,0.321129,0.321129,0.321129
1413,12920,54887,0.503131,0.321129,13,27,5,10000000.000000,10000000.000000,0.321129,0.321129,0.321129,0.321129,0.321129,0.321129,0.321129,0.321129,0.321129,0.321129,0.321129,0.321129,0.321129,0.321129,0.321129,0.321129,0.321129,0.321129
1414,12930,54894,0.503131,0.321129,13,27,5,10000000.000000,10000000.000000,0.321129,0.321129,0.321129,0.321129,0.321129,0.321129,0.321129,0.321129,0.321129,0.321129,0.321129,0.321129,0.321129,0.321129,0.321129,0.321129,0.321129,0.321129
1415,12940,54967,0.503131,0.321129,13,27,5,10000000.000000,10000000.000000,0.321129,0.321129,0.321129,0.321129,0.321129,0.321129,0.321129,0.321129,0.321129,0.321129,0.321129,0.321129,0.321129,0.321129,0.321129,0.321129,0.321129,0.321129
1416,12950,55123,0.503131,0.321129,13,27,5,10000000.000000,10000000.000000,0.321129,0.321129,0.321129,0.321129,0.321129,0.321129,0.321129,0.321129,0.321129,0.321129,0.321129,0.321129,0.321129,0.321129,0.321129,0.321129,0.321129,0.321129
1417,12960,55127,0.503131,0.321129,13,27,5,10000000.000000,10000000.000000,0.321129,0.321129,0.321129,0.321129,0.321129,0.321129,0.321129,0.321129,0.321129,0.321129,0.321129,0.321129,0.321129,0.321129,0.321129,0.321129,0.321129,0.321129
1418,12970,55142,0.503131,0.321129,13,27,5,10000000.000000,10000000.000000,0.321129,0.321129,0.321129,0.321129,0.321129,0.321129,0.321129,0.321129,0.321129,0.321129,0.321129,0.321129,0.321129,0.321129,0.321129,0.321129,0.321129,0.321129
1419,12980,55234,0.503131,0.321129,13,27,5,10000000.000000,10000000.000000,0.321129,0.321129,0.321129,0.321129,0.321129,0.321129,0.321129,0.321129,0.321129,0.321129,0.321129,0.321129,0.321129,0.321129,0.321129,0.321129,0.321129,0.321129
1420,12990,55290,0.503131,0.321129,13,27,5,10000000.000000,10000000.000000,0.321129,0.321129,0.321129,0.321129,0.321129,0.321129,0.321129,0.321129,0.321129,0.321129,0.321129,0.321129,0.321129,0.321129,0.321129,0.321129,0.321129,0.321129
1421,13000,55368,0.503131,0.321129,13,27,5,10000000.000000,10000000.000000,0.321129,0.321129,0.321129,0.321129,0.321129,0.321129,0.321129,0.321129,0.321129,0.321129,0.321129,0.321129,0.321129,0.321129,0.321129,0.321129,0.321129,0.321129
1422,13010,55442,0.503131,0.321129,13,27,5,10000000.000000,10000000.000000,0.321129,0.321129,0.321129,0.321129,0.321129,0.321129,0.321129,0.321129,0.321129,0.321129,0.321129,0.321129,0.321129,0.321129,0.321129,0.321129,0.321129,0.321129
1423,13020,55472,0.503131,0.321129,13,27,5,0.321130,0.321130,0.321129,0.321129,0.321129,0.321129,0.321129,0.321129,0.321129,0.321129,0.321129,0.321129,0.321129,0.321129,0.321129,0.321129,0.321129,0.321129,0.321129,0.321129
1424,13030,55530,0.503131,0.321129,13,27,5,0.321130,0.321130,0.321129,0.321129,0.321129,0.321129,0.321129,0.321129,0.321129,0.321129,0.321129,0.321129,0.321129,0.321129,0.321129,0.321129,0.321129,0.321129,0.321129,0.321129
1425,13040,55564,0.503131,0.321129,13,27,5,0.321130,0.321130,0.321129,0.321129,0.321129,0.321129,0.321129,0.321129,0.321129,0.321129,0.321129,0.321129,0.321129,0.321129,0.321129,0.321129,0.321129,0.321129,0.321129,0.321129
1426,13050,55678,0.503131,0.321129,13,27,5,0.321130,0.321130,0.321129,0.321129,0.321129,0.321129,0.321129,0.321129,0.321129,0.321129,0.321129,0.321129,0.321129,0.321129,0.321129,0.321129,0.321129,0.321129,0.321129,0.321129
1427,13060,55761,0.503131,0.321129,13,27,5,0.321130,0.321130,0.321129,0.321129,0.321129,0.321129,0.321129,0.321129,0.321129,0.321129,0.321129,0.321129,0.321129,0.321129,0.321129,0.321129,0.321129,0.321129,0.321129,0.321129
1428,13070,55804,0.503131,0.321129,13,27,5,0.321130,0.321130,0.321129,0.321129,0.321129,0.321129,0.321129,0.321129,0.321129,0.321129,0.321129,0.321129,0.321129,0.321129,0.321129,0.321129,0.321129,0.321129,0.321129,0.321129
1429,13080,55889,0.503131,0.321129,13,27,5,0.321130,0.321130,0.321129,0.321129,0.321129,0.321129,0.321129,0.321129,0.321129,0.321129,0.321129,0.321129,0.321129,0.321129,0.321129,0.321129,0.321129,0.321129,0.321129,0.321129
1430,13090,55916,0.503131,0.321129,13,27,5,0.321130,0.321130,0.321129,0.321129,0.321129,0.321129,0.321129,0.321129,0.321129,0.321129,0.321129,0.321129,0.321129,0.321129,0.321129,0.321129,0.321129,0.321129,0.321129,0.321129
1431,13100,55982,0.503131,0.321129,13,27,5,0.321129,0.321130,0.321129,0.321129,0.321129,0.321129,0.321129,0.321129,0.321129,0.321129,0.321129,0.321129,0.321129,0.321129,0.321129,0.321129,0.321129,0.321129,0.321129,0.321129
1432,13110,56104,0.503131,0.321129,13,27,5,0.321129,0.321130,0.321129,0.321129,0.321129,0.321129,0.321129,0.321129,0.321129,0.321129,0.321129,0.321129,0.321129,0.321129,0.321129,0.321129,0.321129,0.321129,0.321129,0.321129
1433,13120,56169,0.503131,0.321129,13,27,5,0.321129,0.321130,0.321129,0.321129,0.321129,0.321129,0.321129,0.321129,0.321129,0.321129,0.321129,0.321129,0.321129,0.321129,0.321129,0.321129,0.321129,0.321129,0.321129,0.321129
1434,13130,56195,0.503131,0.321129,13,27,5,0.321129,0.321130,0.321129,0.321129,0.321129,0.321129,0.321129,0.321129,0.321129,0.321129,0.321129,0.321129,0.321129,0.321129,0.321129,0.321129,0.321129,0.321129,0.321129,0.321129
1435,13140,56262,0.503131,0.321129,13,27,5,0.321129,0.321130,0.321129,0.321129,0.321129,0.321129,0.321129,0.321129,0.321129,0.321129,0.321129,0.321129,0.321129,0.321129,0.321129,0.321129,0.321129,0.321129,0.321129,0.321129
1436,13150,56293,0.503131,0.321129,13,27,5,0.321129,0.321130,0.321129,0.321129,0.321129,0.321129,0.321129,0.321129,0.321129,0.321129,0.321129,0.321129,0.321129,0.321129,0.321129,0.321129,0.321129,0.321129,0.321129,0.321129
1437,13160,56300,0.503131,0.321129,13,27,5,0.321129,0.321130,0.321129,0.321129,0.321129,0.321129,0.321129,0.321129,0.321129,0.321129,0.321129,0.321129,0.321129,0.321129,0.321129,0.321129,0.321129,0.321129,0.321129,0.321129
1438,13170,56466,0.503131,0.321129,13,27,5,0.321129,0.321130,0.321129,0.321129,0.321129,0.321129,0.321129,0.321129,0.321129,0.321129,0.321129,0.321129,0.321129,0.321129,0.321129,0.321129,0.321129,0.321129,0.321129,0.321129
1439,13180,56546,0.503131,0.321129,13,27,5,0.321129,0.321130,0.321129,0.321129,0.321129,0.321129,0.321129,0.321129,0.321129,0.321129,0.321129,0.321129,0.321129,0.321129,0.321129,0.321129,0.321129,0.321129,0.321129,0.321129
1440,13190,56571,0.503131,0.321129,13,27,5,0.321129,0.321130,0.321129,0.321129,0.321129,0.321129,0.321129,0.321129,0.321129,0.321129,0.321129,0.321129,0.321129,0.321129,0.321129,0.321129,0.321129,0.321129,0.321129,0.321129
1441,13200,56651,0.503131,0.321129,13,27,5,0.321129,0.321130,0.321129,0.321129,0.321129,0.321129,0.321129,0.321129,0.321129,0.321129,0.321129,0.321129,0.321129,0.321129,0.321129,0.321129,0.321129,0.321129,0.321129,0.321129
1442,13210,56656,0.503131,0.321129,13,27,5,0.321129,0.321130,0.321129,0.321129,0.321129,0.321129,0.321129,0.321129,0.321129,0.321129,0.321129,0.321129,0.321129,0.321129,0.321129,0.321129,0.321129,0.321129,0.321129,0.321129
1443,13220,56801,0.503131,0.321129,13,27,5,0.321129,0.321130,0.321129,0.321129,0.321129,0.321129,0.321129,0.321129,0.321129,0.321129,0.321129,0.321129,0.321129,0.321129,0.321129,0.321129,0.321129,0.321129,0.321129,0.321129
1444,13230,56842,0.503131,0.321129,13,27,5,0.321129,0.321130,0.321129,0.321129,0.321129,0.321129,0.321129,0.321129,0.321129,0.321129,0.321129,0.321129,0.321129,0.321129,0.321129,0.321129,0.321129,0.321129,0.321129,0.321129
1445,13240,56858,0.503131,0.321129,13,27,5,0.321129,0.321130,0.321129,0.321129,0.321129,0.321129,0.321129,0.321129,0.321129,0.321129,0.321129,0.321129,0.321129,0.321129,0.321129,0.321129,0.321129,0.321129,0.321129,0.321129
1446,13250,56958,0.503131,0.321129,13,27,5,0.321129,0.321130,0.321129,0.321129,0.321129,0.321129,0.321129,0.321129,0.321129,0.321129,0.321129,0.321129,0.321129,0.321129,0.321129,0.321129,0.321129,0.321129,0.321129,0.321129
1447,13260,57046,0.503131,0.321129,13,27,5,0.321129,0.321130,0.321129,0.321129,0.321129,0.321129,0.321129,0.321129,0.321129,0.321129,0.321129,0.321129,0.321129,0.321129,0.321129,0.321129,0.321129,0.321129,0.321129,0.321129
1448,13270,57060,0.503131,0.321129,13,27,5,0.321129,0.321130,0.321129,0.321129,0.321129,0.321129,0.321129,0.321129,0.321129,0.321129,0.321129,0.321129,0.321129,0.321129,0.321129,0.321129,0.321129,0.321129,0.321129,0.321129
1449,13280,57110,0.503131,0.321129,13,27,5,0.321129,0.321130,0.321129,0.321129,0.321129,0.321129,0.321129,0.321129,0.321129,0.321129,0.321129,0.321129,0.321129,0.321129,0.321129,0.321129,0.321129,0.321129,0.321129,0.321129
1450,13290,57215,0.503131,0.321129,13,27,5,0.321129,0.321130,0.321129,0.321129,0.321129,0.321129,0.321129,0.321129,0.321129,0.321129,0.321129,0.321129,0.321129,0.321129,0.321129,0.321129,0.321129,0.321129,0.321129,0.321129
1451,13300,57233,0.503131,0.321129,13,27,5,0.321129,0.321130,0.321129,0.321129,0.321129,0.321129,0.321129,0.321129,0.321129,0.321129,0.321129,0.321129,0.321129,0.321129,0.321129,0.321129,0.321129,0.321129,0.321129,0.321129
1452,13310,57328,0.503131,0.321129,13,27,5,0.321129,0.321130,0.321129,0.321129,0.321129,0.321129,0.321129,0.321129,0.321129,0.321129,0.321129,0.321129,0.321129,0.321129,0.321129,0.321129,0.321129,0.321129,0.321129,0.321129
1453,13320,57407,0.503131,0.321129,13,27,5,0.321129,0.321130,0.321129,0.321129,0.321129,0.321129,0.321129,0.321129,0.321129,0.321129,0.321129,0.321129,0.321129,0.321129,0.321129,0.321129,0.321129,0.321129,0.321129,0.321129
1454,13330,57519,0.503131,0.321129,13,27,5,0.321129,0.321130,0.321129,0.321129,0.321129,0.321129,0.321129,0.321129,0.321129,0.321129,0.321129,0.321129,0.321129,0.321129,0.321129,0.321129,0.321129,0.321129,0.321129,0.321129
1455,13340,57567,0.503131,0.321129,13,27,5,0.321129,0.321130,0.321129,0.321129,0.321129,0.321129,0.321129,0.321129,0.321129,0.321129,0.321129,0.321129,0.321129,0.321129,0.321129,0.321129,0.321129,0.321129,0.321129,0.321129
1456,13350,57577,0.503131,0.321129,13,27,5,0.321129,0.321130,0.321129,0.321129,0.321129,0.321129,0.321129,0.321129,0.321129,0.321129,0.321129,0.321129,0.321129,0.321129,0.321129,0.321129,0.321129,0.321129,0.321129,0.321129
1457,13360,57688,0.503131,0.321129,13,27,5,0.321129,0.321130,0.321129,0.321129,0.321129,0.321129,0.321129,0.321129,0.321129,0.321129,0.321129,0.321129,0.321129,0.321129,0.321129,0.321129,0.321129,0.321129,0.321129,0.321129
1458,13370,57750,0.503131,0.321129,13,27,5,0.321129,0.321130,0.321129,0.321129,0.321129,0.321129,0.321129,0.321129,0.321129,0.321129,0.321129,0.321129,0.321129,0.321129,0.321129,0.321129,0.321129,0.321129,0.321129,0.321129
1459,13380,57861,0.503131,0.321129,13,27,5,0.321129,0.321130,0.321129,0.321129,0.321129,0.321129,0.321129,0.321129,0.321129,0.321129,0.321129,0.321129,0.321129,0.321129,0.321129,0.321129,0.321129,0.321129,0.321129,0.321129
1460,13390,57868,0.503131,0.321129,13,27,5,0.321129,0.321130,0.321129,0.321129,0.321129,0.321129,0.321129,0.321129,0.321129,0.321129,0.321129,0.321129,0.321129,0.321129,0.321129,0.321129,0.321129,0.321129,0.321129,0.321129
1461,13400,57926,0.503131,0.321129,13,27,5,0.321129,0.321130,0.321129,0.321129,0.321129,0.321129,0.321129,0.321129,0.321129,0.321129,0.321129,0.321129,0.321129,0.321129,0.321129,0.321129,0.321129,0.321129,0.321129,0.321129
1462,13410,57930,0.503131,0.321129,13,27,5,0.321129,0.321130,0.321129,0.321129,0.321129,0.321129,0.321129,0.321129,0.321129,0.321129,0.321129,0.321129,0.321129,0.321129,0.321129,0.321129,0.321129,0.321129,0.321129,0.321129
1463,13420,58021,0.503131,0.321129,13,27,5,0.321129,0.321130,0.321129,0.321129,0.321129,0.321129,0.321129,0.321129,0.321129,0.321129,0.321129,0.321129,0.321129,0.321129,0.321129,0.321129,0.321129,0.321129,0.321129,0.321129
1464,13430,58123,0.503131,0.321129,13,27,5,0.321129,0.321130,0.321129,0.321129,0.321129,0.321129,0.321129,0.321129,0.321129,0.321129,0.321129,0.321129,0.321129,0.321129,0.321129,0.321129,0.321129,0.321129,0.321129,0.321129
1465,13440,58225,0.503131,0.321129,13,27,5,0.321129,0.321130,0.321129,0.321129,0.321129,0.321129,0.321129,0.321129,0.321129,0.321129,0.321129,0.321129,0.321129,0.321129,0.321129,0.321129,0.321129,0.321129,0.321129,0.321129
1466,13450,58229,0.503131,0.321129,13,27,5,0.321129,0.321130,0.321129,0.321129,0.321129,0.321129,0.321129,0.321129,0.321129,0.321129,0.321129,0.321129,0.321129,0.321129,0.321129,0.321129,0.321129,0.321129,0.321129,0.321129
1467,13460,58288,0.503131,0.321129,13,27,5,0.321129,0.321130,0.321129,0.321129,0.321129,0.321129,0.321129,0.321129,0.321129,0.321129,0.321129,0.321129,0.321129,0.321129,0.321129,0.321129,0.321129,0.321129,0.321129,0.321129
1468,13470,58298,0.503131,0.321129,13,27,5,0.321129,0.321130,0.321129,0.321129,0.321129,0.321129,0.321129,0.321129,0.321129,0.321129,0.321129,0.321129,0.321129,0.321129,0.321129,0.321129,0.321129,0.321129,0.321129,0.321129
1469,13480,58396,0.503131,0.321129,13,27,5,0.321129,0.321130,0.321129,0.321129,0.321129,0.321129,0.321129,0.321129,0.321129,0.321129,0.321129,0.321129,0.321129,0.321129,0.321129,0.321129,0.321129,0.321129,0.321129,0.321129
1470,13490,58638,0.503131,0.321129,13,27,5,0.321129,0.321130,0.321129,0.321129,0.321129,0.321129,0.321129,0.321129,0.321129,0.321129,0.321129,0.321129,0.321129,0.321129,0.321129,0.321129,0.321129,0.321129,0.321129,0.321129
1471,13500,58670,0.503131,0.321129,13,27,5,0.321129,0.321130,0.321129,0.321129,0.321129,0.321129,0.321129,0.321129,0.321129,0.321129,0.321129,0.321129,0.321129,0.321129,0.321129,0.321129,0.321129,0.321129,0.321129,0.321129
1472,13510,58674,0.503131,0.321129,13,27,5,0.321129,0.321130,0.321129,0.321129,0.321129,0.321129,0.321129,0.321129,0.321129,0.321129,0.321129,0.321129,0.321129,0.321129,0.321129,0.321129,0.321129,0.321129,0.321129,0.321129
1473,13520,58730,0.503131,0.321129,13,27,5,0.321129,0.321130,0.321129,0.321129,0.321129,0.321129,0.321129,0.321129,0.321129,0.321129,0.321129,0.321129,0.321129,0.321129,0.321129,0.321129,0.321129,0.321129,0.321129,0.321129
1474,13530,58743,0.503131,0.321129,13,27,5,0.321129,0.321130,0.321129,0.321129,0.321129,0.321129,0.321129,0.321129,0.321129,0.321129,0.321129,0.321129,0.321129,0.321129,0.321129,0.321129,0.321129,0.321129,0.321129,0.321129
1475,13540,58800,0.503131,0.321129,13,27,5,0.321129,0.321130,0.321129,0.321129,0.321129,0.321129,0.321129,0.321129,0.321129,0.321129,0.321129,0.321129,0.321129,0.321129,0.321129,0.321129,0.321129,0.321129,0.321129,0.321129
1476,13550,59038,0.503131,0.321129,13,27,5,0.321129,0.321130,0.321129,0.321129,0.321129,0.321129,0.321129,0.321129,0.321129,0.321129,0.321129,0.321129,0.321129,0.321129,0.321129,0.321129,0.321129,0.321129,0.321129,0.321129
1477,13560,59071,0.503131,0.321129,13,27,5,0.321129,0.321130,0.321129,0.321129,0.321129,0.321129,0.321129,0.321129,0.321129,0.321129,0.321129,0.321129,0.321129,0.321129,0.321129,0.321129,0.321129,0.321129,0.321129,0.321129
1478,13570,59096,0.503131,0.321129,13,27,5,0.321129,0.321130,0.321129,0.321129,0.321129,0.321129,0.321129,0.321129,0.321129,0.321129,0.321129,0.321129,0.321129,0.321129,0.321129,0.321129,0.321129,0.321129,0.321129,0.321129
1479,13580,59129,0.503131,0.321129,13,27,5,0.321129,0.321130,0.321129,0.321129,0.321129,0.321129,0.321129,0.321129,0.321129,0.321129,0.321129,0.321129,0.321129,0.321129,0.321129,0.321129,0.321129,0.321129,0.321129,0.321129
1480,13590,59186,0.503131,0.321129,13,27,5,0.321129,0.321130,0.321129,0.321129,0.321129,0.321129,0.321129,0.321129,0.321129,0.321129,0.321129,0.321129,0.321129,0.321129,0.321129,0.321129,0.321129,0.321129,0.321129,0.321129
1481,13600,59211,0.503131,0.321129,13,27,5,0.321129,0.321130,0.321129,0.321129,0.321129,0.321129,0.321129,0.321129,0.321129,0.321129,0.321129,0.321129,0.321129,0.321129,0.321129,0.321129,0.321129,0.321129,0.321129,0.321129
1482,13610,59232,0.503131,0.321129,13,27,5,0.321129,0.321130,0.321129,0.321129,0.321129,0.321129,0.321129,0.321129,0.321129,0.321129,0.321129,0.321129,0.321129,0.321129,0.321129,0.321129,0.321129,0.321129,0.321129,0.321129
1483,13620,59467,0.503131,0.321129,13,27,5,0.321129,0.321130,0.321129,0.321129,0.321129,0.321129,0.321129,0.321129,0.321129,0.321129,0.321129,0.321129,0.321129,0.321129,0.321129,0.321129,0.321129,0.321129,0.321129,0.321129
1484,13630,59477,0.503131,0.321129,13,27,5,0.321129,0.321130,0.321129,0.321129,0.321129,0.321129,0.321129,0.321129,0.321129,0.321129,0.321129,0.321129,0.321129,0.321129,0.321129,0.321129,0.321129,0.321129,0.321129,0.321129
1485,13640,59514,0.503131,0.321129,13,27,5,0.321129,0.321130,0.321129,0.321129,0.321129,0.321129,0.321129,0.321129,0.321129,0.321129,0.321129,0.321129,0.321129,0.321129,0.321129,0.321129,0.321129,0.321129,0.321129,0.321129
1486,13650,59528,0.503131,0.321129,13,27,5,0.321129,0.321130,0.321129,0.321129,0.321129,0.321129,0.321129,0.321129,0.321129,0.321129,0.321129,0.321129,0.321129,0.321129,0.321129,0.321129,0.321129,0.321129,0.321129,0.321129
1487,13660,59628,0.503131,0.321129,13,27,5,0.321129,0.321130,0.321129,0.321129,0.321129,0.321129,0.321129,0.321129,0.321129,0.321129,0.321129,0.321129,0.321129,0.321129,0.321129,0.321129,0.321129,0.321129,0.321129,0.321129
1488,13670,59716,0.503131,0.321129,13,27,5,0.321129,0.321130,0.321129,0.321129,0.321129,0.321129,0.321129,0.321129,0.321129,0.321129,0.321129,0.321129,0.321129,0.321129,0.321129,0.321129,0.321129,0.321129,0.321129,0.321129
1489,13680,59900,0.503131,0.321129,13,27,5,0.321129,0.321130,0.321129,0.321129,0.321129,0.321129,0.321129,0.321129,0.321129,0.321129,0.321129,0.321129,0.321129,0.321129,0.321129,0.321129,0.321129,0.321129,0.321129,0.321129
1490,13690,59906,0.503131,0.321129,13,27,5,0.321129,0.321130,0.321129,0.321129,0.321129,0.321129,0.321129,0.321129,0.321129,0.321129,0.321129,0.321129,0.321129,0.321129,0.321129,0.321129,0.321129,0.321129,0.321129,0.321129
1491,13700,59924,0.503131,0.321129,13,27,5,0.321129,0.321130,0.321129,0.321129,0.321129,0.321129,0.321129,0.321129,0.321129,0.321129,0.321129,0.321129,0.321129,0.321129,0.321129,0.321129,0.321129,0.321129,0.321129,0.321129
1492,13710,59945,0.503131,0.321129,13,27,5,0.321129,0.321130,0.321129,0.321129,0.321129,0.321129,0.321129,0.321129,0.321129,0.321129,0.321129,0.321129,0.321129,0.321129,0.321129,0.321129,0.321129,0.321129,0.321129,0.321129
1493,13720,59993,0.503131,0.321129,13,27,5,0.321129,0.321130,0.321129,0.321129,0.321129,0.321129,0.321129,0.321129,0.321129,0.321129,0.321129,0.321129,0.321129,0.321129,0.321129,0.321129,0.321129,0.321129,0.321129,0.321129
1494,13730,60161,0.503131,0.321129,13,27,5,0.321129,0.321130,0.321129,0.321129,0.321129,0.321129,0.321129,0.321129,0.321129,0.321129,0.321129,0.321129,0.321129,0.321129,0.321129,0.321129,0.321129,0.321129,0.321129,0.321129
1495,13740,60161,0.503131,0.321129,13,27,5,0.321129,0.321130,0.321129,0.321129,0.321129,0.321129,0.321129,0.321129,0.321129,0.321129,0.321129,0.321129,0.321129,0.321129,0.321129,0.321129,0.321129,0.321129,0.321129,0.321129
1496,13750,60229,0.503131,0.321129,13,27,5,0.321129,0.321130,0.321129,0.321129,0.321129,0.321129,0.321129,0.321129,0.321129,0.321129,0.321129,0.321129,0.321129,0.321129,0.321129,0.321129,0.321129,0.321129,0.321129,0.321129
1497,13760,60378,0.503131,0.321129,13,27,5,0.321129,0.321130,0.321129,0.321129,0.321129,0.321129,0.321129,0.321129,0.321129,0.321129,0.321129,0.321129,0.321129,0.321129,0.321129,0.321129,0.321129,0.321129,0.321129,0.321129
1498,13770,60410,0.503131,0.321129,13,27,5,0.321129,0.321130,0.321129,0.321129,0.321129,0.321129,0.321129,0.321129,0.321129,0.321129,0.321129,0.321129,0.321129,0.321129,0.321129,0.321129,0.321129,0.321129,0.321129,0.321129
1499,13780,60448,0.503131,0.321129,13,27,5,0.321129,0.321130,0.321129,0.321129,0.321129,0.321129,0.321129,0.321129,0.321129,0.321129,0.321129,0.321129,0.321129,0.321129,0.321129,0.321129,0.321129,0.321129,0.321129,0.321129
1500,13790,60520,0.503131,0.321129,13,27,5,0.321129,0.321130,0.321129,0.321129,0.321129,0.321129,0.321129,0.321129,0.321129,0.321129,0.321129,0.321129,0.321129,0.321129,0.321129,0.321129,0.321129,0.321129,0.321129,0.321129
1501,13800,60576,0.503131,0.321129,13,27,5,0.321129,0.321130,0.321129,0.321129,0.321129,0.321129,0.321129,0.321129,0.321129,0.321129,0.321129,0.321129,0.321129,0.321129,0.321129,0.321129,0.321129,0.321129,0.321129,0.321129
1502,13810,60610,0.503131,0.321129,13,27,5,0.321129,0.321130,0.321129,0.321129,0.321129,0.321129,0.321129,0.321129,0.321129,0.321129,0.321129,0.321129,0.321129,0.321129,0.321129,0.321129,0.321129,0.321129,0.321129,0.321129
1503,13820,60743,0.503131,0.321129,13,27,5,0.321129,0.321130,0.321129,0.321129,0.321129,0.321129,0.321129,0.321129,0.321129,0.321129,0.321129,0.321129,0.321129,0.321129,0.321129,0.321129,0.321129,0.321129,0.321129,0.321129
1504,13830,60834,0.503131,0.321129,13,27,5,0.321129,0.321130,0.321129,0.321129,0.321129,0.321129,0.321129,0.321129,0.321129,0.321129,0.321129,0.321129,0.321129,0.321129,0.321129,0.321129,0.321129,0.321129,0.321129,0.321129
1505,13840,60859,0.503131,0.321129,13,27,5,0.321129,0.321130,0.321129,0.321129,0.321129,0.321129,0.321129,0.321129,0.321129,0.321129,0.321129,0.321129,0.321129,0.321129,0.321129,0.321129,0.321129,0.321129,0.321129,0.321129
1506,13850,60878,0.503131,0.321129,13,27,5,0.321129,0.321130,0.321129,0.321129,0.321129,0.321129,0.321129,0.321129,0.321129,0.321129,0.321129,0.321129,0.321129,0.321129,0.321129,0.321129,0.321129,0.321129,0.321129,0.321129
1507,13860,60965,0.503131,0.321129,13,27,5,0.321129,0.321130,0.321129,0.321129,0.321129,0.321129,0.321129,0.321129,0.321129,0.321129,0.321129,0.321129,0.321129,0.321129,0.321129,0.321129,0.321129,0.321129,0.321129,0.321129
1508,13870,61040,0.503131,0.321129,13,27,5,0.321129,0.321130,0.321129,0.321129,0.321129,0.321129,0.321129,0.321129,0.321129,0.321129,0.321129,0.321129,0.321129,0.321129,0.321129,0.321129,0.321129,0.321129,0.321129,0.321129
1509,13880,61208,0.503131,0.321129,13,27,5,0.321129,0.321130,0.321129,0.321129,0.321129,0.321129,0.321129,0.321129,0.321129,0.321129,0.321129,0.321129,0.321129,0.321129,0.321129,0.321129,0.321129,0.321129,0.321129,0.321129
1510,13890,61212,0.503131,0.321129,13,27,5,0.321129,0.321130,0.321129,0.321129,0.321129,0.321129,0.321129,0.321129,0.321129,0.321129,0.321129,0.321129,0.321129,0.321129,0.321129,0.321129,0.321129,0.321129,0.321129,0.321129
1511,13900,61324,0.503131,0.321129,13,27,5,0.321129,0.321130,0.321129,0.321129,0.321129,0.321129,0.321129,0.321129,0.321129,0.321129,0.321129,0.321129,0.321129,0.321129,0.321129,0.321129,0.321129,0.321129,0.321129,0.321129
1512,13910,61361,0.503131,0.321129,13,27,5,0.321129,0.321130,0.321129,0.321129,0.321129,0.321129,0.321129,0.321129,0.321129,0.321129,0.321129,0.321129,0.321129,0.321129,0.321129,0.321129,0.321129,0.321129,0.321129,0.321129
1513,13920,61435,0.503131,0.321129,13,27,5,0.321129,0.321130,0.321129,0.321129,0.321129,0.321129,0.321129,0.321129,0.321129,0.321129,0.321129,0.321129,0.321129,0.321129,0.321129,0.321129,0.321129,0.321129,0.321129,0.321129
1514,13930,61532,0.503131,0.321129,13,27,5,0.321129,0.321130,0.321129,0.321129,0.321129,0.321129,0.321129,0.321129,0.321129,0.321129,0.321129,0.321129,0.321129,0.321129,0.321129,0.321129,0.321129,0.321129,0.321129,0.321129
1515,13940,61644,0.503131,0.321129,13,27,5,0.321129,0.321130,0.321129,0.321129,0.321129,0.321129,0.321129,0.321129,0.321129,0.321129,0.321129,0.321129,0.321129,0.321129,0.321129,0.321129,0.321129,0.321129,0.321129,0.321129
1516,13950,61651,0.503131,0.321129,13,27,5,0.321129,0.321130,0.321129,0.321129,0.321129,0.321129,0.321129,0.321129,0.321129,0.321129,0.321129,0.321129,0.321129,0.321129,0.321129,0.321129,0.321129,0.321129,0.321129,0.321129
1517,13960,61689,0.503131,0.321129,13,27,5,0.321129,0.321130,0.321129,0.321129,0.321129,0.321129,0.321129,0.321129,0.321129,0.321129,0.321129,0.321129,0.321129,0.321129,0.321129,0.321129,0.321129,0.321129,0.321129,0.321129
1518,13970,61759,0.503131,0.321129,13,27,5,0.321129,0.321130,0.321129,0.321129,0.321129,0.321129,0.321129,0.321129,0.321129,0.321129,0.321129,0.321129,0.321129,0.321129,0.321129,0.321129,0.321129,0.321129,0.321129,0.321129
1519,13980,61767,0.503131,0.321129,13,27,5,0.321129,0.321130,0.321129,0.321129,0.321129,0.321129,0.321129,0.321129,0.321129,0.321129,0.321129,0.321129,0.321129,0.321129,0.321129,0.321129,0.321129,0.321129,0.321129,0.321129
1520,13990,61833,0.503131,0.321129,13,27,5,0.321129,0.321130,0.321129,0.321129,0.321129,0.321129,0.321129,0.321129,0.321129,0.321129,0.321129,0.321129,0.321129,0.321129,0.321129,0.321129,0.321129,0.321129,0.321129,0.321129
1521,14000,62021,0.503131,0.321129,13,27,5,0.321129,0.321130,0.321129,0.321129,0.321129,0.321129,0.321129,0.321129,0.321129,0.321129,0.321129,0.321129,0.321129,0.321129,0.321129,0.321129,0.321129,0.321129,0.321129,0.321129
1522,14010,62083,0.503131,0.321129,13,27,5,0.321129,0.321130,0.321129,0.321129,0.321129,0.321129,0.321129,0.321129,0.321129,0.321129,0.321129,0.321129,0.321129,0.321129,0.321129,0.321129,0.321129,0.321129,0.321129,0.321129
1523,14020,62094,0.503131,0.321129,13,27,5,0.321129,0.321130,0.321129,0.321129,0.321129,0.321129,0.321129,0.321129,0.321129,0.321129,0.321129,0.321129,0.321129,0.321129,0.321129,0.321129,0.321129,0.321129,0.321129,0.321129
1524,14030,62216,0.503131,0.321129,13,27,5,0.321129,0.321130,0.321129,0.321129,0.321129,0.321129,0.321129,0.321129,0.321129,0.321129,0.321129,0.321129,0.321129,0.321129,0.321129,0.321129,0.321129,0.321129,0.321129,0.321129
1525,14040,62279,0.503131,0.321129,13,27,5,0.321129,0.321130,0.321129,0.321129,0.321129,0.321129,0.321129,0.321129,0.321129,0.321129,0.321129,0.321129,0.321129,0.321129,0.321129,0.321129,0.321129,0.321129,0.321129,0.321129
1526,14050,62284,0.503131,0.321129,13,27,5,0.321129,0.321130,0.321129,0.321129,0.321129,0.321129,0.321129,0.321129,0.321129,0.321129,0.321129,0.321129,0.321129,0.321129,0.321129,0.321129,0.321129,0.321129,0.321129,0.321129
1527,14060,62318,0.503131,0.321129,13,27,5,0.321129,0.321130,0.321129,0.321129,0.321129,0.321129,0.321129,0.321129,0.321129,0.321129,0.321129,0.321129,0.321129,0.321129,0.321129,0.321129,0.321129,0.321129,0.321129,0.321129
1528,14070,62415,0.503131,0.321129,13,27,5,0.321129,0.321130,0.321129,0.321129,0.321129,0.321129,0.321129,0.321129,0.321129,0.321129,0.321129,0.321129,0.321129,0.321129,0.321129,0.321129,0.321129,0.321129,0.321129,0.321129
1529,14080,62480,0.503131,0.321129,13,27,5,0.321129,0.321130,0.321129,0.321129,0.321129,0.321129,0.321129,0.321129,0.321129,0.321129,0.321129,0.321129,0.321129,0.321129,0.321129,0.321129,0.321129,0.321129,0.321129,0.321129
1530,14090,62503,0.503131,0.321129,13,27,5,0.321129,0.321130,0.321129,0.321129,0.321129,0.321129,0.321129,0.321129,0.321129,0.321129,0.321129,0.321129,0.321129,0.321129,0.321129,0.321129,0.321129,0.321129,0.321129,0.321129
1531,14100,62661,0.503131,0.321129,13,27,5,0.321129,0.321130,0.321129,0.321129,0.321129,0.321129,0.321129,0.321129,0.321129,0.321129,0.321129,0.321129,0.321129,0.321129,0.321129,0.321129,0.321129,0.321129,0.321129,0.321129
1532,14110,62679,0.503131,0.321129,13,27,5,0.321129,0.321130,0.321129,0.321129,0.321129,0.321129,0.321129,0.321129,0.321129,0.321129,0.321129,0.321129,0.321129,0.321129,0.321129,0.321129,0.321129,0.321129,0.321129,0.321129
1533,14120,62724,0.503131,0.321129,13,27,5,0.321129,0.321130,0.321129,0.321129,0.321129,0.321129,0.321129,0.321129,0.321129,0.321129,0.321129,0.321129,0.321129,0.321129,0.321129,0.321129,0.321129,0.321129,0.321129,0.321129
1534,14130,62778,0.503131,0.321129,13,27,5,0.321129,0.321130,0.321129,0.321129,0.321129,0.321129,0.321129,0.321129,0.321129,0.321129,0.321129,0.321129,0.321129,0.321129,0.321129,0.321129,0.321129,0.321129,0.321129,0.321129
1535,14140,62795,0.503131,0.321129,13,27,5,0.321129,0.321130,0.321129,0.321129,0.321129,0.321129,0.321129,0.321129,0.321129,0.321129,0.321129,0.321129,0.321129,0.321129,0.321129,0.321129,0.321129,0.321129,0.321129,0.321129
1536,14150,62865,0.503131,0.321129,13,27,5,0.321129,0.321130,0.321129,0.321129,0.321129,0.321129,0.321129,0.321129,0.321129,0.321129,0.321129,0.321129,0.321129,0.321129,0.321129,0.321129,0.321129,0.321129,0.321129,0.321129
1537,14160,63073,0.503131,0.321129,13,27,5,0.321129,0.321130,0.321129,0.321129,0.321129,0.321129,0.321129,0.321129,0.321129,0.321129,0.321129,0.321129,0.321129,0.321129,0.321129,0.321129,0.321129,0.321129,0.321129,0.321129
1538,14170,63082,0.503131,0.321129,13,27,5,0.321129,0.321130,0.321129,0.321129,0.321129,0.321129,0.321129,0.321129,0.321129,0.321129,0.321129,0.321129,0.321129,0.321129,0.321129,0.321129,0.321129,0.321129,0.321129,0.321129
1539,14180,63130,0.503131,0.321129,13,27,5,0.321129,0.321129,0.321129,0.321129,0.321129,0.321129,0.321129,0.321129,0.321129,0.321129,0.321129,0.321129,0.321129,0.321129,0.321129,0.321129,0.321129,0.321129,0.321129,0.321129
1540,14190,63177,0.503131,0.321129,13,27,5,0.321129,0.321129,0.321129,0.321129,0.321129,0.321129,0.321129,0.321129,0.321129,0.321129,0.321129,0.321129,0.321129,0.321129,0.321129,0.321129,0.321129,0.321129,0.321129,0.321129
1541,14200,63216,0.503131,0.321129,13,27,5,0.321129,0.321129,0.321129,0.321129,0.321129,0.321129,0.321129,0.321129,0.321129,0.321129,0.321129,0.321129,0.321129,0.321129,0.321129,0.321129,0.321129,0.321129,0.321129,0.321129
1542,14210,63274,0.503131,0.321129,13,27,5,0.321129,0.321129,0.321129,0.321129,0.321129,0.321129,0.321129,0.321129,0.321129,0.321129,0.321129,0.321129,0.321129,0.321129,0.321129,0.321129,0.321129,0.321129,0.321129,0.321129
1543,14220,63458,0.503131,0.321129,13,27,5,0.321129,0.321129,0.321129,0.321129,0.321129,0.321129,0.321129,0.321129,0.321129,0.321129,0.321129,0.321129,0.321129,0.321129,0.321129,0.321129,0.321129,0.321129,0.321129,0.321129
1544,14230,63502,0.503131,0.321129,13,27,5,0.321129,0.321129,0.321129,0.321129,0.321129,0.321129,0.321129,0.321129,0.321129,0.321129,0.321129,0.321129,0.321129,0.321129,0.321129,0.321129,0.321129,0.321129,0.321129,0.321129
1545,14240,63589,0.503131,0.321129,13,27,5,0.321129,0.321129,0.321129,0.321129,0.321129,0.321129,0.321129,0.321129,0.321129,0.321129,0.321129,0.321129,0.321129,0.321129,0.321129,0.321129,0.321129,0.321129,0.321129,0.321129
1546,14250,63590,0.503131,0.321129,13,27,5,0.321129,0.321129,0.321129,0.321129,0.321129,0.321129,0.321129,0.321129,0.321129,0.321129,0.321129,0.321129,0.321129,0.321129,0.321129,0.321129,0.321129,0.321129,0.321129,0.321129
1547,14260,63661,0.503131,0.321129,13,27,5,0.321129,0.321129,0.321129,0.321129,0.321129,0.321129,0.321129,0.321129,0.321129,0.321129,0.321129,0.321129,0.321129,0.321129,0.321129,0.321129,0.321129,0.321129,0.321129,0.321129
1548,14270,63782,0.503131,0.321129,13,27,5,0.321129,0.321129,0.321129,0.321129,0.321129,0.321129,0.321129,0.321129,0.321129,0.321129,0.321129,0.321129,0.321129,0.321129,0.321129,0.321129,0.321129,0.321129,0.321129,0.321129
1549,14280,63823,0.503131,0.321129,13,27,5,0.321129,0.321129,0.321129,0.321129,0.321129,0.321129,0.321129,0.321129,0.321129,0.321129,0.321129,0.321129,0.321129,0.321129,0.321129,0.321129,0.321129,0.321129,0.321129,0.321129
1550,14290,63893,0.503131,0.321129,13,27,5,0.321129,0.321129,0.321129,0.321129,0.321129,0.321129,0.321129,0.321129,0.321129,0.321129,0.321129,0.321129,0.321129,0.321129,0.321129,0.321129,0.321129,0.321129,0.321129,0.321129
1551,14300,63906,0.503131,0.321129,13,27,5,0.321129,0.321129,0.321129,0.321129,0.321129,0.321129,0.321129,0.321129,0.321129,0.321129,0.321129,0.321129,0.321129,0.321129,0.321129,0.321129,0.321129,0.321129,0.321129,0.321129
1552,14310,63985,0.503131,0.321129,13,27,5,0.321129,0.321129,0.321129,0.321129,0.321129,0.321129,0.321129,0.321129,0.321129,0.321129,0.321129,0.321129,0.321129,0.321129,0.321129,0.321129,0.321129,0.321129,0.321129,0.321129
1553,14320,64107,0.503131,0.321129,13,27,5,0.321129,0.321129,0.321129,0.321129,0.321129,0.321129,0.321129,0.321129,0.321129,0.321129,0.321129,0.321129,0.321129,0.321129,0.321129,0.321129,0.321129,0.321129,0.321129,0.321129
1554,14330,64176,0.503131,0.321129,13,27,5,0.321129,0.321129,0.321129,0.321129,0.321129,0.321129,0.321129,0.321129,0.321129,0.321129,0.321129,0.321129,0.321129,0.321129,0.321129,0.321129,0.321129,0.321129,0.321129,0.321129
1555,14340,64179,0.503131,0.321129,13,27,5,0.321129,0.321129,0.321129,0.321129,0.321129,0.321129,0.321129,0.321129,0.321129,0.321129,0.321129,0.321129,0.321129,0.321129,0.321129,0.321129,0.321129,0.321129,0.321129,0.321129
1556,14350,64278,0.503131,0.321129,13,27,5,0.321129,0.321129,0.321129,0.321129,0.321129,0.321129,0.321129,0.321129,0.321129,0.321129,0.321129,0.321129,0.321129,0.321129,0.321129,0.321129,0.321129,0.321129,0.321129,0.321129
1557,14360,64367,0.503131,0.321129,13,27,5,0.321129,0.321129,0.321129,0.321129,0.321129,0.321129,0.321129,0.321129,0.321129,0.321129,0.321129,0.321129,0.321129,0.321129,0.321129,0.321129,0.321129,0.321129,0.321129,0.321129
1558,14370,64368,0.503131,0.321129,13,27,5,0.321129,0.321129,0.321129,0.321129,0.321129,0.321129,0.321129,0.321129,0.321129,0.321129,0.321129,0.321129,0.321129,0.321129,0.321129,0.321129,0.321129,0.321129,0.321129,0.321129
1559,14380,64427,0.503131,0.321129,13,27,5,0.321129,0.321129,0.321129,0.321129,0.321129,0.321129,0.321129,0.321129,0.321129,0.321129,0.321129,0.321129,0.321129,0.321129,0.321129,0.321129,0.321129,0.321129,0.321129,0.321129
1560,14390,64456,0.503131,0.321129,13,27,5,0.321129,0.321129,0.321129,0.321129,0.321129,0.321129,0.321129,0.321129,0.321129,0.321129,0.321129,0.321129,0.321129,0.321129,0.321129,0.321129,0.321129,0.321129,0.321129,0.321129
1561,14400,64792,0.503131,0.321129,13,27,5,0.321129,0.321129,0.321129,0.321129,0.321129,0.321129,0.321129,0.321129,0.321129,0.321129,0.321129,0.321129,0.321129,0.321129,0.321129,0.321129,0.321129,0.321129,0.321129,0.321129
1562,14410,64798,0.503131,0.321129,13,27,5,0.321129,0.321129,0.321129,0.321129,0.321129,0.321129,0.321129,0.321129,0.321129,0.321129,0.321129,0.321129,0.321129,0.321129,0.321129,0.321129,0.321129,0.321129,0.321129,0.321129
1563,14420,64812,0.503131,0.321129,13,27,5,0.321129,0.321129,0.321129,0.321129,0.321129,0.321129,0.321129,0.321129,0.321129,0.321129,0.321129,0.321129,0.321129,0.321129,0.321129,0.321129,0.321129,0.321129,0.321129,0.321129
1564,14430,64817,0.503131,0.321129,13,27,5,0.321129,0.321129,0.321129,0.321129,0.321129,0.321129,0.321129,0.321129,0.321129,0.321129,0.321129,0.321129,0.321129,0.321129,0.321129,0.321129,0.321129,0.321129,0.321129,0.321129
1565,14440,64841,0.503131,0.321129,13,27,5,0.321129,0.321129,0.321129,0.321129,0.321129,0.321129,0.321129,0.321129,0.321129,0.321129,0.321129,0.321129,0.321129,0.321129,0.321129,0.321129,0.321129,0.321129,0.321129,0.321129
1566,14450,64859,0.503131,0.321129,13,27,5,0.321129,0.321129,0.321129,0.321129,0.321129,0.321129,0.321129,0.321129,0.321129,0.321129,0.321129,0.321129,0.321129,0.321129,0.321129,0.321129,0.321129,0.321129,0.321129,0.321129
1567,14460,65079,0.503131,0.321129,13,27,5,0.321129,0.321129,0.321129,0.321129,0.321129,0.321129,0.321129,0.321129,0.321129,0.321129,0.321129,0.321129,0.321129,0.321129,0.321129,0.321129,0.321129,0.321129,0.321129,0.321129
1568,14470,65212,0.503131,0.321129,13,27,5,0.321129,0.321129,0.321129,0.321129,0.321129,0.321129,0.321129,0.321129,0.321129,0.321129,0.321129,0.321129,0.321129,0.321129,0.321129,0.321129,0.321129,0.321129,0.321129,0.321129
1569,14480,65333,0.503131,0.321129,13,27,5,0.321129,0.321129,0.321129,0.321129,0.321129,0.321129,0.321129,0.321129,0.321129,0.321129,0.321129,0.321129,0.321129,0.321129,0.321129,0.321129,0.321129,0.321129,0.321129,0.321129
1570,14490,65371,0.503131,0.321129,13,27,5,0.321129,0.321129,0.321129,0.321129,0.321129,0.321129,0.321129,0.321129,0.321129,0.321129,0.321129,0.321129,0.321129,0.321129,0.321129,0.321129,0.321129,0.321129,0.321129,0.321129
1571,14500,65383,0.503131,0.321129,13,27,5,0.321129,0.321129,0.321129,0.321129,0.321129,0.321129,0.321129,0.321129,0.321129,0.321129,0.321129,0.321129,0.321129,0.321129,0.321129,0.321129,0.321129,0.321129,0.321129,0.321129
1572,14510,65398,0.503131,0.321129,13,27,5,0.321129,0.321129,0.321129,0.321129,0.321129,0.321129,0.321129,0.321129,0.321129,0.321129,0.321129,0.321129,0.321129,0.321129,0.321129,0.321129,0.321129,0.321129,0.321129,0.321129
1573,14520,65466,0.503131,0.321129,13,27,5,0.321129,0.321129,0.321129,0.321129,0.321129,0.321129,0.321129,0.321129,0.321129,0.321129,0.321129,0.321129,0.321129,0.321129,0.321129,0.321129,0.321129,0.321129,0.321129,0.321129
1574,14530,65523,0.503131,0.321129,13,27,5,0.321129,0.321129,0.321129,0.321129,0.321129,0.321129,0.321129,0.321129,0.321129,0.321129,0.321129,0.321129,0.321129,0.321129,0.321129,0.321129,0.321129,0.321129,0.321129,0.321129
1575,14540,65695,0.503131,0.321129,13,27,5,0.321129,0.321129,0.321129,0.321129,0.321129,0.321129,0.321129,0.321129,0.321129,0.321129,0.321129,0.321129,0.321129,0.321129,0.321129,0.321129,0.321129,0.321129,0.321129,0.321129
1576,14550,65699,0.503131,0.321129,13,27,5,0.321129,0.321129,0.321129,0.321129,0.321129,0.321129,0.321129,0.321129,0.321129,0.321129,0.321129,0.321129,0.321129,0.321129,0.321129,0.321129,0.321129,0.321129,0.321129,0.321129
1577,14560,65782,0.503131,0.321129,13,27,5,0.321129,0.321129,0.321129,0.321129,0.321129,0.321129,0.321129,0.321129,0.321129,0.321129,0.321129,0.321129,0.321129,0.321129,0.321129,0.321129,0.321129,0.321129,0.321129,0.321129
1578,14570,65922,0.503131,0.321129,13,27,5,0.321129,0.321129,0.321129,0.321129,0.321129,0.321129,0.321129,0.321129,0.321129,0.321129,0.321129,0.321129,0.321129,0.321129,0.321129,0.321129,0.321129,0.321129,0.321129,0.321129
1579,14580,65933,0.503131,0.321129,13,27,5,0.321129,0.321129,0.321129,0.321129,0.321129,0.321129,0.321129,0.321129,0.321129,0.321129,0.321129,0.321129,0.321129,0.321129,0.321129,0.321129,0.321129,0.321129,0.321129,0.321129
1580,14590,65939,0.503131,0.321129,13,27,5,0.321129,0.321129,0.321129,0.321129,0.321129,0.321129,0.321129,0.321129,0.321129,0.321129,0.321129,0.321129,0.321129,0.321129,0.321129,0.321129,0.321129,0.321129,0.321129,0.321129
1581,14600,65986,0.503131,0.321129,13,27,5,0.321129,0.321129,0.321129,0.321129,0.321129,0.321129,0.321129,0.321129,0.321129,0.321129,0.321129,0.321129,0.321129,0.321129,0.321129,0.321129,0.321129,0.321129,0.321129,0.321129
1582,14610,66108,0.503131,0.321129,13,27,5,0.321129,0.321129,0.321129,0.321129,0.321129,0.321129,0.321129,0.321129,0.321129,0.321129,0.321129,0.321129,0.321129,0.321129,0.321129,0.321129,0.321129,0.321129,0.321129,0.321129
1583,14620,66112,0.503131,0.321129,13,27,5,0.321129,0.321129,0.321129,0.321129,0.321129,0.321129,0.321129,0.321129,0.321129,0.321129,0.321129,0.321129,0.321129,0.321129,0.321129,0.321129,0.321129,0.321129,0.321129,0.321129
1584,14630,66373,0.503131,0.321129,13,27,5,0.321129,0.321129,0.321129,0.321129,0.321129,0.321129,0.321129,0.321129,0.321129,0.321129,0.321129,0.321129,0.321129,0.321129,0.321129,0.321129,0.321129,0.321129,0.321129,0.321129
1585,14640,66390,0.503131,0.321129,13,27,5,0.321129,0.321129,0.321129,0.321129,0.321129,0.321129,0.321129,0.321129,0.321129,0.321129,0.321129,0.321129,0.321129,0.321129,0.321129,0.321129,0.321129,0.321129,0.321129,0.321129
1586,14650,66390,0.503131,0.321129,13,27,5,0.321129,0.321129,0.321129,0.321129,0.321129,0.321129,0.321129,0.321129,0.321129,0.321129,0.321129,0.321129,0.321129,0.321129,0.321129,0.321129,0.321129,0.321129,0.321129,0.321129
1587,14660,66414,0.503131,0.321129,13,27,5,0.321129,0.321129,0.321129,0.321129,0.321129,0.321129,0.321129,0.321129,0.321129,0.321129,0.321129,0.321129,0.321129,0.321129,0.321129,0.321129,0.321129,0.321129,0.321129,0.321129
1588,14670,66447,0.503131,0.321129,13,27,5,0.321129,0.321129,0.321129,0.321129,0.321129,0.321129,0.321129,0.321129,0.321129,0.321129,0.321129,0.321129,0.321129,0.321129,0.321129,0.321129,0.321129,0.321129,0.321129,0.321129
1589,14680,66484,0.503131,0.321129,13,27,5,0.321129,0.321129,0.321129,0.321129,0.321129,0.321129,0.321129,0.321129,0.321129,0.321129,0.321129,0.321129,0.321129,0.321129,0.321129,0.321129,0.321129,0.321129,0.321129,0.321129
1590,14690,66531,0.503131,0.321129,13,27,5,0.321129,0.321129,0.321129,0.321129,0.321129,0.321129,0.321129,0.321129,0.321129,0.321129,0.321129,0.321129,0.321129,0.321129,0.321129,0.321129,0.321129,0.321129,0.321129,0.321129
1591,14700,66797,0.503131,0.321129,13,27,5,0.321129,0.321129,0.321129,0.321129,0.321129,0.321129,0.321129,0.321129,0.321129,0.321129,0.321129,0.321129,0.321129,0.321129,0.321129,0.321129,0.321129,0.321129,0.321129,0.321129
1592,14710,66834,0.503131,0.321129,13,27,5,0.321129,0.321129,0.321129,0.321129,0.321129,0.321129,0.321129,0.321129,0.321129,0.321129,0.321129,0.321129,0.321129,0.321129,0.321129,0.321129,0.321129,0.321129,0.321129,0.321129
1593,14720,66862,0.503131,0.321129,13,27,5,0.321129,0.321129,0.321129,0.321129,0.321129,0.321129,0.321129,0.321129,0.321129,0.321129,0.321129,0.321129,0.321129,0.321129,0.321129,0.321129,0.321129,0.321129,0.321129,0.321129
1594,14730,66874,0.503131,0.321129,13,27,5,0.321129,0.321129,0.321129,0.321129,0.321129,0.321129,0.321129,0.321129,0.321129,0.321129,0.321129,0.321129,0.321129,0.321129,0.321129,0.321129,0.321129,0.321129,0.321129,0.321129
1595,14740,66947,0.503131,0.321129,13,27,5,0.321129,0.321129,0.321129,0.321129,0.321129,0.321129,0.321129,0.321129,0.321129,0.321129,0.321129,0.321129,0.321129,0.321129,0.321129,0.321129,0.321129,0.321129,0.321129,0.321129
1596,14750,66999,0.503131,0.321129,13,27,5,0.321129,0.321129,0.321129,0.321129,0.321129,0.321129,0.321129,0.321129,0.321129,0.321129,0.321129,0.321129,0.321129,0.321129,0.321129,0.321129,0.321129,0.321129,0.321129,0.321129
1597,14760,67242,0.503131,0.321129,13,27,5,0.321129,0.321129,0.321129,0.321129,0.321129,0.321129,0.321129,0.321129,0.321129,0.321129,0.321129,0.321129,0.321129,0.321129,0.321129,0.321129,0.321129,0.321129,0.321129,0.321129
1598,14770,67329,0.503131,0.321129,13,27,5,0.321129,0.321129,0.321129,0.321129,0.321129,0.321129,0.321129,0.321129,0.321129,0.321129,0.321129,0.321129,0.321129,0.321129,0.321129,0.321129,0.321129,0.321129,0.321129,0.321129
1599,14780,67348,0.503131,0.321129,13,27,5,0.321129,0.321129,0.321129,0.321129,0.321129,0.321129,0.321129,0.321129,0.321129,0.321129,0.321129,0.321129,0.321129,0.321129,0.321129,0.321129,0.321129,0.321129,0.321129,0.321129
1600,14790,67384,0.503131,0.321129,13,27,5,0.321129,0.321129,0.321129,0.321129,0.321129,0.321129,0.321129,0.321129,0.321129,0.321129,0.321129,0.321129,0.321129,0.321129,0.321129,0.321129,0.321129,0.321129,0.321129,0.321129
1601,14800,67485,0.503131,0.321129,13,27,5,0.321129,0.321129,0.321129,0.321129,0.321129,0.321129,0.321129,0.321129,0.321129,0.321129,0.321129,0.321129,10000000.000000,10000000.000000,0.321129,0.321129,0.321129,0.321129,0.321129,0.321129
1602,14810,67498,0.503131,0.321129,13,27,5,0.321129,0.321129,0.321129,0.321129,0.321129,0.321129,0.321129,0.321129,0.321129,0.321129,0.321129,0.321129,10000000.000000,10000000.000000,0.321129,0.321129,0.321129,0.321129,0.321129,0.321129
1603,14820,67612,0.503131,0.321129,13,27,5,0.321129,0.321129,0.321129,0.321129,0.321129,0.321129,0.321129,0.321129,0.321129,0.321129,0.321129,0.321129,10000000.000000,10000000.000000,0.321129,0.321129,0.321129,0.321129,0.321129,0.321129
1604,14830,67651,0.503131,0.321129,13,27,5,0.321129,0.321129,0.321129,0.321129,0.321129,0.321129,0.321129,0.321129,0.321129,0.321129,0.321129,0.321129,10000000.000000,10000000.000000,0.321129,0.321129,0.321129,0.321129,0.321129,0.321129
1605,14840,67733,0.503131,0.321129,13,27,5,0.321129,0.321129,0.321129,0.321129,0.321129,0.321129,0.321129,0.321129,0.321129,0.321129,0.321129,0.321129,10000000.000000,10000000.000000,0.321129,0.321129,0.321129,0.321129,0.321129,0.321129
1606,14850,67763,0.503131,0.321129,13,27,5,0.321129,0.321129,0.321129,0.321129,0.321129,0.321129,0.321129,0.321129,0.321129,0.321129,0.321129,0.321129,10000000.000000,10000000.000000,0.321129,0.321129,0.321129,0.321129,0.321129,0.321129
1607,14860,67802,0.503131,0.321129,13,27,5,0.321129,0.321129,0.321129,0.321129,0.321129,0.321129,0.321129,0.321129,0.321129,0.321129,0.321129,0.321129,10000000.000000,10000000.000000,0.321129,0.321129,0.321129,0.321129,0.321129,0.321129
1608,14870,67877,0.503131,0.321129,13,27,5,0.321129,0.321129,0.321129,0.321129,0.321129,0.321129,0.321129,0.321129,0.321129,0.321129,0.321129,0.321129,10000000.000000,10000000.000000,0.321129,0.321129,0.321129,0.321129,0.321129,0.321129
1609,14880,67902,0.503131,0.321129,13,27,5,0.321129,0.321129,0.321129,0.321129,0.321129,0.321129,0.321129,0.321129,0.321129,0.321129,0.321129,0.321129,10000000.000000,10000000.000000,0.321129,0.321129,0.321129,0.321129,0.321129,0.321129
1610,14890,68052,0.503131,0.321129,13,27,5,0.321129,0.321129,0.321129,0.321129,0.321129,0.321129,0.321129,0.321129,0.321129,0.321129,0.321129,0.321129,10000000.000000,10000000.000000,0.321129,0.321129,0.321129,0.321129,0.321129,0.321129
1611,14900,68153,0.503131,0.321129,13,27,5,0.321129,0.321129,0.321129,0.321129,0.321129,0.321129,0.321129,0.321129,0.321129,0.321129,0.321129,0.321129,10000000.000000,10000000.000000,0.321129,0.321129,0.321129,0.321129,0.321129,0.321129
1612,14910,68221,0.503131,0.321129,13,27,5,0.321129,0.321129,0.321129,0.321129,0.321129,0.321129,0.321129,0.321129,0.321129,0.321129,0.321129,0.321129,10000000.000000,10000000.000000,0.321129,0.321129,0.321129,0.321129,0.321129,0.321129
1613,14920,68317,0.503131,0.321129,13,27,5,0.321129,0.321129,0.321129,0.321129,0.321129,0.321129,0.321129,0.321129,0.321129,0.321129,0.321129,0.321129,10000000.000000,10000000.000000,0.321129,0.321129,0.321129,0.321129,0.321129,0.321129
1614,14930,68386,0.503131,0.321129,13,27,5,0.321129,0.321129,0.321129,0.321129,0.321129,0.321129,0.321129,0.321129,0.321129,0.321129,0.321129,0.321129,10000000.000000,10000000.000000,0.321129,0.321129,0.321129,0.321129,0.321129,0.321129
1615,14940,68413,0.503131,0.321129,13,27,5,0.321129,0.321129,0.321129,0.321129,0.321129,0.321129,0.321129,0.321129,0.321129,0.321129,0.321129,0.321129,10000000.000000,10000000.000000,0.321129,0.321129,0.321129,0.321129,0.321129,0.321129
1616,14950,68520,0.503131,0.321129,13,27,5,0.321129,0.321129,0.321129,0.321129,0.321129,0.321129,0.321129,0.321129,0.321129,0.321129,0.321129,0.321129,10000000.000000,10000000.000000,0.321129,0.321129,0.321129,0.321129,0.321129,0.321129
1617,14960,68540,0.503131,0.321129,13,27,5,0.321129,0.321129,0.321129,0.321129,0.321129,0.321129,0.321129,0.321129,0.321129,0.321129,0.321129,0.321129,10000000.000000,10000000.000000,0.321129,0.321129,0.321129,0.321129,0.321129,0.321129
1618,14970,68580,0.503131,0.321129,13,27,5,0.321129,0.321129,0.321129,0.321129,0.321129,0.321129,0.321129,0.321129,0.321129,0.321129,0.321129,0.321129,10000000.000000,10000000.000000,0.321129,0.321129,0.321129,0.321129,0.321129,0.321129
1619,14980,68658,0.503131,0.321129,13,27,5,0.321129,0.321129,0.321129,0.321129,0.321129,0.321129,0.321129,0.321129,0.321129,0.321129,0.321129,0.321129,10000000.000000,10000000.000000,0.321129,0.321129,0.321129,0.321129,0.321129,0.321129
1620,14990,68743,0.503131,0.321129,13,27,5,0.321129,0.321129,0.321129,0.321129,0.321129,0.321129,0.321129,0.321129,0.321129,0.321129,0.321129,0.321129,10000000.000000,10000000.000000,0.321129,0.321129,0.321129,0.321129,0.321129,0.321129
1621,15000,68885,0.503131,0.321129,13,27,5,0.321129,0.321129,0.321129,0.321129,0.321129,0.321129,0.321129,0.321129,0.321129,0.321129,0.321129,0.321129,10000000.000000,10000000.000000,0.321129,0.321129,0.321129,0.321129,0.321129,0.321129
1622,15010,68951,0.503131,0.321129,13,27,5,0.321129,0.321129,0.321129,0.321129,0.321129,0.321129,0.321129,0.321129,0.321129,0.321129,0.321129,0.321129,10000000.000000,10000000.000000,0.321129,0.321129,0.321129,0.321129,0.321129,0.321129
1623,15020,69027,0.503131,0.321129,13,27,5,0.321129,0.321129,0.321129,0.321129,0.321129,0.321129,0.321129,0.321129,0.321129,0.321129,0.321129,0.321129,10000000.000000,10000000.000000,0.321129,0.321129,0.321129,0.321129,0.321129,0.321129
1624,15030,69088,0.503131,0.321129,13,27,5,0.321129,0.321129,0.321129,0.321129,0.321129,0.321129,0.321129,0.321129,0.321129,0.321129,0.321129,0.321129,10000000.000000,10000000.000000,0.321129,0.321129,0.321129,0.321129,0.321129,0.321129
1625,15040,69151,0.503131,0.321129,13,27,5,0.321129,0.321129,0.321129,0.321129,0.321129,0.321129,0.321129,0.321129,0.321129,0.321129,0.321129,0.321129,10000000.000000,10000000.000000,0.321129,0.321129,0.321129,0.321129,0.321129,0.321129
1626,15050,69175,0.503131,0.321129,13,27,5,0.321129,0.321129,0.321129,0.321129,0.321129,0.321129,0.321129,0.321129,0.321129,0.321129,0.321129,0.321129,10000000.000000,10000000.000000,0.321129,0.321129,0.321129,0.321129,0.321129,0.321129
1627,15060,69184,0.503131,0.321129,13,27,5,0.321129,0.321129,0.321129,0.321129,0.321129,0.321129,0.321129,0.321129,0.321129,0.321129,0.321129,0.321129,10000000.000000,10000000.000000,0.321129,0.321129,0.321129,0.321129,0.321129,0.321129
1628,15070,69363,0.503131,0.321129,13,27,5,0.321129,0.321129,0.321129,0.321129,0.321129,0.321129,0.321129,0.321129,0.321129,0.321129,0.321129,0.321129,10000000.000000,10000000.000000,0.321129,0.321129,0.321129,0.321129,0.321129,0.321129
1629,15080,69485,0.503131,0.321129,13,27,5,0.321129,0.321129,0.321129,0.321129,0.321129,0.321129,0.321129,0.321129,0.321129,0.321129,0.321129,0.321129,0.321129,0.321129,0.321129,0.321129,0.321129,0.321129,0.321129,0.321129
1630,15090,69531,0.503131,0.321129,13,27,5,0.321129,0.321129,0.321129,0.321129,0.321129,0.321129,0.321129,0.321129,0.321129,0.321129,0.321129,0.321129,0.321129,0.321129,0.321129,0.321129,0.321129,0.321129,0.321129,0.321129
1631,15100,69580,0.503131,0.321129,13,27,5,0.321129,0.321129,0.321129,0.321129,0.321129,0.321129,0.321129,0.321129,0.321129,0.321129,0.321129,0.321129,0.321129,0.321129,0.321129,0.321129,0.321129,0.321129,0.321129,0.321129
1632,15110,69605,0.503131,0.321129,13,27,5,0.321129,0.321129,0.321129,0.321129,0.321129,0.321129,0.321129,0.321129,0.321129,0.321129,0.321129,0.321129,0.321129,0.321129,0.321129,0.321129,0.321129,0.321129,0.321129,0.321129
1633,15120,69618,0.503131,0.321129,13,27,5,0.321129,0.321129,0.321129,0.321129,0.321129,0.321129,0.321129,0.321129,0.321129,0.321129,0.321129,0.321129,0.321129,0.321129,0.321129,0.321129,0.321129,0.321129,0.321129,0.321129
1634,15130,69641,0.503131,0.321129,13,27,5,0.321129,0.321129,0.321129,0.321129,0.321129,0.321129,0.321129,0.321129,0.321129,0.321129,0.321129,0.321129,0.321129,0.321129,0.321129,0.321129,0.321129,0.321129,0.321129,0.321129
1635,15140,69918,0.503131,0.321129,13,27,5,0.321129,0.321129,0.321129,0.321129,0.321129,0.321129,0.321129,0.321129,0.321129,0.321129,0.321129,0.321129,0.321129,0.321129,0.321129,0.321129,0.321129,0.321129,0.321129,0.321129
1636,15150,69931,0.503131,0.321129,13,27,5,0.321129,0.321129,0.321129,0.321129,0.321129,0.321129,0.321129,0.321129,0.321129,0.321129,0.321129,0.321129,0.321129,0.321129,0.321129,0.321129,0.321129,0.321129,0.321129,0.321129
1637,15160,69988,0.503131,0.321129,13,27,5,0.321129,0.321129,0.321129,0.321129,0.321129,0.321129,0.321129,0.321129,0.321129,0.321129,0.321129,0.321129,0.321129,0.321129,0.321129,0.321129,0.321129,0.321129,0.321129,0.321129
1638,15170,70000,0.503131,0.321129,13,27,5,0.321129,0.321129,0.321129,0.321129,0.321129,0.321129,0.321129,0.321129,0.321129,0.321129,0.321129,0.321129,0.321129,0.321129,0.321129,0.321129,0.321129,0.321129,0.321129,0.321129
1639,15180,70068,0.503131,0.321129,13,27,5,0.321129,0.321129,0.321129,0.321129,0.321129,0.321129,0.321129,0.321129,0.321129,0.321129,0.321129,0.321129,0.321129,0.321129,0.321129,0.321129,0.321129,0.321129,0.321129,0.321129
1640,15190,70096,0.503131,0.321129,13,27,5,0.321129,0.321129,0.321129,0.321129,0.321129,0.321129,0.321129,0.321129,0.321129,0.321129,0.321129,0.321129,0.321129,0.321129,0.321129,0.321129,0.321129,0.321129,0.321129,0.321129
1641,15200,70275,0.503131,0.321129,13,27,5,0.321129,0.321129,0.321129,0.321129,0.321129,0.321129,0.321129,0.321129,0.321129,0.321129,0.321129,0.321129,0.321129,0.321129,0.321129,0.321129,0.321129,0.321129,0.321129,0.321129
1642,15210,70338,0.503131,0.321129,13,27,5,0.321129,0.321129,0.321129,0.321129,0.321129,0.321129,0.321129,0.321129,0.321129,0.321129,0.321129,0.321129,0.321129,0.321129,0.321129,0.321129,0.321129,0.321129,0.321129,0.321129
1643,15220,70388,0.503131,0.321129,13,27,5,0.321129,0.321129,0.321129,0.321129,0.321129,0.321129,0.321129,0.321129,0.321129,0.321129,0.321129,0.321129,0.321129,0.321129,0.321129,0.321129,0.321129,0.321129,0.321129,0.321129
1644,15230,70472,0.503131,0.321129,13,27,5,0.321129,0.321129,0.321129,0.321129,0.321129,0.321129,0.321129,0.321129,0.321129,0.321129,0.321129,0.321129,0.321129,0.321129,0.321129,0.321129,0.321129,0.321129,0.321129,0.321129
1645,15240,70520,0.503131,0.321129,13,27,5,0.321129,0.321129,0.321129,0.321129,0.321129,0.321129,0.321129,0.321129,0.321129,0.321129,0.321129,0.321129,0.321129,0.321129,0.321129,0.321129,0.321129,0.321129,0.321129,0.321129
1646,15250,70531,0.503131,0.321129,13,27,5,0.321129,0.321129,0.321129,0.321129,0.321129,0.321129,0.321129,0.321129,0.321129,0.321129,0.321129,0.321129,0.321129,0.321129,0.321129,0.321129,0.321129,0.321129,0.321129,0.321129
1647,15260,70572,0.503131,0.321129,13,27,5,0.321129,0.321129,0.321129,0.321129,0.321129,0.321129,0.321129,0.321129,0.321129,0.321129,0.321129,0.321129,0.321129,0.321129,0.321129,0.321129,0.321129,0.321129,0.321129,0.321129
1648,15270,70824,0.503131,0.321129,13,27,5,0.321129,0.321129,0.321129,0.321129,0.321129,0.321129,0.321129,0.321129,0.321129,0.321129,0.321129,0.321129,0.321129,0.321129,0.321129,0.321129,0.321129,0.321129,0.321129,0.321129
1649,15280,70847,0.503131,0.321129,13,27,5,0.321129,0.321129,0.321129,0.321129,0.321129,0.321129,0.321129,0.321129,0.321129,0.321129,0.321129,0.321129,0.321129,0.321129,0.321129,0.321129,0.321129,0.321129,0.321129,0.321129
1650,15290,70901,0.503131,0.321129,13,27,5,0.321129,0.321129,0.321129,0.321129,0.321129,0.321129,0.321129,0.321129,0.321129,0.321129,0.321129,0.321129,0.321129,0.321129,0.321129,0.321129,0.321129,0.321129,0.321129,0.321129
1651,15300,70909,0.503131,0.321129,13,27,5,0.321129,0.321129,0.321129,0.321129,0.321129,0.321129,0.321129,0.321129,0.321129,0.321129,0.321129,0.321129,0.321129,0.321129,0.321129,0.321129,0.321129,0.321129,0.321129,0.321129
1652,15310,70939,0.503131,0.321129,13,27,5,0.321129,0.321129,0.321129,0.321129,0.321129,0.321129,0.321129,0.321129,0.321129,0.321129,0.321129,0.321129,0.321129,0.321129,0.321129,0.321129,0.321129,0.321129,0.321129,0.321129
1653,15320,70977,0.503131,0.321129,13,27,5,0.321129,0.321129,0.321129,0.321129,0.321129,0.321129,0.321129,0.321129,0.321129,0.321129,0.321129,0.321129,0.321129,0.321129,0.321129,0.321129,0.321129,0.321129,0.321129,0.321129
1654,15330,71050,0.503131,0.321129,13,27,5,0.321129,0.321129,0.321129,0.321129,0.321129,0.321129,0.321129,0.321129,0.321129,0.321129,0.321129,0.321129,0.321129,0.321129,0.321129,0.321129,0.321129,0.321129,0.321129,0.321129
1655,15340,71291,0.503131,0.321129,13,27,5,0.321129,0.321129,0.321129,0.321129,0.321129,0.321129,0.321129,0.321129,0.321129,0.321129,0.321129,0.321129,0.321129,0.321129,0.321129,0.321129,0.321129,0.321129,0.321129,0.321129
1656,15350,71361,0.503131,0.321129,13,27,5,0.321129,0.321129,0.321129,0.321129,0.321129,0.321129,0.321129,0.321129,0.321129,0.321129,0.321129,0.321129,0.321129,0.321129,0.321129,0.321129,0.321129,0.321129,0.321129,0.321129
1657,15360,71371,0.503131,0.321129,13,27,5,0.321129,0.321129,0.321129,0.321129,0.321129,0.321129,0.321129,0.321129,0.321129,0.321129,0.321129,0.321129,0.321129,0.321129,0.321129,0.321129,0.321129,0.321129,0.321129,0.321129
1658,15370,71393,0.503131,0.321129,13,27,5,0.321129,0.321129,0.321129,0.321129,0.321129,0.321129,0.321129,0.321129,0.321129,0.321129,0.321129,0.321129,0.321129,0.321129,0.321129,0.321129,0.321129,0.321129,0.321129,0.321129
1659,15380,71415,0.503131,0.321129,13,27,5,0.321129,0.321129,0.321129,0.321129,0.321129,0.321129,0.321129,0.321129,0.321129,0.321129,0.321129,0.321129,0.321129,0.321129,0.321129,0.321129,0.321129,0.321129,0.321129,0.321129
1660,15390,71460,0.503131,0.321129,13,27,5,0.321129,0.321129,0.321129,0.321129,0.321129,0.321129,0.321129,0.321129,0.321129,0.321129,0.321129,0.321129,0.321129,0.321129,0.321129,0.321129,0.321129,0.321129,0.321129,0.321129
1661,15400,71743,0.503131,0.321129,13,27,5,0.321129,0.321129,0.321129,0.321129,0.321129,0.321129,0.321129,0.321129,0.321129,0.321129,0.321129,0.321129,0.321129,0.321129,0.321129,0.321129,0.321129,0.321129,0.321129,0.321129
1662,15410,71823,0.503131,0.321129,13,27,5,0.321129,0.321129,0.321129,0.321129,0.321129,0.321129,0.321129,0.321129,0.321129,0.321129,0.321129,0.321129,0.321129,0.321129,0.321129,0.321129,0.321129,0.321129,0.321129,0.321129
1663,15420,71839,0.503131,0.321129,13,27,5,0.321129,0.321129,0.321129,0.321129,0.321129,0.321129,0.321129,0.321129,0.321129,0.321129,0.321129,0.321129,0.321129,0.321129,0.321129,0.321129,0.321129,0.321129,0.321129,0.321129
1664,15430,71859,0.503131,0.321129,13,27,5,0.321129,0.321129,0.321129,0.321129,0.321129,0.321129,0.321129,0.321129,0.321129,0.321129,0.321129,0.321129,0.321129,0.321129,0.321129,0.321129,0.321129,0.321129,0.321129,0.321129
1665,15440,71889,0.503131,0.321129,13,27,5,0.321129,0.321129,0.321129,0.321129,0.321129,0.321129,0.321129,0.321129,0.321129,0.321129,0.321129,0.321129,0.321129,0.321129,0.321129,0.321129,0.321129,0.321129,0.321129,0.321129
1666,15450,71898,0.503131,0.321129,13,27,5,0.321129,0.321129,0.321129,0.321129,0.321129,0.321129,0.321129,0.321129,0.321129,0.321129,0.321129,0.321129,0.321129,0.321129,0.321129,0.321129,0.321129,0.321129,0.321129,0.321129
1667,15460,71915,0.503131,0.321129,13,27,5,0.321129,0.321129,0.321129,0.321129,0.321129,0.321129,0.321129,0.321129,0.321129,0.321129,0.321129,0.321129,0.321129,0.321129,0.321129,0.321129,0.321129,0.321129,0.321129,0.321129
1668,15470,72099,0.503131,0.321129,13,27,5,0.321129,0.321129,0.321129,0.321129,0.321129,0.321129,0.321129,0.321129,0.321129,0.321129,0.321129,0.321129,0.321129,0.321129,0.321129,0.321129,0.321129,0.321129,0.321129,0.321129
1669,15480,72268,0.503131,0.321129,13,27,5,0.321129,0.321129,0.321129,0.321129,0.321129,0.321129,0.321129,0.321129,0.321129,0.321129,0.321129,0.321129,0.321129,0.321129,0.321129,0.321129,0.321129,0.321129,0.321129,0.321129
1670,15490,72290,0.503131,0.321129,13,27,5,0.321129,0.321129,0.321129,0.321129,0.321129,0.321129,0.321129,0.321129,0.321129,0.321129,0.321129,0.321129,0.321129,0.321129,0.321129,0.321129,0.321129,0.321129,0.321129,0.321129
1671,15500,72433,0.503131,0.321129,13,27,5,0.321129,0.321129,0.321129,0.321129,0.321129,0.321129,0.321129,0.321129,0.321129,0.321129,0.321129,0.321129,0.321129,0.321129,0.321129,0.321129,0.321129,0.321129,0.321129,0.321129
1672,15510,72447,0.503131,0.321129,13,27,5,0.321129,0.321129,0.321129,0.321129,0.321129,0.321129,0.321129,0.321129,0.321129,0.321129,0.321129,0.321129,0.321129,0.321129,0.321129,0.321129,0.321129,0.321129,0.321129,0.321129
1673,15520,72501,0.503131,0.321129,13,27,5,0.321129,0.321129,0.321129,0.321129,0.321129,0.321129,0.321129,0.321129,0.321129,0.321129,0.321129,0.321129,0.321129,0.321129,0.321129,0.321129,0.321129,0.321129,0.321129,0.321129
1674,15530,72561,0.503131,0.321129,13,27,5,0.321129,0.321129,0.321129,0.321129,0.321129,0.321129,0.321129,0.321129,0.321129,0.321129,0.321129,0.321129,0.321129,0.321129,0.321129,0.321129,0.321129,0.321129,0.321129,0.321129
1675,15540,72607,0.503131,0.321129,13,27,5,0.321129,0.321129,0.321129,0.321129,0.321129,0.321129,0.321129,0.321129,0.321129,0.321129,0.321129,0.321129,0.321129,0.321129,0.321129,0.321129,0.321129,0.321129,0.321129,0.321129
1676,15550,72738,0.503131,0.321129,13,27,5,0.321129,0.321129,0.321129,0.321129,0.321129,0.321129,0.321129,0.321129,0.321129,0.321129,0.321129,0.321129,0.321129,0.321129,0.321129,0.321129,0.321129,0.321129,0.321129,0.321129
1677,15560,72808,0.503131,0.321129,13,27,5,0.321129,0.321129,0.321129,0.321129,0.321129,0.321129,0.321129,0.321129,0.321129,0.321129,0.321129,0.321129,0.321129,0.321129,0.321129,0.321129,0.321129,0.321129,0.321129,0.321129
1678,15570,72895,0.503131,0.321129,13,27,5,0.321129,0.321129,0.321129,0.321129,0.321129,0.321129,0.321129,0.321129,0.321129,0.321129,0.321129,0.321129,0.321129,0.321129,0.321129,0.321129,0.321129,0.321129,0.321129,0.321129
1679,15580,72944,0.503131,0.321129,13,27,5,0.321129,0.321129,0.321129,0.321129,0.321129,0.321129,0.321129,0.321129,0.321129,0.321129,0.321129,0.321129,0.321129,0.321129,0.321129,0.321129,0.321129,0.321129,0.321129,0.321129
1680,15590,72952,0.503131,0.321129,13,27,5,0.321129,0.321129,0.321129,0.321129,0.321129,0.321129,0.321129,0.321129,0.321129,0.321129,0.321129,0.321129,0.321129,0.321129,0.321129,0.321129,0.321129,0.321129,0.321129,0.321129
1681,15600,73039,0.503131,0.321129,13,27,5,0.321129,0.321129,0.321129,0.321129,0.321129,0.321129,0.321129,0.321129,0.321129,0.321129,0.321129,0.321129,0.321129,0.321129,0.321129,0.321129,0.321129,0.321129,0.321129,0.321129
1682,15610,73110,0.503131,0.321129,13,27,5,0.321129,0.321129,0.321129,0.321129,0.321129,0.321129,0.321129,0.321129,0.321129,0.321129,0.321129,0.321129,0.321129,0.321129,0.321129,0.321129,0.321129,0.321129,0.321129,0.321129
1683,15620,73299,0.503131,0.321129,13,27,5,0.321129,0.321129,0.321129,0.321129,0.321129,0.321129,0.321129,0.321129,0.321129,0.321129,0.321129,0.321129,0.321129,0.321129,0.321129,0.321129,0.321129,0.321129,0.321129,0.321129
1684,15630,73387,0.503131,0.321129,13,27,5,0.321129,0.321129,0.321129,0.321129,0.321129,0.321129,0.321129,0.321129,0.321129,0.321129,0.321129,0.321129,0.321129,0.321129,0.321129,0.321129,0.321129,0.321129,0.321129,0.321129
1685,15640,73427,0.503131,0.321129,13,27,5,0.321129,0.321129,0.321129,0.321129,0.321129,0.321129,0.321129,0.321129,0.321129,0.321129,0.321129,0.321129,0.321129,0.321129,0.321129,0.321129,0.321129,0.321129,0.321129,0.321129
1686,15650,73491,0.503131,0.321129,13,27,5,0.321129,0.321129,0.321129,0.321129,0.321129,0.321129,0.321129,0.321129,0.321129,0.321129,0.321129,0.321129,0.321129,0.321129,0.321129,0.321129,0.321129,0.321129,0.321129,0.321129
1687,15660,73524,0.503131,0.321129,13,27,5,0.321129,0.321129,0.321129,0.321129,0.321129,0.321129,0.321129,0.321129,0.321129,0.321129,0.321129,0.321129,0.321129,0.321129,0.321129,0.321129,0.321129,0.321129,0.321129,0.321129
1688,15670,73524,0.503131,0.321129,13,27,5,0.321129,0.321129,0.321129,0.321129,0.321129,0.321129,0.321129,0.321129,0.321129,0.321129,0.321129,0.321129,0.321129,0.321129,0.321129,0.321129,0.321129,0.321129,0.321129,0.321129
1689,15680,73584,0.503131,0.321129,13,27,5,0.321129,0.321129,0.321129,0.321129,0.321129,0.321129,0.321129,0.321129,0.321129,0.321129,0.321129,0.321129,0.321129,0.321129,0.321129,0.321129,0.321129,0.321129,0.321129,0.321129
1690,15690,73709,0.503131,0.321129,13,27,5,0.321129,0.321129,0.321129,0.321129,0.321129,0.321129,0.321129,0.321129,0.321129,0.321129,0.321129,0.321129,0.321129,0.321129,0.321129,0.321129,0.321129,0.321129,0.321129,0.321129
1691,15700,73909,0.503131,0.321129,13,27,5,0.321129,0.321129,0.321129,0.321129,0.321129,0.321129,0.321129,0.321129,0.321129,0.321129,0.321129,0.321129,0.321129,0.321129,0.321129,0.321129,0.321129,0.321129,0.321129,0.321129
1692,15710,73948,0.503131,0.321129,13,27,5,0.321129,0.321129,0.321129,0.321129,0.321129,0.321129,0.321129,0.321129,0.321129,0.321129,0.321129,0.321129,0.321129,0.321129,0.321129,0.321129,0.321129,0.321129,0.321129,0.321129
1693,15720,73964,0.503131,0.321129,13,27,5,0.321129,0.321129,0.321129,0.321129,0.321129,0.321129,0.321129,0.321129,0.321129,0.321129,0.321129,0.321129,0.321129,0.321129,0.321129,0.321129,0.321129,0.321129,0.321129,0.321129
1694,15730,73987,0.503131,0.321129,13,27,5,0.321129,0.321129,0.321129,0.321129,0.321129,0.321129,0.321129,0.321129,0.321129,0.321129,0.321129,0.321129,0.321129,0.321129,0.321129,0.321129,0.321129,0.321129,0.321129,0.321129
1695,15740,74005,0.503131,0.321129,13,27,5,0.321129,0.321129,0.321129,0.321129,0.321129,0.321129,0.321129,0.321129,0.321129,0.321129,0.321129,0.321129,0.321129,0.321129,0.321129,0.321129,0.321129,0.321129,0.321129,0.321129
1696,15750,74131,0.503131,0.321129,13,27,5,0.321129,0.321129,0.321129,0.321129,0.321129,0.321129,0.321129,0.321129,0.321129,0.321129,0.321129,0.321129,0.321129,0.321129,0.321129,0.321129,0.321129,0.321129,0.321129,0.321129
1697,15760,74136,0.503131,0.321129,13,27,5,0.321129,0.321129,0.321129,0.321129,0.321129,0.321129,0.321129,0.321129,0.321129,0.321129,0.321129,0.321129,0.321129,0.321129,0.321129,0.321129,0.321129,0.321129,0.321129,0.321129
1698,15770,74284,0.503131,0.321129,13,27,5,0.321129,0.321129,0.321129,0.321129,0.321129,0.321129,0.321129,0.321129,0.321129,0.321129,0.321129,0.321129,0.321129,0.321129,0.321129,0.321129,0.321129,0.321129,0.321129,0.321129
1699,15780,74332,0.503131,0.321129,13,27,5,0.321129,0.321129,0.321129,0.321129,0.321129,0.321129,0.321129,0.321129,0.321129,0.321129,0.321129,0.321129,0.321129,0.321129,0.321129,0.321129,0.321129,0.321129,0.321129,0.321129
1700,15790,74360,0.503131,0.321129,13,27,5,0.321129,0.321129,0.321129,0.321129,0.321129,0.321129,0.321129,0.321129,0.321129,0.321129,0.321129,0.321129,0.321129,0.321129,0.321129,0.321129,0.321129,0.321129,0.321129,0.321129
1701,15800,74367,0.503131,0.321129,13,27,5,0.321129,0.321129,0.321129,0.321129,0.321129,0.321129,0.321129,0.321129,0.321129,0.321129,0.321129,0.321129,0.321129,0.321129,0.321129,0.321129,0.321129,0.321129,0.321129,0.321129
1702,15810,74443,0.503131,0.321129,13,27,5,0.321129,0.321129,0.321129,0.321129,0.321129,0.321129,0.321129,0.321129,0.321129,0.321129,0.321129,0.321129,0.321129,0.321129,0.321129,0.321129,0.321129,0.321129,0.321129,0.321129
1703,15820,74575,0.503131,0.321129,13,27,5,0.321129,0.321129,0.321129,0.321129,0.321129,0.321129,0.321129,0.321129,0.321129,0.321129,0.321129,0.321129,0.321129,0.321129,0.321129,0.321129,0.321129,0.321129,0.321129,0.321129
1704,15830,74703,0.503131,0.321129,13,27,5,0.321129,0.321129,0.321129,0.321129,0.321129,0.321129,0.321129,0.321129,0.321129,0.321129,0.321129,0.321129,0.321129,0.321129,0.321129,0.321129,0.321129,0.321129,0.321129,0.321129
1705,15840,74750,0.503131,0.321129,13,27,5,0.321129,0.321129,0.321129,0.321129,0.321129,0.321129,0.321129,0.321129,0.321129,0.321129,0.321129,0.321129,0.321129,0.321129,0.321129,0.321129,0.321129,0.321129,0.321129,0.321129
1706,15850,74776,0.503131,0.321129,13,27,5,0.321129,0.321129,0.321129,0.321129,0.321129,0.321129,0.321129,0.321129,0.321129,0.321129,0.321129,0.321129,0.321129,0.321129,0.321129,0.321129,0.321129,0.321129,0.321129,0.321129
1707,15860,74805,0.503131,0.321129,13,27,5,0.321129,0.321129,0.321129,0.321129,0.321129,0.321129,0.321129,0.321129,0.321129,0.321129,0.321129,0.321129,0.321129,0.321129,0.321129,0.321129,0.321129,0.321129,0.321129,0.321129
1708,15870,74850,0.503131,0.321129,13,27,5,0.321129,0.321129,0.321129,0.321129,0.321129,0.321129,0.321129,0.321129,0.321129,0.321129,0.321129,0.321129,0.321129,0.321129,0.321129,0.321129,0.321129,0.321129,0.321129,0.321129
1709,15880,75004,0.503131,0.321129,13,27,5,0.321129,0.321129,0.321129,0.321129,0.321129,0.321129,0.321129,0.321129,0.321129,0.321129,0.321129,0.321129,0.321129,0.321129,0.321129,0.321129,0.321129,0.321129,0.321129,0.321129
1710,15890,75119,0.503131,0.321129,13,27,5,0.321129,0.321129,0.321129,0.321129,0.321129,0.321129,0.321129,0.321129,0.321129,0.321129,0.321129,0.321129,0.321129,0.321129,0.321129,0.321129,0.321129,0.321129,0.321129,0.321129
1711,15900,75161,0.503131,0.321129,13,27,5,0.321129,0.321129,0.321129,0.321129,0.321129,0.321129,0.321129,0.321129,0.321129,0.321129,0.321129,0.321129,0.321129,0.321129,0.321129,0.321129,0.321129,0.321129,0.321129,0.321129
1712,15910,75249,0.503131,0.321129,13,27,5,0.321129,0.321129,0.321129,0.321129,0.321129,0.321129,0.321129,0.321129,0.321129,0.321129,0.321129,0.321129,0.321129,0.321129,0.321129,0.321129,0.321129,0.321129,0.321129,0.321129
1713,15920,75252,0.503131,0.321129,13,27,5,0.321129,0.321129,0.321129,0.321129,0.321129,0.321129,0.321129,0.321129,0.321129,0.321129,0.321129,0.321129,0.321129,0.321129,0.321129,0.321129,0.321129,0.321129,0.321129,0.321129
1714,15930,75284,0.503131,0.321129,13,27,5,0.321129,0.321129,0.321129,0.321129,0.321129,0.321129,0.321129,0.321129,0.321129,0.321129,0.321129,0.321129,0.321129,0.321129,0.321129,0.321129,0.321129,0.321129,0.321129,0.321129
1715,15940,75476,0.503131,0.321129,13,27,5,0.321129,0.321129,0.321129,0.321129,0.321129,0.321129,0.321129,0.321129,0.321129,0.321129,0.321129,0.321129,0.321129,0.321129,0.321129,0.321129,0.321129,0.321129,0.321129,0.321129
1716,15950,75536,0.503131,0.321129,13,27,5,0.321129,0.321129,0.321129,0.321129,0.321129,0.321129,0.321129,0.321129,0.321129,0.321129,0.321129,0.321129,0.321129,0.321129,0.321129,0.321129,0.321129,0.321129,0.321129,0.321129
1717,15960,75546,0.503131,0.321129,13,27,5,0.321129,0.321129,0.321129,0.321129,0.321129,0.321129,0.321129,0.321129,0.321129,0.321129,0.321129,0.321129,0.321129,0.321129,0.321129,0.321129,0.321129,0.321129,0.321129,0.321129
1718,15970,75584,0.503131,0.321129,13,27,5,0.321129,0.321129,0.321129,0.321129,0.321129,0.321129,0.321129,0.321129,0.321129,0.321129,0.321129,0.321129,0.321129,0.321129,0.321129,0.321129,0.321129,0.321129,0.321129,0.321129
1719,15980,75688,0.503131,0.321129,13,27,5,0.321129,0.321129,0.321129,0.321129,0.321129,0.321129,0.321129,0.321129,0.321129,0.321129,0.321129,0.321129,0.321129,0.321129,0.321129,0.321129,0.321129,0.321129,0.321129,0.321129
1720,15990,75696,0.503131,0.321129,13,27,5,0.321129,0.321129,0.321129,0.321129,0.321129,0.321129,0.321129,0.321129,0.321129,0.321129,0.321129,0.321129,0.321129,0.321129,0.321129,0.321129,0.321129,0.321129,0.321129,0.321129
1721,16000,75745,0.503131,0.321129,13,27,5,0.321129,0.321129,0.321129,0.321129,0.321129,0.321129,0.321129,0.321129,0.321129,0.321129,0.321129,0.321129,0.321129,0.321129,0.321129,0.321129,0.321129,0.321129,0.321129,0.321129
1722,16010,75904,0.503131,0.321129,13,27,5,0.321129,0.321129,0.321129,0.321129,0.321129,0.321129,0.321129,0.321129,0.321129,0.321129,0.321129,0.321129,0.321129,0.321129,0.321129,0.321129,0.321129,0.321129,0.321129,0.321129
1723,16020,76042,0.503131,0.321129,13,27,5,0.321129,0.321129,0.321129,0.321129,0.321129,0.321129,0.321129,0.321129,0.321129,0.321129,0.321129,0.321129,0.321129,0.321129,0.321129,0.321129,0.321129,0.321129,0.321129,0.321129
1724,16030,76096,0.503131,0.321129,13,27,5,0.321129,0.321129,0.321129,0.321129,0.321129,0.321129,0.321129,0.321129,0.321129,0.321129,0.321129,0.321129,0.321129,0.321129,0.321129,0.321129,0.321129,0.321129,0.321129,0.321129
1725,16040,76104,0.503131,0.321129,13,27,5,0.321129,0.321129,0.321129,0.321129,0.321129,0.321129,0.321129,0.321129,0.321129,0.321129,0.321129,0.321129,0.321129,0.321129,0.321129,0.321129,0.321129,0.321129,0.321129,0.321129
1726,16050,76202,0.503131,0.321129,13,27,5,0.321129,0.321129,0.321129,0.321129,0.321129,0.321129,0.321129,0.321129,0.321129,0.321129,0.321129,0.321129,0.321129,0.321129,0.321129,0.321129,0.321129,0.321129,0.321129,0.321129
1727,16060,76232,0.503131,0.321129,13,27,5,0.321129,0.321129,0.321129,0.321129,0.321129,0.321129,0.321129,0.321129,0.321129,0.321129,0.321129,0.321129,0.321129,0.321129,0.321129,0.321129,0.321129,0.321129,0.321129,0.321129
1728,16070,76309,0.503131,0.321129,13,27,5,0.321129,0.321129,0.321129,0.321129,0.321129,0.321129,0.321129,0.321129,0.321129,0.321129,0.321129,0.321129,0.321129,0.321129,0.321129,0.321129,0.321129,0.321129,0.321129,0.321129
1729,16080,76493,0.503131,0.321129,13,27,5,0.321129,0.321129,0.321129,0.321129,0.321129,0.321129,0.321129,0.321129,0.321129,0.321129,0.321129,0.321129,0.321129,0.321129,0.321129,0.321129,0.321129,0.321129,0.321129,0.321129
1730,16090,76518,0.503131,0.321129,13,27,5,0.321129,0.321129,0.321129,0.321129,0.321129,0.321129,0.321129,0.321129,0.321129,0.321129,0.321129,0.321129,0.321129,0.321129,0.321129,0.321129,0.321129,0.321129,0.321129,0.321129
1731,16100,76647,0.503131,0.321129,13,27,5,0.321129,0.321129,0.321129,0.321129,0.321129,0.321129,0.321129,0.321129,0.321129,0.321129,0.321129,0.321129,0.321129,0.321129,0.321129,0.321129,0.321129,0.321129,0.321129,0.321129
1732,16110,76675,0.503131,0.321129,13,27,5,0.321129,0.321129,0.321129,0.321129,0.321129,0.321129,0.321129,0.321129,0.321129,0.321129,0.321129,0.321129,0.321129,0.321129,0.321129,0.321129,0.321129,0.321129,0.321129,0.321129
1733,16120,76687,0.503131,0.321129,13,27,5,0.321129,0.321129,0.321129,0.321129,0.321129,0.321129,0.321129,0.321129,0.321129,0.321129,0.321129,0.321129,0.321129,0.321129,0.321129,0.321129,0.321129,0.321129,0.321129,0.321129
1734,16130,76705,0.503131,0.321129,13,27,5,0.321129,0.321129,0.321129,0.321129,0.321129,0.321129,0.321129,0.321129,0.321129,0.321129,0.321129,0.321129,0.321129,0.321129,0.321129,0.321129,0.321129,0.321129,0.321129,0.321129
1735,16140,76782,0.503131,0.321129,13,27,5,0.321129,0.321129,0.321129,0.321129,0.321129,0.321129,0.321129,0.321129,0.321129,0.321129,0.321129,0.321129,0.321129,0.321129,0.321129,0.321129,0.321129,0.321129,0.321129,0.321129
1736,16150,76932,0.503131,0.321129,13,27,5,0.321129,0.321129,0.321129,0.321129,0.321129,0.321129,0.321129,0.321129,0.321129,0.321129,0.321129,0.321129,0.321129,0.321129,0.321129,0.321129,0.321129,0.321129,0.321129,0.321129
1737,16160,76973,0.503131,0.321129,13,27,5,0.321129,0.321129,0.321129,0.321129,0.321129,0.321129,0.321129,0.321129,0.321129,0.321129,0.321129,0.321129,0.321129,0.321129,0.321129,0.321129,0.321129,0.321129,0.321129,0.321129
1738,16170,77102,0.503131,0.321129,13,27,5,0.321129,0.321129,0.321129,0.321129,0.321129,0.321129,0.321129,0.321129,0.321129,0.321129,0.321129,0.321129,0.321129,0.321129,0.321129,0.321129,0.321129,0.321129,0.321129,0.321129
1739,16180,77124,0.503131,0.321129,13,27,5,0.321129,0.321129,0.321129,0.321129,0.321129,0.321129,0.321129,0.321129,0.321129,0.321129,0.321129,0.321129,0.321129,0.321129,0.321129,0.321129,0.321129,0.321129,0.321129,0.321129
1740,16190,77153,0.503131,0.321129,13,27,5,0.321129,0.321129,0.321129,0.321129,0.321129,0.321129,0.321129,0.321129,0.321129,0.321129,0.321129,0.321129,0.321129,0.321129,0.321129,0.321129,0.321129,0.321129,0.321129,0.321129
1741,16200,77155,0.503131,0.321129,13,27,5,0.321129,0.321129,0.321129,0.321129,0.321129,0.321129,0.321129,0.321129,0.321129,0.321129,0.321129,0.321129,0.321129,0.321129,0.321129,0.321129,0.321129,0.321129,0.321129,0.321129
1742,16210,77300,0.503131,0.321129,13,27,5,0.321129,0.321129,0.321129,0.321129,0.321129,0.321129,0.321129,0.321129,0.321129,0.321129,0.321129,0.321129,0.321129,0.321129,0.321129,0.321129,0.321129,0.321129,0.321129,0.321129
1743,16220,77424,0.503131,0.321129,13,27,5,0.321129,0.321129,0.321129,0.321129,0.321129,0.321129,0.321129,0.321129,0.321129,0.321129,0.321129,0.321129,0.321129,0.321129,0.321129,0.321129,0.321129,0.321129,0.321129,0.321129
1744,16230,77513,0.503131,0.321129,13,27,5,0.321129,0.321129,0.321129,0.321129,0.321129,0.321129,0.321129,0.321129,0.321129,0.321129,0.321129,0.321129,0.321129,0.321129,0.321129,0.321129,0.321129,0.321129,0.321129,0.321129
1745,16240,77571,0.503131,0.321129,13,27,5,0.321129,0.321129,0.321129,0.321129,0.321129,0.321129,0.321129,0.321129,0.321129,0.321129,0.321129,0.321129,0.321129,0.321129,0.321129,0.321129,0.321129,0.321129,0.321129,0.321129
1746,16250,77579,0.503131,0.321129,13,27,5,0.321129,0.321129,0.321129,0.321129,0.321129,0.321129,0.321129,0.321129,0.321129,0.321129,0.321129,0.321129,0.321129,0.321129,0.321129,0.321129,0.321129,0.321129,0.321129,0.321129
1747,16260,77593,0.503131,0.321129,13,27,5,0.321129,0.321129,0.321129,0.321129,0.321129,0.321129,0.321129,0.321129,0.321129,0.321129,0.321129,0.321129,0.321129,0.321129,0.321129,0.321129,0.321129,0.321129,0.321129,0.321129
1748,16270,77868,0.503131,0.321129,13,27,5,0.321129,0.321129,0.321129,0.321129,0.321129,0.321129,0.321129,0.321129,0.321129,0.321129,0.321129,0.321129,0.321129,0.321129,0.321129,0.321129,0.321129,0.321129,0.321129,0.321129
1749,16280,77910,0.503131,0.321129,13,27,5,0.321129,0.321129,0.321129,0.321129,0.321129,0.321129,0.321129,0.321129,0.321129,0.321129,0.321129,0.321129,0.321129,0.321129,0.321129,0.321129,0.321129,0.321129,0.321129,0.321129
1750,16290,77990,0.503131,0.321129,13,27,5,0.321129,0.321129,0.321129,0.321129,0.321129,0.321129,0.321129,0.321129,0.321129,0.321129,0.321129,0.321129,0.321129,0.321129,0.321129,0.321129,0.321129,0.321129,0.321129,0.321129
1751,16300,78032,0.503131,0.321129,13,27,5,0.321129,0.321129,0.321129,0.321129,0.321129,0.321129,0.321129,0.321129,0.321129,0.321129,0.321129,0.321129,0.321129,0.321129,0.321129,0.321129,0.321129,0.321129,0.321129,0.321129
1752,16310,78061,0.503131,0.321129,13,27,5,0.321129,0.321129,0.321129,0.321129,0.321129,0.321129,0.321129,0.321129,0.321129,0.321129,0.321129,0.321129,0.321129,0.321129,0.321129,0.321129,0.321129,0.321129,0.321129,0.321129
1753,16320,78119,0.503131,0.321129,13,27,5,0.321129,0.321129,0.321129,0.321129,0.321129,0.321129,0.321129,0.321129,0.321129,0.321129,0.321129,0.321129,0.321129,0.321129,0.321129,0.321129,0.321129,0.321129,0.321129,0.321129
1754,16330,78152,0.503131,0.321129,13,27,5,0.321129,0.321129,0.321129,0.321129,0.321129,0.321129,0.321129,0.321129,0.321129,0.321129,0.321129,0.321129,0.321129,0.321129,0.321129,0.321129,0.321129,0.321129,0.321129,0.321129
1755,16340,78364,0.503131,0.321129,13,27,5,0.321129,0.321129,0.321129,0.321129,0.321129,0.321129,0.321129,0.321129,0.321129,0.321129,0.321129,0.321129,0.321129,0.321129,0.321129,0.321129,0.321129,0.321129,0.321129,0.321129
1756,16350,78411,0.503131,0.321129,13,27,5,0.321129,0.321129,0.321129,0.321129,0.321129,0.321129,0.321129,0.321129,0.321129,0.321129,0.321129,0.321129,0.321129,0.321129,0.321129,0.321129,0.321129,0.321129,0.321129,0.321129
1757,16360,78487,0.503131,0.321129,13,27,5,0.321129,0.321129,0.321129,0.321129,0.321129,0.321129,0.321129,0.321129,0.321129,0.321129,0.321129,0.321129,0.321129,0.321129,0.321129,0.321129,0.321129,0.321129,0.321129,0.321129
1758,16370,78519,0.503131,0.321129,13,27,5,0.321129,0.321129,0.321129,0.321129,0.321129,0.321129,0.321129,0.321129,0.321129,0.321129,0.321129,0.321129,0.321129,0.321129,0.321129,0.321129,0.321129,0.321129,0.321129,0.321129
1759,16380,78571,0.503131,0.321129,13,27,5,0.321129,0.321129,0.321129,0.321129,0.321129,0.321129,0.321129,0.321129,0.321129,0.321129,0.321129,0.321129,0.321129,0.321129,0.321129,0.321129,0.321129,0.321129,0.321129,0.321129
1760,16390,78654,0.503131,0.321129,13,27,5,0.321129,0.321129,0.321129,0.321129,0.321129,0.321129,0.321129,0.321129,0.321129,0.321129,0.321129,0.321129,0.321129,0.321129,0.321129,0.321129,0.321129,0.321129,0.321129,0.321129
1761,16400,78749,0.503131,0.321129,13,27,5,0.321129,0.321129,0.321129,0.321129,0.321129,0.321129,0.321129,0.321129,0.321129,0.321129,0.321129,0.321129,0.321129,0.321129,0.321129,0.321129,0.321129,0.321129,0.321129,0.321129
1762,16410,78843,0.503131,0.321129,13,27,5,0.321129,0.321129,0.321129,0.321129,0.321129,0.321129,0.321129,0.321129,0.321129,0.321129,0.321129,0.321129,0.321129,0.321129,0.321129,0.321129,0.321129,0.321129,0.321129,0.321129
1763,16420,78888,0.503131,0.321129,13,27,5,0.321129,0.321129,0.321129,0.321129,0.321129,0.321129,0.321129,0.321129,0.321129,0.321129,0.321129,0.321129,0.321129,0.321129,0.321129,0.321129,0.321129,0.321129,0.321129,0.321129
1764,16430,78936,0.503131,0.321129,13,27,5,0.321129,0.321129,0.321129,0.321129,0.321129,0.321129,0.321129,0.321129,0.321129,0.321129,0.321129,0.321129,0.321129,0.321129,0.321129,0.321129,0.321129,0.321129,0.321129,0.321129
1765,16440,79001,0.503131,0.321129,13,27,5,0.321129,0.321129,0.321129,0.321129,0.321129,0.321129,0.321129,0.321129,0.321129,0.321129,0.321129,0.321129,0.321129,0.321129,0.321129,0.321129,0.321129,0.321129,0.321129,0.321129
1766,16450,79052,0.503131,0.321129,13,27,5,0.321129,0.321129,0.321129,0.321129,0.321129,0.321129,0.321129,0.321129,0.321129,0.321129,0.321129,0.321129,0.321129,0.321129,0.321129,0.321129,0.321129,0.321129,0.321129,0.321129
1767,16460,79230,0.503131,0.321129,13,27,5,0.321129,0.321129,0.321129,0.321129,0.321129,0.321129,0.321129,0.321129,0.321129,0.321129,0.321129,0.321129,0.321129,0.321129,0.321129,0.321129,0.321129,0.321129,0.321129,0.321129
1768,16470,79256,0.503131,0.321129,13,27,5,0.321129,0.321129,0.321129,0.321129,0.321129,0.321129,0.321129,0.321129,0.321129,0.321129,0.321129,0.321129,0.321129,0.321129,0.321129,0.321129,0.321129,0.321129,0.321129,0.321129
1769,16480,79271,0.503131,0.321129,13,27,5,0.321129,0.321129,0.321129,0.321129,0.321129,0.321129,0.321129,0.321129,0.321129,0.321129,0.321129,0.321129,0.321129,0.321129,0.321129,0.321129,0.321129,0.321129,0.321129,0.321129
1770,16490,79343,0.503131,0.321129,13,27,5,0.321129,0.321129,0.321129,0.321129,0.321129,0.321129,0.321129,0.321129,0.321129,0.321129,0.321129,0.321129,0.321129,0.321129,0.321129,0.321129,0.321129,0.321129,0.321129,0.321129
1771,16500,79424,0.503131,0.321129,13,27,5,0.321129,0.321129,0.321129,0.321129,0.321129,0.321129,0.321129,0.321129,0.321129,0.321129,0.321129,0.321129,0.321129,0.321129,0.321129,0.321129,0.321129,0.321129,0.321129,0.321129
1772,16510,79427,0.503131,0.321129,13,27,5,0.321129,0.321129,0.321129,0.321129,0.321129,0.321129,0.321129,0.321129,0.321129,0.321129,0.321129,0.321129,0.321129,0.321129,0.321129,0.321129,0.321129,0.321129,0.321129,0.321129
1773,16520,79587,0.503131,0.321129,13,27,5,0.321129,0.321129,0.321129,0.321129,0.321129,0.321129,0.321129,0.321129,0.321129,0.321129,0.321129,0.321129,0.321129,0.321129,0.321129,0.321129,0.321129,0.321129,0.321129,0.321129
1774,16530,79670,0.503131,0.321129,13,27,5,0.321129,0.321129,0.321129,0.321129,0.321129,0.321129,0.321129,0.321129,0.321129,0.321129,0.321129,0.321129,0.321129,0.321129,0.321129,0.321129,0.321129,0.321129,0.321129,0.321129
1775,16540,79678,0.503131,0.321129,13,27,5,0.321129,0.321129,0.321129,0.321129,0.321129,0.321129,0.321129,0.321129,0.321129,0.321129,0.321129,0.321129,0.321129,0.321129,0.321129,0.321129,0.321129,0.321129,0.321129,0.321129
1776,16550,79855,0.503131,0.321129,13,27,5,0.321129,0.321129,0.321129,0.321129,0.321129,0.321129,0.321129,0.321129,0.321129,0.321129,0.321129,0.321129,0.321129,0.321129,0.321129,0.321129,0.321129,0.321129,0.321129,0.321129
1777,16560,79873,0.503131,0.321129,13,27,5,0.321129,0.321129,0.321129,0.321129,0.321129,0.321129,0.321129,0.321129,0.321129,0.321129,0.321129,0.321129,0.321129,0.321129,0.321129,0.321129,0.321129,0.321129,0.321129,0.321129
1778,16570,79963,0.503131,0.321129,13,27,5,0.321129,0.321129,0.321129,0.321129,0.321129,0.321129,0.321129,0.321129,0.321129,0.321129,0.321129,0.321129,0.321129,0.321129,0.321129,0.321129,0.321129,0.321129,0.321129,0.321129
1779,16580,80099,0.503131,0.321129,13,27,5,0.321129,0.321129,0.321129,0.321129,0.321129,0.321129,0.321129,0.321129,0.321129,0.321129,0.321129,0.321129,0.321129,0.321129,0.321129,0.321129,0.321129,0.321129,0.321129,0.321129
1780,16590,80113,0.503131,0.321129,13,27,5,0.321129,0.321129,0.321129,0.321129,0.321129,0.321129,0.321129,0.321129,0.321129,0.321129,0.321129,0.321129,0.321129,0.321129,0.321129,0.321129,0.321129,0.321129,0.321129,0.321129
1781,16600,80161,0.503131,0.321129,13,27,5,0.321129,0.321129,0.321129,0.321129,0.321129,0.321129,0.321129,0.321129,0.321129,0.321129,0.321129,0.321129,0.321129,0.321129,0.321129,0.321129,0.321129,0.321129,0.321129,0.321129
1782,16610,80249,0.503131,0.321129,13,27,5,0.321129,0.321129,0.321129,0.321129,0.321129,0.321129,0.321129,0.321129,0.321129,0.321129,0.321129,0.321129,0.321129,0.321129,0.321129,0.321129,0.321129,0.321129,0.321129,0.321129
1783,16620,80365,0.503131,0.321129,13,27,5,0.321129,0.321129,0.321129,0.321129,0.321129,0.321129,0.321129,0.321129,0.321129,0.321129,0.321129,0.321129,0.321129,0.321129,0.321129,0.321129,0.321129,0.321129,0.321129,0.321129
1784,16630,80395,0.503131,0.321129,13,27,5,0.321129,0.321129,0.321129,0.321129,0.321129,0.321129,0.321129,0.321129,0.321129,0.321129,0.321129,0.321129,0.321129,0.321129,0.321129,0.321129,0.321129,0.321129,0.321129,0.321129
1785,16640,80466,0.503131,0.321129,13,27,5,0.321129,0.321129,0.321129,0.321129,0.321129,0.321129,0.321129,0.321129,0.321129,0.321129,0.321129,0.321129,0.321129,0.321129,0.321129,0.321129,0.321129,0.321129,0.321129,0.321129
1786,16650,80536,0.503131,0.321129,13,27,5,0.321129,0.321129,0.321129,0.321129,0.321129,0.321129,0.321129,0.321129,0.321129,0.321129,0.321129,0.321129,0.321129,0.321129,0.321129,0.321129,0.321129,0.321129,0.321129,0.321129
1787,16660,80556,0.503131,0.321129,13,27,5,0.321129,0.321129,0.321129,0.321129,0.321129,0.321129,0.321129,0.321129,0.321129,0.321129,0.321129,0.321129,0.321129,0.321129,0.321129,0.321129,0.321129,0.321129,0.321129,0.321129
1788,16670,80732,0.503131,0.321129,13,27,5,0.321129,0.321129,0.321129,0.321129,0.321129,0.321129,0.321129,0.321129,0.321129,0.321129,0.321129,0.321129,0.321129,0.321129,0.321129,0.321129,0.321129,0.321129,0.321129,0.321129
1789,16680,80874,0.503131,0.321129,13,27,5,0.321129,0.321129,0.321129,0.321129,0.321129,0.321129,0.321129,0.321129,0.321129,0.321129,0.321129,0.321129,0.321129,0.321129,0.321129,0.321129,0.321129,0.321129,0.321129,0.321129
1790,16690,80889,0.503131,0.321129,13,27,5,0.321129,0.321129,0.321129,0.321129,0.321129,0.321129,0.321129,0.321129,0.321129,0.321129,0.321129,0.321129,0.321129,0.321129,0.321129,0.321129,0.321129,0.321129,0.321129,0.321129
1791,16700,81007,0.503131,0.321129,13,27,5,0.321129,0.321129,0.321129,0.321129,0.321129,0.321129,0.321129,0.321129,0.321129,0.321129,0.321129,0.321129,0.321129,0.321129,0.321129,0.321129,0.321129,0.321129,0.321129,0.321129
1792,16710,81038,0.503131,0.321129,13,27,5,0.321129,0.321129,0.321129,0.321129,0.321129,0.321129,0.321129,0.321129,0.321129,0.321129,0.321129,0.321129,0.321129,0.321129,0.321129,0.321129,0.321129,0.321129,0.321129,0.321129
1793,16720,81080,0.503131,0.321129,13,27,5,0.321129,0.321129,0.321129,0.321129,0.321129,0.321129,0.321129,0.321129,0.321129,0.321129,0.321129,0.321129,0.321129,0.321129,0.321129,0.321129,0.321129,0.321129,0.321129,0.321129
1794,16730,81114,0.503131,0.321129,13,27,5,0.321129,0.321129,0.321129,0.321129,0.321129,0.321129,0.321129,0.321129,0.321129,0.321129,0.321129,0.321129,0.321129,0.321129,0.321129,0.321129,0.321129,0.321129,0.321129,0.321129
1795,16740,81298,0.503131,0.321129,13,27,5,0.321129,0.321129,0.321129,0.321129,0.321129,0.321129,0.321129,0.321129,0.321129,0.321129,0.321129,0.321129,0.321129,0.321129,0.321129,0.321129,0.321129,0.321129,0.321129,0.321129
1796,16750,81339,0.503131,0.321129,13,27,5,0.321129,0.321129,0.321129,0.321129,0.321129,0.321129,0.321129,0.321129,0.321129,0.321129,0.321129,0.321129,0.321129,0.321129,0.321129,0.321129,0.321129,0.321129,0.321129,0.321129
1797,16760,81439,0.503131,0.321129,13,27,5,0.321129,0.321129,0.321129,0.321129,0.321129,0.321129,0.321129,0.321129,0.321129,0.321129,0.321129,0.321129,0.321129,0.321129,0.321129,0.321129,0.321129,0.321129,0.321129,0.321129
1798,16770,81460,0.503131,0.321129,13,27,5,0.321129,0.321129,0.321129,0.321129,0.321129,0.321129,0.321129,0.321129,0.321129,0.321129,0.321129,0.321129,0.321129,0.321129,0.321129,0.321129,0.321129,0.321129,0.321129,0.321129
1799,16780,81503,0.503131,0.321129,13,27,5,0.321129,0.321129,0.321129,0.321129,0.321129,0.321129,0.321129,0.321129,0.321129,0.321129,0.321129,0.321129,0.321129,0.321129,0.321129,0.321129,0.321129,0.321129,0.321129,0.321129
1800,16790,81510,0.503131,0.321129,13,27,5,0.321129,0.321129,0.321129,0.321129,0.321129,0.321129,0.321129,0.321129,0.321129,0.321129,0.321129,0.321129,0.321129,0.321129,0.321129,0.321129,0.321129,0.321129,0.321129,0.321129
1801,16800,81552,0.503131,0.321129,13,27,5,10000000.000000,10000000.000000,0.321129,0.321129,0.321129,0.321129,0.321129,0.321129,0.321129,0.321129,0.321129,0.321129,0.321129,0.321129,0.321129,0.321129,0.321129,0.321129,0.321129,0.321129
1802,16810,81937,0.503131,0.321129,13,27,5,10000000.000000,10000000.000000,0.321129,0.321129,0.321129,0.321129,0.321129,0.321129,0.321129,0.321129,0.321129,0.321129,0.321129,0.321129,0.321129,0.321129,0.321129,0.321129,0.321129,0.321129
1803,16820,81993,0.503131,0.321129,13,27,5,10000000.000000,10000000.000000,0.321129,0.321129,0.321129,0.321129,0.321129,0.321129,0.321129,0.321129,0.321129,0.321129,0.321129,0.321129,0.321129,0.321129,0.321129,0.321129,0.321129,0.321129
1804,16830,81996,0.503131,0.321129,13,27,5,0.321129,0.321129,0.321129,0.321129,0.321129,0.321129,0.321129,0.321129,0.321129,0.321129,0.321129,0.321129,0.321129,0.321129,0.321129,0.321129,0.321129,0.321129,0.321129,0.321129
1805,16840,82019,0.503131,0.321129,13,27,5,0.321129,0.321129,0.321129,0.321129,0.321129,0.321129,0.321129,0.321129,0.321129,0.321129,0.321129,0.321129,0.321129,0.321129,0.321129,0.321129,0.321129,0.321129,0.321129,0.321129
1806,16850,82023,0.503131,0.321129,13,27,5,0.321129,0.321129,0.321129,0.321129,0.321129,0.321129,0.321129,0.321129,0.321129,0.321129,0.321129,0.321129,0.321129,0.321129,0.321129,0.321129,0.321129,0.321129,0.321129,0.321129
1807,16860,82077,0.503131,0.321129,13,27,5,0.321129,0.321129,0.321129,0.321129,0.321129,0.321129,0.321129,0.321129,0.321129,0.321129,0.321129,0.321129,0.321129,0.321129,0.321129,0.321129,0.321129,0.321129,0.321129,0.321129
1808,16870,82194,0.503131,0.321129,13,27,5,0.321129,0.321129,0.321129,0.321129,0.321129,0.321129,0.321129,0.321129,0.321129,0.321129,0.321129,0.321129,0.321129,0.321129,0.321129,0.321129,0.321129,0.321129,0.321129,0.321129
1809,16880,82351,0.503131,0.321129,13,27,5,0.321129,0.321129,0.321129,0.321129,0.321129,0.321129,0.321129,0.321129,0.321129,0.321129,0.321129,0.321129,0.321129,0.321129,0.321129,0.321129,0.321129,0.321129,0.321129,0.321129
1810,16890,82432,0.503131,0.321129,13,27,5,0.321129,0.321129,0.321129,0.321129,0.321129,0.321129,0.321129,0.321129,0.321129,0.321129,0.321129,0.321129,0.321129,0.321129,0.321129,0.321129,0.321129,0.321129,0.321129,0.321129
1811,16900,82504,0.503131,0.321129,13,27,5,0.321129,0.321129,0.321129,0.321129,0.321129,0.321129,0.321129,0.321129,0.321129,0.321129,0.321129,0.321129,0.321129,0.321129,0.321129,0.321129,0.321129,0.321129,0.321129,0.321129
1812,16910,82509,0.503131,0.321129,13,27,5,0.321129,0.321129,0.321129,0.321129,0.321129,0.321129,0.321129,0.321129,0.321129,0.321129,0.321129,0.321129,0.321129,0.321129,0.321129,0.321129,0.321129,0.321129,0.321129,0.321129
1813,16920,82523,0.503131,0.321129,13,27,5,0.321129,0.321129,0.321129,0.321129,0.321129,0.321129,0.321129,0.321129,0.321129,0.321129,0.321129,0.321129,0.321129,0.321129,0.321129,0.321129,0.321129,0.321129,0.321129,0.321129
1814,16930,82566,0.503131,0.321129,13,27,5,0.321129,0.321129,0.321129,0.321129,0.321129,0.321129,0.321129,0.321129,0.321129,0.321129,0.321129,0.321129,0.321129,0.321129,0.321129,0.321129,0.321129,0.321129,0.321129,0.321129
1815,16940,82676,0.503131,0.321129,13,27,5,0.321129,0.321129,0.321129,0.321129,0.321129,0.321129,0.321129,0.321129,0.321129,0.321129,0.321129,0.321129,0.321129,0.321129,0.321129,0.321129,0.321129,0.321129,0.321129,0.321129
1816,16950,82682,0.503131,0.321129,13,27,5,0.321129,0.321129,0.321129,0.321129,0.321129,0.321129,0.321129,0.321129,0.321129,0.321129,0.321129,0.321129,0.321129,0.321129,0.321129,0.321129,0.321129,0.321129,0.321129,0.321129
1817,16960,82890,0.503131,0.321129,13,27,5,0.321129,0.321129,0.321129,0.321129,0.321129,0.321129,0.321129,0.321129,0.321129,0.321129,0.321129,0.321129,0.321129,0.321129,0.321129,0.321129,0.321129,0.321129,0.321129,0.321129
1818,16970,82935,0.503131,0.321129,13,27,5,0.321129,0.321129,0.321129,0.321129,0.321129,0.321129,0.321129,0.321129,0.321129,0.321129,0.321129,0.321129,0.321129,0.321129,0.321129,0.321129,0.321129,0.321129,0.321129,0.321129
1819,16980,82951,0.503131,0.321129,13,27,5,0.321129,0.321129,0.321129,0.321129,0.321129,0.321129,0.321129,0.321129,0.321129,0.321129,0.321129,0.321129,0.321129,0.321129,0.321129,0.321129,0.321129,0.321129,0.321129,0.321129
1820,16990,82951,0.503131,0.321129,13,27,5,0.321129,0.321129,0.321129,0.321129,0.321129,0.321129,0.321129,0.321129,0.321129,0.321129,0.321129,0.321129,0.321129,0.321129,0.321129,0.321129,0.321129,0.321129,0.321129,0.321129
1821,17000,83028,0.503131,0.321129,13,27,5,0.321129,0.321129,0.321129,0.321129,0.321129,0.321129,0.321129,0.321129,0.321129,0.321129,0.321129,0.321129,0.321129,0.321129,0.321129,0.321129,0.321129,0.321129,0.321129,0.321129
1822,17010,83073,0.503131,0.321129,13,27,5,0.321129,0.321129,0.321129,0.321129,0.321129,0.321129,0.321129,0.321129,0.321129,0.321129,0.321129,0.321129,0.321129,0.321129,0.321129,0.321129,0.321129,0.321129,0.321129,0.321129
1823,17020,83220,0.503131,0.321129,13,27,5,0.321129,0.321129,0.321129,0.321129,0.321129,0.321129,0.321129,0.321129,0.321129,0.321129,0.321129,0.321129,0.321129,0.321129,0.321129,0.321129,0.321129,0.321129,0.321129,0.321129
1824,17030,83360,0.503131,0.321129,13,27,5,0.321129,0.321129,0.321129,0.321129,0.321129,0.321129,0.321129,0.321129,0.321129,0.321129,0.321129,0.321129,0.321129,0.321129,0.321129,0.321129,0.321129,0.321129,0.321129,0.321129
1825,17040,83381,0.503131,0.321129,13,27,5,0.321129,0.321129,0.321129,0.321129,0.321129,0.321129,0.321129,0.321129,0.321129,0.321129,0.321129,0.321129,0.321129,0.321129,0.321129,0.321129,0.321129,0.321129,0.321129,0.321129
1826,17050,83490,0.503131,0.321129,13,27,5,0.321129,0.321129,0.321129,0.321129,0.321129,0.321129,0.321129,0.321129,0.321129,0.321129,0.321129,0.321129,0.321129,0.321129,0.321129,0.321129,0.321129,0.321129,0.321129,0.321129
1827,17060,83536,0.503131,0.321129,13,27,5,0.321129,0.321129,0.321129,0.321129,0.321129,0.321129,0.321129,0.321129,0.321129,0.321129,0.321129,0.321129,0.321129,0.321129,0.321129,0.321129,0.321129,0.321129,0.321129,0.321129
1828,17070,83613,0.503131,0.321129,13,27,5,0.321129,0.321129,0.321129,0.321129,0.321129,0.321129,0.321129,0.321129,0.321129,0.321129,0.321129,0.321129,0.321129,0.321129,0.321129,0.321129,0.321129,0.321129,0.321129,0.321129
1829,17080,83683,0.503131,0.321129,13,27,5,0.321129,0.321129,0.321129,0.321129,0.321129,0.321129,0.321129,0.321129,0.321129,0.321129,0.321129,0.321129,0.321129,0.321129,0.321129,0.321129,0.321129,0.321129,0.321129,0.321129
1830,17090,83750,0.503131,0.321129,13,27,5,0.321129,0.321129,0.321129,0.321129,0.321129,0.321129,0.321129,0.321129,0.321129,0.321129,0.321129,0.321129,0.321129,0.321129,0.321129,0.321129,0.321129,0.321129,0.321129,0.321129
1831,17100,83753,0.503131,0.321129,13,27,5,0.321129,0.321129,0.321129,0.321129,0.321129,0.321129,0.321129,0.321129,0.321129,0.321129,0.321129,0.321129,0.321129,0.321129,0.321129,0.321129,0.321129,0.321129,0.321129,0.321129
1832,17110,83776,0.503131,0.321129,13,27,5,0.321129,0.321129,0.321129,0.321129,0.321129,0.321129,0.321129,0.321129,0.321129,0.321129,0.321129,0.321129,0.321129,0.321129,0.321129,0.321129,0.321129,0.321129,0.321129,0.321129
1833,17120,83978,0.503131,0.321129,13,27,5,0.321129,0.321129,0.321129,0.321129,0.321129,0.321129,0.321129,0.321129,0.321129,0.321129,0.321129,0.321129,0.321129,0.321129,0.321129,0.321129,0.321129,0.321129,0.321129,0.321129
1834,17130,84015,0.503131,0.321129,13,27,5,0.321129,0.321129,0.321129,0.321129,0.321129,0.321129,0.321129,0.321129,0.321129,0.321129,0.321129,0.321129,0.321129,0.321129,0.321129,0.321129,0.321129,0.321129,0.321129,0.321129
1835,17140,84060,0.503131,0.321129,13,27,5,0.321129,0.321129,0.321129,0.321129,0.321129,0.321129,0.321129,0.321129,0.321129,0.321129,0.321129,0.321129,0.321129,0.321129,0.321129,0.321129,0.321129,0.321129,0.321129,0.321129
1836,17150,84126,0.503131,0.321129,13,27,5,0.321129,0.321129,0.321129,0.321129,0.321129,0.321129,0.321129,0.321129,0.321129,0.321129,0.321129,0.321129,0.321129,0.321129,0.321129,0.321129,0.321129,0.321129,0.321129,0.321129
1837,17160,84237,0.503131,0.321129,13,27,5,0.321129,0.321129,0.321129,0.321129,0.321129,0.321129,0.321129,0.321129,0.321129,0.321129,0.321129,0.321129,0.321129,0.321129,0.321129,0.321129,0.321129,0.321129,0.321129,0.321129
1838,17170,84281,0.503131,0.321129,13,27,5,0.321129,0.321129,0.321129,0.321129,0.321129,0.321129,0.321129,0.321129,0.321129,0.321129,0.321129,0.321129,0.321129,0.321129,0.321129,0.321129,0.321129,0.321129,0.321129,0.321129
1839,17180,84283,0.503131,0.321129,13,27,5,0.321129,0.321129,0.321129,0.321129,0.321129,0.321129,0.321129,0.321129,0.321129,0.321129,0.321129,0.321129,0.321129,0.321129,0.321129,0.321129,0.321129,0.321129,0.321129,0.321129
1840,17190,84393,0.503131,0.321129,13,27,5,0.321129,0.321129,0.321129,0.321129,0.321129,0.321129,0.321129,0.321129,0.321129,0.321129,0.321129,0.321129,0.321129,0.321129,0.321129,0.321129,0.321129,0.321129,0.321129,0.321129
1841,17200,84396,0.503131,0.321129,13,27,5,0.321129,0.321129,0.321129,0.321129,0.321129,0.321129,0.321129,0.321129,0.321129,0.321129,0.321129,0.321129,0.321129,0.321129,0.321129,0.321129,0.321129,0.321129,0.321129,0.321129
1842,17210,84525,0.503131,0.321129,13,27,5,0.321129,0.321129,0.321129,0.321129,0.321129,0.321129,0.321129,0.321129,0.321129,0.321129,0.321129,0.321129,0.321129,0.321129,0.321129,0.321129,0.321129,0.321129,0.321129,0.321129
1843,17220,84577,0.503131,0.321129,13,27,5,0.321129,0.321129,0.321129,0.321129,0.321129,0.321129,0.321129,0.321129,0.321129,0.321129,0.321129,0.321129,0.321129,0.321129,0.321129,0.321129,0.321129,0.321129,0.321129,0.321129
1844,17230,84707,0.503131,0.321129,13,27,5,0.321129,0.321129,0.321129,0.321129,0.321129,0.321129,0.321129,0.321129,0.321129,0.321129,0.321129,0.321129,0.321129,0.321129,0.321129,0.321129,0.321129,0.321129,0.321129,0.321129
1845,17240,84710,0.503131,0.321129,13,27,5,0.321129,0.321129,0.321129,0.321129,0.321129,0.321129,0.321129,0.321129,0.321129,0.321129,0.321129,0.321129,0.321129,0.321129,0.321129,0.321129,0.321129,0.321129,0.321129,0.321129
1846,17250,84762,0.503131,0.321129,13,27,5,0.321129,0.321129,0.321129,0.321129,0.321129,0.321129,0.321129,0.321129,0.321129,0.321129,0.321129,0.321129,0.321129,0.321129,0.321129,0.321129,0.321129,0.321129,0.321129,0.321129
1847,17260,84803,0.503131,0.321129,13,27,5,0.321129,0.321129,0.321129,0.321129,0.321129,0.321129,0.321129,0.321129,0.321129,0.321129,0.321129,0.321129,0.321129,0.321129,0.321129,0.321129,0.321129,0.321129,0.321129,0.321129
1848,17270,84865,0.503131,0.321129,13,27,5,0.321129,0.321129,0.321129,0.321129,0.321129,0.321129,0.321129,0.321129,0.321129,0.321129,0.321129,0.321129,0.321129,0.321129,0.321129,0.321129,0.321129,0.321129,0.321129,0.321129
1849,17280,85027,0.503131,0.321129,13,27,5,0.321129,0.321129,0.321129,0.321129,0.321129,0.321129,0.321129,0.321129,0.321129,0.321129,0.321129,0.321129,0.321129,0.321129,0.321129,0.321129,0.321129,0.321129,0.321129,0.321129
1850,17290,85040,0.503131,0.321129,13,27,5,0.321129,0.321129,0.321129,0.321129,0.321129,0.321129,0.321129,0.321129,0.321129,0.321129,0.321129,0.321129,0.321129,0.321129,0.321129,0.321129,0.321129,0.321129,0.321129,0.321129
1851,17300,85145,0.503131,0.321129,13,27,5,0.321129,0.321129,0.321129,0.321129,0.321129,0.321129,0.321129,0.321129,0.321129,0.321129,0.321129,0.321129,0.321129,0.321129,0.321129,0.321129,0.321129,0.321129,0.321129,0.321129
1852,17310,85155,0.503131,0.321129,13,27,5,0.321129,0.321129,0.321129,0.321129,0.321129,0.321129,0.321129,0.321129,0.321129,0.321129,0.321129,0.321129,0.321129,0.321129,0.321129,0.321129,0.321129,0.321129,0.321129,0.321129
1853,17320,85167,0.503131,0.321129,13,27,5,0.321129,0.321129,0.321129,0.321129,0.321129,0.321129,0.321129,0.321129,0.321129,0.321129,0.321129,0.321129,0.321129,0.321129,0.321129,0.321129,0.321129,0.321129,0.321129,0.321129
1854,17330,85253,0.503131,0.321129,13,27,5,0.321129,0.321129,0.321129,0.321129,0.321129,0.321129,0.321129,0.321129,0.321129,0.321129,0.321129,0.321129,0.321129,0.321129,0.321129,0.321129,0.321129,0.321129,0.321129,0.321129
1855,17340,85290,0.503131,0.321129,13,27,5,0.321129,0.321129,0.321129,0.321129,0.321129,0.321129,0.321129,0.321129,0.321129,0.321129,0.321129,0.321129,0.321129,0.321129,0.321129,0.321129,0.321129,0.321129,0.321129,0.321129
1856,17350,85570,0.503131,0.321129,13,27,5,0.321129,0.321129,0.321129,0.321129,0.321129,0.321129,0.321129,0.321129,0.321129,0.321129,0.321129,0.321129,0.321129,0.321129,0.321129,0.321129,0.321129,0.321129,0.321129,0.321129
1857,17360,85594,0.503131,0.321129,13,27,5,0.321129,0.321129,0.321129,0.321129,0.321129,0.321129,0.321129,0.321129,0.321129,0.321129,0.321129,0.321129,0.321129,0.321129,0.321129,0.321129,0.321129,0.321129,0.321129,0.321129
1858,17370,85607,0.503131,0.321129,13,27,5,0.321129,0.321129,0.321129,0.321129,0.321129,0.321129,0.321129,0.321129,0.321129,0.321129,0.321129,0.321129,0.321129,0.321129,0.321129,0.321129,0.321129,0.321129,0.321129,0.321129
1859,17380,85624,0.503131,0.321129,13,27,5,0.321129,0.321129,0.321129,0.321129,0.321129,0.321129,0.321129,0.321129,0.321129,0.321129,0.321129,0.321129,0.321129,0.321129,0.321129,0.321129,0.321129,0.321129,0.321129,0.321129
1860,17390,85820,0.503131,0.321129,13,27,5,0.321129,0.321129,0.321129,0.321129,0.321129,0.321129,0.321129,0.321129,0.321129,0.321129,0.321129,0.321129,0.321129,0.321129,0.321129,0.321129,0.321129,0.321129,0.321129,0.321129
1861,17400,85885,0.503131,0.321129,13,27,5,0.321129,0.321129,0.321129,0.321129,0.321129,0.321129,0.321129,0.321129,0.321129,0.321129,0.321129,0.321129,0.321129,0.321129,0.321129,0.321129,0.321129,0.321129,0.321129,0.321129
1862,17410,85926,0.503131,0.321129,13,27,5,0.321129,0.321129,0.321129,0.321129,0.321129,0.321129,0.321129,0.321129,0.321129,0.321129,0.321129,0.321129,0.321129,0.321129,0.321129,0.321129,0.321129,0.321129,0.321129,0.321129
1863,17420,86036,0.503131,0.321129,13,27,5,0.321129,0.321129,0.321129,0.321129,0.321129,0.321129,0.321129,0.321129,0.321129,0.321129,0.321129,0.321129,0.321129,0.321129,0.321129,0.321129,0.321129,0.321129,0.321129,0.321129
1864,17430,86118,0.503131,0.321129,13,27,5,0.321129,0.321129,0.321129,0.321129,0.321129,0.321129,0.321129,0.321129,0.321129,0.321129,0.321129,0.321129,0.321129,0.321129,0.321129,0.321129,0.321129,0.321129,0.321129,0.321129
1865,17440,86145,0.503131,0.321129,13,27,5,0.321129,0.321129,0.321129,0.321129,0.321129,0.321129,0.321129,0.321129,0.321129,0.321129,0.321129,0.321129,0.321129,0.321129,0.321129,0.321129,0.321129,0.321129,0.321129,0.321129
1866,17450,86152,0.503131,0.321129,13,27,5,0.321129,0.321129,0.321129,0.321129,0.321129,0.321129,0.321129,0.321129,0.321129,0.321129,0.321129,0.321129,0.321129,0.321129,0.321129,0.321129,0.321129,0.321129,0.321129,0.321129
1867,17460,86247,0.503131,0.321129,13,27,5,0.321129,0.321129,0.321129,0.321129,0.321129,0.321129,0.321129,0.321129,0.321129,0.321129,0.321129,0.321129,0.321129,0.321129,0.321129,0.321129,0.321129,0.321129,0.321129,0.321129
1868,17470,86332,0.503131,0.321129,13,27,5,0.321129,0.321129,0.321129,0.321129,0.321129,0.321129,0.321129,0.321129,0.321129,0.321129,0.321129,0.321129,0.321129,0.321129,0.321129,0.321129,0.321129,0.321129,0.321129,0.321129
1869,17480,86500,0.503131,0.321129,13,27,5,0.321129,0.321129,0.321129,0.321129,0.321129,0.321129,0.321129,0.321129,0.321129,0.321129,0.321129,0.321129,0.321129,0.321129,0.321129,0.321129,0.321129,0.321129,0.321129,0.321129
1870,17490,86521,0.503131,0.321129,13,27,5,0.321129,0.321129,0.321129,0.321129,0.321129,0.321129,0.321129,0.321129,0.321129,0.321129,0.321129,0.321129,0.321129,0.321129,0.321129,0.321129,0.321129,0.321129,0.321129,0.321129
1871,17500,86581,0.503131,0.321129,13,27,5,0.321129,0.321129,0.321129,0.321129,0.321129,0.321129,0.321129,0.321129,0.321129,0.321129,0.321129,0.321129,0.321129,0.321129,0.321129,0.321129,0.321129,0.321129,0.321129,0.321129
1872,17510,86634,0.503131,0.321129,13,27,5,0.321129,0.321129,0.321129,0.321129,0.321129,0.321129,0.321129,0.321129,0.321129,0.321129,0.321129,0.321129,0.321129,0.321129,0.321129,0.321129,0.321129,0.321129,0.321129,0.321129
1873,17520,86658,0.503131,0.321129,13,27,5,0.321129,0.321129,0.321129,0.321129,0.321129,0.321129,0.321129,0.321129,0.321129,0.321129,0.321129,0.321129,0.321129,0.321129,0.321129,0.321129,0.321129,0.321129,0.321129,0.321129
1874,17530,86710,0.503131,0.321129,13,27,5,0.321129,0.321129,0.321129,0.321129,0.321129,0.321129,0.321129,0.321129,0.321129,0.321129,0.321129,0.321129,0.321129,0.321129,0.321129,0.321129,0.321129,0.321129,0.321129,0.321129
1875,17540,86805,0.503131,0.321129,13,27,5,0.321129,0.321129,0.321129,0.321129,0.321129,0.321129,0.321129,0.321129,0.321129,0.321129,0.321129,0.321129,0.321129,0.321129,0.321129,0.321129,0.321129,0.321129,0.321129,0.321129
1876,17550,86939,0.503131,0.321129,13,27,5,0.321129,0.321129,0.321129,0.321129,0.321129,0.321129,0.321129,0.321129,0.321129,0.321129,0.321129,0.321129,0.321129,0.321129,0.321129,0.321129,0.321129,0.321129,0.321129,0.321129
1877,17560,86942,0.503131,0.321129,13,27,5,0.321129,0.321129,0.321129,0.321129,0.321129,0.321129,0.321129,0.321129,0.321129,0.321129,0.321129,0.321129,0.321129,0.321129,0.321129,0.321129,0.321129,0.321129,0.321129,0.321129
1878,17570,87040,0.503131,0.321129,13,27,5,0.321129,0.321129,0.321129,0.321129,0.321129,0.321129,0.321129,0.321129,0.321129,0.321129,0.321129,0.321129,0.321129,0.321129,0.321129,0.321129,0.321129,0.321129,0.321129,0.321129
1879,17580,87055,0.503131,0.321129,13,27,5,0.321129,0.321129,0.321129,0.321129,0.321129,0.321129,0.321129,0.321129,0.321129,0.321129,0.321129,0.321129,0.321129,0.321129,0.321129,0.321129,0.321129,0.321129,0.321129,0.321129
1880,17590,87106,0.503131,0.321129,13,27,5,0.321129,0.321129,0.321129,0.321129,0.321129,0.321129,0.321129,0.321129,0.321129,0.321129,0.321129,0.321129,0.321129,0.321129,0.321129,0.321129,0.321129,0.321129,0.321129,0.321129
1881,17600,87235,0.503131,0.321129,13,27,5,0.321129,0.321129,0.321129,0.321129,0.321129,0.321129,0.321129,0.321129,0.321129,0.321129,0.321129,0.321129,0.321129,0.321129,0.321129,0.321129,0.321129,0.321129,0.321129,0.321129
1882,17610,87251,0.503131,0.321129,13,27,5,0.321129,0.321129,0.321129,0.321129,0.321129,0.321129,0.321129,0.321129,0.321129,0.321129,0.321129,0.321129,0.321129,0.321129,0.321129,0.321129,0.321129,0.321129,0.321129,0.321129
1883,17620,87448,0.503131,0.321129,13,27,5,0.321129,0.321129,0.321129,0.321129,0.321129,0.321129,0.321129,0.321129,0.321129,0.321129,0.321129,0.321129,0.321129,0.321129,0.321129,0.321129,0.321129,0.321129,0.321129,0.321129
1884,17630,87479,0.503131,0.321129,13,27,5,0.321129,0.321129,0.321129,0.321129,0.321129,0.321129,0.321129,0.321129,0.321129,0.321129,0.321129,0.321129,0.321129,0.321129,0.321129,0.321129,0.321129,0.321129,0.321129,0.321129
1885,17640,87494,0.503131,0.321129,13,27,5,0.321129,0.321129,0.321129,0.321129,0.321129,0.321129,0.321129,0.321129,0.321129,0.321129,0.321129,0.321129,0.321129,0.321129,0.321129,0.321129,0.321129,0.321129,0.321129,0.321129
1886,17650,87537,0.503131,0.321129,13,27,5,0.321129,0.321129,0.321129,0.321129,0.321129,0.321129,0.321129,0.321129,0.321129,0.321129,0.321129,0.321129,0.321129,0.321129,0.321129,0.321129,0.321129,0.321129,0.321129,0.321129
1887,17660,87564,0.503131,0.321129,13,27,5,0.321129,0.321129,0.321129,0.321129,0.321129,0.321129,0.321129,0.321129,0.321129,0.321129,0.321129,0.321129,0.321129,0.321129,0.321129,0.321129,0.321129,0.321129,0.321129,0.321129
1888,17670,87683,0.503131,0.321129,13,27,5,0.321129,0.321129,0.321129,0.321129,0.321129,0.321129,0.321129,0.321129,0.321129,0.321129,0.321129,0.321129,0.321129,0.321129,0.321129,0.321129,0.321129,0.321129,0.321129,0.321129
1889,17680,87696,0.503131,0.321129,13,27,5,0.321129,0.321129,0.321129,0.321129,0.321129,0.321129,0.321129,0.321129,0.321129,0.321129,0.321129,0.321129,0.321129,0.321129,0.321129,0.321129,0.321129,0.321129,0.321129,0.321129
1890,17690,87896,0.503131,0.321129,13,27,5,0.321129,0.321129,0.321129,0.321129,0.321129,0.321129,0.321129,0.321129,0.321129,0.321129,0.321129,0.321129,0.321129,0.321129,0.321129,0.321129,0.321129,0.321129,0.321129,0.321129
1891,17700,87904,0.503131,0.321129,13,27,5,0.321129,0.321129,0.321129,0.321129,0.321129,0.321129,0.321129,0.321129,0.321129,0.321129,0.321129,0.321129,0.321129,0.321129,0.321129,0.321129,0.321129,0.321129,0.321129,0.321129
1892,17710,88039,0.503131,0.321129,13,27,5,0.321129,0.321129,0.321129,0.321129,0.321129,0.321129,0.321129,0.321129,0.321129,0.321129,0.321129,0.321129,0.321129,0.321129,0.321129,0.321129,0.321129,0.321129,0.321129,0.321129
1893,17720,88041,0.503131,0.321129,13,27,5,0.321129,0.321129,0.321129,0.321129,0.321129,0.321129,0.321129,0.321129,0.321129,0.321129,0.321129,0.321129,0.321129,0.321129,0.321129,0.321129,0.321129,0.321129,0.321129,0.321129
1894,17730,88112,0.503131,0.321129,13,27,5,0.321129,0.321129,0.321129,0.321129,0.321129,0.321129,0.321129,0.321129,0.321129,0.321129,0.321129,0.321129,0.321129,0.321129,0.321129,0.321129,0.321129,0.321129,0.321129,0.321129
1895,17740,88173,0.503131,0.321129,13,27,5,0.321129,0.321129,0.321129,0.321129,0.321129,0.321129,0.321129,0.321129,0.321129,0.321129,0.321129,0.321129,0.321129,0.321129,0.321129,0.321129,0.321129,0.321129,0.321129,0.321129
1896,17750,88191,0.503131,0.321129,13,27,5,0.321129,0.321129,0.321129,0.321129,0.321129,0.321129,0.321129,0.321129,0.321129,0.321129,0.321129,0.321129,0.321129,0.321129,0.321129,0.321129,0.321129,0.321129,0.321129,0.321129
1897,17760,88506,0.503131,0.321129,13,27,5,0.321129,0.321129,0.321129,0.321129,0.321129,0.321129,0.321129,0.321129,0.321129,0.321129,0.321129,0.321129,0.321129,0.321129,0.321129,0.321129,0.321129,0.321129,0.321129,0.321129
1898,17770,88514,0.503131,0.321129,13,27,5,0.321129,0.321129,0.321129,0.321129,0.321129,0.321129,0.321129,0.321129,0.321129,0.321129,0.321129,0.321129,0.321129,0.321129,0.321129,0.321129,0.321129,0.321129,0.321129,0.321129
1899,17780,88555,0.503131,0.321129,13,27,5,0.321129,0.321129,0.321129,0.321129,0.321129,0.321129,0.321129,0.321129,0.321129,0.321129,0.321129,0.321129,0.321129,0.321129,0.321129,0.321129,0.321129,0.321129,0.321129,0.321129
1900,17790,88600,0.503131,0.321129,13,27,5,0.321129,0.321129,0.321129,0.321129,0.321129,0.321129,0.321129,0.321129,0.321129,0.321129,0.321129,0.321129,0.321129,0.321129,0.321129,0.321129,0.321129,0.321129,0.321129,0.321129
1901,17800,88605,0.503131,0.321129,13,27,5,0.321129,0.321129,0.321129,0.321129,0.321129,0.321129,0.321129,0.321129,0.321129,0.321129,0.321129,0.321129,0.321129,0.321129,0.321129,0.321129,0.321129,0.321129,0.321129,0.321129
1902,17810,88639,0.503131,0.321129,13,27,5,0.321129,0.321129,0.321129,0.321129,0.321129,0.321129,0.321129,0.321129,0.321129,0.321129,0.321129,0.321129,0.321129,0.321129,0.321129,0.321129,0.321129,0.321129,0.321129,0.321129
1903,17820,88795,0.503131,0.321129,13,27,5,0.321129,0.321129,0.321129,0.321129,0.321129,0.321129,0.321129,0.321129,0.321129,0.321129,0.321129,0.321129,0.321129,0.321129,0.321129,0.321129,0.321129,0.321129,0.321129,0.321129
1904,17830,88922,0.503131,0.321129,13,27,5,0.321129,0.321129,0.321129,0.321129,0.321129,0.321129,0.321129,0.321129,0.321129,0.321129,0.321129,0.321129,0.321129,0.321129,0.321129,0.321129,0.321129,0.321129,0.321129,0.321129
1905,17840,88952,0.503131,0.321129,13,27,5,0.321129,0.321129,0.321129,0.321129,0.321129,0.321129,0.321129,0.321129,0.321129,0.321129,0.321129,0.321129,0.321129,0.321129,0.321129,0.321129,0.321129,0.321129,0.321129,0.321129
1906,17850,89004,0.503131,0.321129,13,27,5,0.321129,0.321129,0.321129,0.321129,0.321129,0.321129,0.321129,0.321129,0.321129,0.321129,0.321129,0.321129,0.321129,0.321129,0.321129,0.321129,0.321129,0.321129,0.321129,0.321129
1907,17860,89017,0.503131,0.321129,13,27,5,0.321129,0.321129,0.321129,0.321129,0.321129,0.321129,0.321129,0.321129,0.321129,0.321129,0.321129,0.321129,0.321129,0.321129,0.321129,0.321129,0.321129,0.321129,0.321129,0.321129
1908,17870,89054,0.503131,0.321129,13,27,5,0.321129,0.321129,0.321129,0.321129,0.321129,0.321129,0.321129,0.321129,0.321129,0.321129,0.321129,0.321129,0.321129,0.321129,0.321129,0.321129,0.321129,0.321129,0.321129,0.321129
1909,17880,89066,0.503131,0.321129,13,27,5,0.321129,0.321129,0.321129,0.321129,0.321129,0.321129,0.321129,0.321129,0.321129,0.321129,0.321129,0.321129,0.321129,0.321129,0.321129,0.321129,0.321129,0.321129,0.321129,0.321129
1910,17890,89241,0.503131,0.321129,13,27,5,0.321129,0.321129,0.321129,0.321129,0.321129,0.321129,0.321129,0.321129,0.321129,0.321129,0.321129,0.321129,0.321129,0.321129,0.321129,0.321129,0.321129,0.321129,0.321129,0.321129
1911,17900,89338,0.503131,0.321129,13,27,5,0.321129,0.321129,0.321129,0.321129,0.321129,0.321129,0.321129,0.321129,0.321129,0.321129,0.321129,0.321129,0.321129,0.321129,0.321129,0.321129,0.321129,0.321129,0.321129,0.321129
1912,17910,89415,0.503131,0.321129,13,27,5,0.321129,0.321129,0.321129,0.321129,0.321129,0.321129,0.321129,0.321129,0.321129,0.321129,0.321129,0.321129,0.321129,0.321129,0.321129,0.321129,0.321129,0.321129,0.321129,0.321129
1913,17920,89480,0.503131,0.321129,13,27,5,0.321129,0.321129,0.321129,0.321129,0.321129,0.321129,0.321129,0.321129,0.321129,0.321129,0.321129,0.321129,0.321129,0.321129,0.321129,0.321129,0.321129,0.321129,0.321129,0.321129
1914,17930,89494,0.503131,0.321129,13,27,5,0.321129,0.321129,0.321129,0.321129,0.321129,0.321129,0.321129,0.321129,0.321129,0.321129,0.321129,0.321129,0.321129,0.321129,0.321129,0.321129,0.321129,0.321129,0.321129,0.321129
1915,17940,89510,0.503131,0.321129,13,27,5,0.321129,0.321129,0.321129,0.321129,0.321129,0.321129,0.321129,0.321129,0.321129,0.321129,0.321129,0.321129,0.321129,0.321129,0.321129,0.321129,0.321129,0.321129,0.321129,0.321129
1916,17950,89897,0.503131,0.321129,13,27,5,0.321129,0.321129,0.321129,0.321129,0.321129,0.321129,0.321129,0.321129,0.321129,0.321129,0.321129,0.321129,0.321129,0.321129,0.321129,0.321129,0.321129,0.321129,0.321129,0.321129
1917,17960,89915,0.503131,0.321129,13,27,5,0.321129,0.321129,0.321129,0.321129,0.321129,0.321129,0.321129,0.321129,0.321129,0.321129,0.321129,0.321129,0.321129,0.321129,0.321129,0.321129,0.321129,0.321129,0.321129,0.321129
1918,17970,89921,0.503131,0.321129,13,27,5,0.321129,0.321129,0.321129,0.321129,0.321129,0.321129,0.321129,0.321129,0.321129,0.321129,0.321129,0.321129,0.321129,0.321129,0.321129,0.321129,0.321129,0.321129,0.321129,0.321129
1919,17980,89957,0.503131,0.321129,13,27,5,0.321129,0.321129,0.321129,0.321129,0.321129,0.321129,0.321129,0.321129,0.321129,0.321129,0.321129,0.321129,0.321129,0.321129,0.321129,0.321129,0.321129,0.321129,0.321129,0.321129
1920,17990,89958,0.503131,0.321129,13,27,5,0.321129,0.321129,0.321129,0.321129,0.321129,0.321129,0.321129,0.321129,0.321129,0.321129,0.321129,0.321129,0.321129,0.321129,0.321129,0.321129,0.321129,0.321129,0.321129,0.321129
1921,18000,89978,0.503131,0.321129,13,27,5,0.321129,0.321129,0.321129,0.321129,0.321129,0.321129,0.321129,0.321129,0.321129,0.321129,0.321129,0.321129,0.321129,0.321129,0.321129,0.321129,0.321129,0.321129,0.321129,0.321129
1922,18010,90069,0.503131,0.321129,13,27,5,0.321129,0.321129,0.321129,0.321129,0.321129,0.321129,0.321129,0.321129,0.321129,0.321129,0.321129,0.321129,0.321129,0.321129,0.321129,0.321129,0.321129,0.321129,0.321129,0.321129
1923,18020,90293,0.503131,0.321129,13,27,5,0.321129,0.321129,0.321129,0.321129,0.321129,0.321129,0.321129,0.321129,0.321129,0.321129,0.321129,0.321129,0.321129,0.321129,0.321129,0.321129,0.321129,0.321129,0.321129,0.321129
1924,18030,90363,0.503131,0.321129,13,27,5,0.321129,0.321129,0.321129,0.321129,0.321129,0.321129,0.321129,0.321129,0.321129,0.321129,0.321129,0.321129,0.321129,0.321129,0.321129,0.321129,0.321129,0.321129,0.321129,0.321129
1925,18040,90374,0.503131,0.321129,13,27,5,0.321129,0.321129,0.321129,0.321129,0.321129,0.321129,0.321129,0.321129,0.321129,0.321129,0.321129,0.321129,0.321129,0.321129,0.321129,0.321129,0.321129,0.321129,0.321129,0.321129
1926,18050,90401,0.503131,0.321129,13,27,5,0.321129,0.321129,0.321129,0.321129,0.321129,0.321129,0.321129,0.321129,0.321129,0.321129,0.321129,0.321129,0.321129,0.321129,0.321129,0.321129,0.321129,0.321129,0.321129,0.321129
1927,18060,90515,0.503131,0.321129,13,27,5,0.321129,0.321129,0.321129,0.321129,0.321129,0.321129,0.321129,0.321129,0.321129,0.321129,0.321129,0.321129,0.321129,0.321129,0.321129,0.321129,0.321129,0.321129,0.321129,0.321129
1928,18070,90594,0.503131,0.321129,13,27,5,0.321129,0.321129,0.321129,0.321129,0.321129,0.321129,0.321129,0.321129,0.321129,0.321129,0.321129,0.321129,0.321129,0.321129,0.321129,0.321129,0.321129,0.321129,0.321129,0.321129
1929,18080,90811,0.503131,0.321129,13,27,5,0.321129,0.321129,0.321129,0.321129,0.321129,0.321129,0.321129,0.321129,0.321129,0.321129,0.321129,0.321129,0.321129,0.321129,0.321129,0.321129,0.321129,0.321129,0.321129,0.321129
1930,18090,90820,0.503131,0.321129,13,27,5,0.321129,0.321129,0.321129,0.321129,0.321129,0.321129,0.321129,0.321129,0.321129,0.321129,0.321129,0.321129,0.321129,0.321129,0.321129,0.321129,0.321129,0.321129,0.321129,0.321129
1931,18100,90993,0.503131,0.321129,13,27,5,0.321129,0.321129,0.321129,0.321129,0.321129,0.321129,0.321129,0.321129,0.321129,0.321129,0.321129,0.321129,0.321129,0.321129,0.321129,0.321129,0.321129,0.321129,0.321129,0.321129
1932,18110,91036,0.503131,0.321129,13,27,5,0.321129,0.321129,0.321129,0.321129,0.321129,0.321129,0.321129,0.321129,0.321129,0.321129,0.321129,0.321129,0.321129,0.321129,0.321129,0.321129,0.321129,0.321129,0.321129,0.321129
1933,18120,91049,0.503131,0.321129,13,27,5,0.321129,0.321129,0.321129,0.321129,0.321129,0.321129,0.321129,0.321129,0.321129,0.321129,0.321129,0.321129,0.321129,0.321129,0.321129,0.321129,0.321129,0.321129,0.321129,0.321129
1934,18130,91096,0.503131,0.321129,13,27,5,0.321129,0.321129,0.321129,0.321129,0.321129,0.321129,0.321129,0.321129,0.321129,0.321129,0.321129,0.321129,0.321129,0.321129,0.321129,0.321129,0.321129,0.321129,0.321129,0.321129
1935,18140,91106,0.503131,0.321129,13,27,5,0.321129,0.321129,0.321129,0.321129,0.321129,0.321129,0.321129,0.321129,0.321129,0.321129,0.321129,0.321129,0.321129,0.321129,0.321129,0.321129,0.321129,0.321129,0.321129,0.321129
1936,18150,91249,0.503131,0.321129,13,27,5,0.321129,0.321129,0.321129,0.321129,0.321129,0.321129,0.321129,0.321129,0.321129,0.321129,0.321129,0.321129,0.321129,0.321129,0.321129,0.321129,0.321129,0.321129,0.321129,0.321129
1937,18160,91414,0.503131,0.321129,13,27,5,0.321129,0.321129,0.321129,0.321129,0.321129,0.321129,0.321129,0.321129,0.321129,0.321129,0.321129,0.321129,0.321129,0.321129,0.321129,0.321129,0.321129,0.321129,0.321129,0.321129
1938,18170,91425,0.503131,0.321129,13,27,5,0.321129,0.321129,0.321129,0.321129,0.321129,0.321129,0.321129,0.321129,0.321129,0.321129,0.321129,0.321129,0.321129,0.321129,0.321129,0.321129,0.321129,0.321129,0.321129,0.321129
1939,18180,91473,0.503131,0.321129,13,27,5,0.321129,0.321129,0.321129,0.321129,0.321129,0.321129,0.321129,0.321129,0.321129,0.321129,0.321129,0.321129,0.321129,0.321129,0.321129,0.321129,0.321129,0.321129,0.321129,0.321129
1940,18190,91551,0.503131,0.321129,13,27,5,0.321129,0.321129,0.321129,0.321129,0.321129,0.321129,0.321129,0.321129,0.321129,0.321129,0.321129,0.321129,0.321129,0.321129,0.321129,0.321129,0.321129,0.321129,0.321129,0.321129
1941,18200,91553,0.503131,0.321129,13,27,5,0.321129,0.321129,0.321129,0.321129,0.321129,0.321129,0.321129,0.321129,0.321129,0.321129,0.321129,0.321129,0.321129,0.321129,0.321129,0.321129,0.321129,0.321129,0.321129,0.321129
1942,18210,91620,0.503131,0.321129,13,27,5,0.321129,0.321129,0.321129,0.321129,0.321129,0.321129,0.321129,0.321129,0.321129,0.321129,0.321129,0.321129,0.321129,0.321129,0.321129,0.321129,0.321129,0.321129,0.321129,0.321129
1943,18220,91776,0.503131,0.321129,13,27,5,0.321129,0.321129,0.321129,0.321129,0.321129,0.321129,0.321129,0.321129,0.321129,0.321129,0.321129,0.321129,0.321129,0.321129,0.321129,0.321129,0.321129,0.321129,0.321129,0.321129
1944,18230,91873,0.503131,0.321129,13,27,5,0.321129,0.321129,0.321129,0.321129,0.321129,0.321129,0.321129,0.321129,0.321129,0.321129,0.321129,0.321129,0.321129,0.321129,0.321129,0.321129,0.321129,0.321129,0.321129,0.321129
1945,18240,91888,0.503131,0.321129,13,27,5,0.321129,0.321129,0.321129,0.321129,0.321129,0.321129,0.321129,0.321129,0.321129,0.321129,0.321129,0.321129,0.321129,0.321129,0.321129,0.321129,0.321129,0.321129,0.321129,0.321129
1946,18250,91919,0.503131,0.321129,13,27,5,0.321129,0.321129,0.321129,0.321129,0.321129,0.321129,0.321129,0.321129,0.321129,0.321129,0.321129,0.321129,0.321129,0.321129,0.321129,0.321129,0.321129,0.321129,0.321129,0.321129
1947,18260,91989,0.503131,0.321129,13,27,5,0.321129,0.321129,0.321129,0.321129,0.321129,0.321129,0.321129,0.321129,0.321129,0.321129,0.321129,0.321129,0.321129,0.321129,0.321129,0.321129,0.321129,0.321129,0.321129,0.321129
1948,18270,92020,0.503131,0.321129,13,27,5,0.321129,0.321129,0.321129,0.321129,0.321129,0.321129,0.321129,0.321129,0.321129,0.321129,0.321129,0.321129,0.321129,0.321129,0.321129,0.321129,0.321129,0.321129,0.321129,0.321129
1949,18280,92088,0.503131,0.321129,13,27,5,0.321129,0.321129,0.321129,0.321129,0.321129,0.321129,0.321129,0.321129,0.321129,0.321129,0.321129,0.321129,0.321129,0.321129,0.321129,0.321129,0.321129,0.321129,0.321129,0.321129
1950,18290,92289,0.503131,0.321129,13,27,5,0.321129,0.321129,0.321129,0.321129,0.321129,0.321129,0.321129,0.321129,0.321129,0.321129,0.321129,0.321129,0.321129,0.321129,0.321129,0.321129,0.321129,0.321129,0.321129,0.321129
1951,18300,92459,0.503131,0.321129,13,27,5,0.321129,0.321129,0.321129,0.321129,0.321129,0.321129,0.321129,0.321129,0.321129,0.321129,0.321129,0.321129,0.321129,0.321129,0.321129,0.321129,0.321129,0.321129,0.321129,0.321129
1952,18310,92460,0.503131,0.321129,13,27,5,0.321129,0.321129,0.321129,0.321129,0.321129,0.321129,0.321129,0.321129,0.321129,0.321129,0.321129,0.321129,0.321129,0.321129,0.321129,0.321129,0.321129,0.321129,0.321129,0.321129
1953,18320,92519,0.503131,0.321129,13,27,5,0.321129,0.321129,0.321129,0.321129,0.321129,0.321129,0.321129,0.321129,0.321129,0.321129,0.321129,0.321129,0.321129,0.321129,0.321129,0.321129,0.321129,0.321129,0.321129,0.321129
1954,18330,92571,0.503131,0.321129,13,27,5,0.321129,0.321129,0.321129,0.321129,0.321129,0.321129,0.321129,0.321129,0.321129,0.321129,0.321129,0.321129,0.321129,0.321129,0.321129,0.321129,0.321129,0.321129,0.321129,0.321129
1955,18340,92599,0.503131,0.321129,13,27,5,0.321129,0.321129,0.321129,0.321129,0.321129,0.321129,0.321129,0.321129,0.321129,0.321129,0.321129,0.321129,0.321129,0.321129,0.321129,0.321129,0.321129,0.321129,0.321129,0.321129
1956,18350,92634,0.503131,0.321129,13,27,5,0.321129,0.321129,0.321129,0.321129,0.321129,0.321129,0.321129,0.321129,0.321129,0.321129,0.321129,0.321129,0.321129,0.321129,0.321129,0.321129,0.321129,0.321129,0.321129,0.321129
1957,18360,92807,0.503131,0.321129,13,27,5,0.321129,0.321129,0.321129,0.321129,0.321129,0.321129,0.321129,0.321129,0.321129,0.321129,0.321129,0.321129,0.321129,0.321129,0.321129,0.321129,0.321129,0.321129,0.321129,0.321129
1958,18370,92909,0.503131,0.321129,13,27,5,0.321129,0.321129,0.321129,0.321129,0.321129,0.321129,0.321129,0.321129,0.321129,0.321129,0.321129,0.321129,0.321129,0.321129,0.321129,0.321129,0.321129,0.321129,0.321129,0.321129
1959,18380,93017,0.503131,0.321129,13,27,5,0.321129,0.321129,0.321129,0.321129,0.321129,0.321129,0.321129,0.321129,0.321129,0.321129,0.321129,0.321129,0.321129,0.321129,0.321129,0.321129,0.321129,0.321129,0.321129,0.321129
1960,18390,93023,0.503131,0.321129,13,27,5,0.321129,0.321129,0.321129,0.321129,0.321129,0.321129,0.321129,0.321129,0.321129,0.321129,0.321129,0.321129,0.321129,0.321129,0.321129,0.321129,0.321129,0.321129,0.321129,0.321129
1961,18400,93028,0.503131,0.321129,13,27,5,0.321129,0.321129,0.321129,0.321129,0.321129,0.321129,0.321129,0.321129,0.321129,0.321129,0.321129,0.321129,0.321129,0.321129,0.321129,0.321129,0.321129,0.321129,0.321129,0.321129
1962,18410,93146,0.503131,0.321129,13,27,5,0.321129,0.321129,0.321129,0.321129,0.321129,0.321129,0.321129,0.321129,0.321129,0.321129,0.321129,0.321129,0.321129,0.321129,0.321129,0.321129,0.321129,0.321129,0.321129,0.321129
1963,18420,93294,0.503131,0.321129,13,27,5,0.321129,0.321129,0.321129,0.321129,0.321129,0.321129,0.321129,0.321129,0.321129,0.321129,0.321129,0.321129,0.321129,0.321129,0.321129,0.321129,0.321129,0.321129,0.321129,0.321129
1964,18430,93305,0.503131,0.321129,13,27,5,0.321129,0.321129,0.321129,0.321129,0.321129,0.321129,0.321129,0.321129,0.321129,0.321129,0.321129,0.321129,0.321129,0.321129,0.321129,0.321129,0.321129,0.321129,0.321129,0.321129
1965,18440,93458,0.503131,0.321129,13,27,5,0.321129,0.321129,0.321129,0.321129,0.321129,0.321129,0.321129,0.321129,0.321129,0.321129,0.321129,0.321129,0.321129,0.321129,0.321129,0.321129,0.321129,0.321129,0.321129,0.321129
1966,18450,93595,0.503131,0.321129,13,27,5,0.321129,0.321129,0.321129,0.321129,0.321129,0.321129,0.321129,0.321129,0.321129,0.321129,0.321129,0.321129,0.321129,0.321129,0.321129,0.321129,0.321129,0.321129,0.321129,0.321129
1967,18460,93597,0.503131,0.321129,13,27,5,0.321129,0.321129,0.321129,0.321129,0.321129,0.321129,0.321129,0.321129,0.321129,0.321129,0.321129,0.321129,0.321129,0.321129,0.321129,0.321129,0.321129,0.321129,0.321129,0.321129
1968,18470,93606,0.503131,0.321129,13,27,5,0.321129,0.321129,0.321129,0.321129,0.321129,0.321129,0.321129,0.321129,0.321129,0.321129,0.321129,0.321129,0.321129,0.321129,0.321129,0.321129,0.321129,0.321129,0.321129,0.321129
1969,18480,93666,0.503131,0.321129,13,27,5,0.321129,0.321129,0.321129,0.321129,0.321129,0.321129,0.321129,0.321129,0.321129,0.321129,0.321129,0.321129,0.321129,0.321129,0.321129,0.321129,0.321129,0.321129,0.321129,0.321129
1970,18490,93733,0.503131,0.321129,13,27,5,0.321129,0.321129,0.321129,0.321129,0.321129,0.321129,0.321129,0.321129,0.321129,0.321129,0.321129,0.321129,0.321129,0.321129,0.321129,0.321129,0.321129,0.321129,0.321129,0.321129
1971,18500,93845,0.503131,0.321129,13,27,5,0.321129,0.321129,0.321129,0.321129,0.321129,0.321129,0.321129,0.321129,0.321129,0.321129,0.321129,0.321129,0.321129,0.321129,0.321129,0.321129,0.321129,0.321129,0.321129,0.321129
1972,18510,94033,0.503131,0.321129,13,27,5,0.321129,0.321129,0.321129,0.321129,0.321129,0.321129,0.321129,0.321129,0.321129,0.321129,0.321129,0.321129,0.321129,0.321129,0.321129,0.321129,0.321129,0.321129,0.321129,0.321129
1973,18520,94057,0.503131,0.321129,13,27,5,0.321129,0.321129,0.321129,0.321129,0.321129,0.321129,0.321129,0.321129,0.321129,0.321129,0.321129,0.321129,0.321129,0.321129,0.321129,0.321129,0.321129,0.321129,0.321129,0.321129
1974,18530,94110,0.503131,0.321129,13,27,5,0.321129,0.321129,0.321129,0.321129,0.321129,0.321129,0.321129,0.321129,0.321129,0.321129,0.321129,0.321129,0.321129,0.321129,0.321129,0.321129,0.321129,0.321129,0.321129,0.321129
1975,18540,94180,0.503131,0.321129,13,27,5,0.321129,0.321129,0.321129,0.321129,0.321129,0.321129,0.321129,0.321129,0.321129,0.321129,0.321129,0.321129,0.321129,0.321129,0.321129,0.321129,0.321129,0.321129,0.321129,0.321129
1976,18550,94235,0.503131,0.321129,13,27,5,0.321129,0.321129,0.321129,0.321129,0.321129,0.321129,0.321129,0.321129,0.321129,0.321129,0.321129,0.321129,0.321129,0.321129,0.321129,0.321129,0.321129,0.321129,0.321129,0.321129
1977,18560,94261,0.503131,0.321129,13,27,5,0.321129,0.321129,0.321129,0.321129,0.321129,0.321129,0.321129,0.321129,0.321129,0.321129,0.321129,0.321129,0.321129,0.321129,0.321129,0.321129,0.321129,0.321129,0.321129,0.321129
1978,18570,94400,0.503131,0.321129,13,27,5,0.321129,0.321129,0.321129,0.321129,0.321129,0.321129,0.321129,0.321129,0.321129,0.321129,0.321129,0.321129,0.321129,0.321129,0.321129,0.321129,0.321129,0.321129,0.321129,0.321129
1979,18580,94504,0.503131,0.321129,13,27,5,0.321129,0.321129,0.321129,0.321129,0.321129,0.321129,0.321129,0.321129,0.321129,0.321129,0.321129,0.321129,0.321129,0.321129,0.321129,0.321129,0.321129,0.321129,0.321129,0.321129
1980,18590,94526,0.503131,0.321129,13,27,5,0.321129,0.321129,0.321129,0.321129,0.321129,0.321129,0.321129,0.321129,0.321129,0.321129,0.321129,0.321129,0.321129,0.321129,0.321129,0.321129,0.321129,0.321129,0.321129,0.321129
1981,18600,94607,0.503131,0.321129,13,27,5,0.321129,0.321129,0.321129,0.321129,0.321129,0.321129,0.321129,0.321129,0.321129,0.321129,0.321129,0.321129,0.321129,0.321129,0.321129,0.321129,0.321129,0.321129,0.321129,0.321129
1982,18610,94614,0.503131,0.321129,13,27,5,0.321129,0.321129,0.321129,0.321129,0.321129,0.321129,0.321129,0.321129,0.321129,0.321129,0.321129,0.321129,0.321129,0.321129,0.321129,0.321129,0.321129,0.321129,0.321129,0.321129
1983,18620,94644,0.503131,0.321129,13,27,5,0.321129,0.321129,0.321129,0.321129,0.321129,0.321129,0.321129,0.321129,0.321129,0.321129,0.321129,0.321129,0.321129,0.321129,0.321129,0.321129,0.321129,0.321129,0.321129,0.321129
1984,18630,94699,0.503131,0.321129,13,27,5,0.321129,0.321129,0.321129,0.321129,0.321129,0.321129,0.321129,0.321129,0.321129,0.321129,0.321129,0.321129,0.321129,0.321129,0.321129,0.321129,0.321129,0.321129,0.321129,0.321129
1985,18640,94933,0.503131,0.321129,13,27,5,0.321129,0.321129,0.321129,0.321129,0.321129,0.321129,0.321129,0.321129,0.321129,0.321129,0.321129,0.321129,0.321129,0.321129,0.321129,0.321129,0.321129,0.321129,0.321129,0.321129
1986,18650,94945,0.503131,0.321129,13,27,5,0.321129,0.321129,0.321129,0.321129,0.321129,0.321129,0.321129,0.321129,0.321129,0.321129,0.321129,0.321129,0.321129,0.321129,0.321129,0.321129,0.321129,0.321129,0.321129,0.321129
1987,18660,95031,0.503131,0.321129,13,27,5,0.321129,0.321129,0.321129,0.321129,0.321129,0.321129,0.321129,0.321129,0.321129,0.321129,0.321129,0.321129,0.321129,0.321129,0.321129,0.321129,0.321129,0.321129,0.321129,0.321129
1988,18670,95074,0.503131,0.321129,13,27,5,0.321129,0.321129,0.321129,0.321129,0.321129,0.321129,0.321129,0.321129,0.321129,0.321129,0.321129,0.321129,0.321129,0.321129,0.321129,0.321129,0.321129,0.321129,0.321129,0.321129
1989,18680,95076,0.503131,0.321129,13,27,5,0.321129,0.321129,0.321129,0.321129,0.321129,0.321129,0.321129,0.321129,0.321129,0.321129,0.321129,0.321129,0.321129,0.321129,0.321129,0.321129,0.321129,0.321129,0.321129,0.321129
1990,18690,95316,0.503131,0.321129,13,27,5,0.321129,0.321129,0.321129,0.321129,0.321129,0.321129,0.321129,0.321129,0.321129,0.321129,0.321129,0.321129,0.321129,0.321129,0.321129,0.321129,0.321129,0.321129,0.321129,0.321129
1991,18700,95343,0.503131,0.321129,13,27,5,0.321129,0.321129,0.321129,0.321129,0.321129,0.321129,0.321129,0.321129,0.321129,0.321129,0.321129,0.321129,0.321129,0.321129,0.321129,0.321129,0.321129,0.321129,0.321129,0.321129
1992,18710,95358,0.503131,0.321129,13,27,5,0.321129,0.321129,0.321129,0.321129,0.321129,0.321129,0.321129,0.321129,0.321129,0.321129,0.321129,0.321129,0.321129,0.321129,0.321129,0.321129,0.321129,0.321129,0.321129,0.321129
1993,18720,95431,0.503131,0.321129,13,27,5,0.321129,0.321129,0.321129,0.321129,0.321129,0.321129,0.321129,0.321129,0.321129,0.321129,0.321129,0.321129,0.321129,0.321129,0.321129,0.321129,0.321129,0.321129,0.321129,0.321129
1994,18730,95494,0.503131,0.321129,13,27,5,0.321129,0.321129,0.321129,0.321129,0.321129,0.321129,0.321129,0.321129,0.321129,0.321129,0.321129,0.321129,0.321129,0.321129,0.321129,0.321129,0.321129,0.321129,0.321129,0.321129
1995,18740,95690,0.503131,0.321129,13,27,5,0.321129,0.321129,0.321129,0.321129,0.321129,0.321129,0.321129,0.321129,0.321129,0.321129,0.321129,0.321129,0.321129,0.321129,0.321129,0.321129,0.321129,0.321129,0.321129,0.321129
1996,18750,95713,0.503131,0.321129,13,27,5,0.321129,0.321129,0.321129,0.321129,0.321129,0.321129,0.321129,0.321129,0.321129,0.321129,0.321129,0.321129,0.321129,0.321129,0.321129,0.321129,0.321129,0.321129,0.321129,0.321129
1997,18760,95785,0.503131,0.321129,13,27,5,0.321129,0.321129,0.321129,0.321129,0.321129,0.321129,0.321129,0.321129,0.321129,0.321129,0.321129,0.321129,0.321129,0.321129,0.321129,0.321129,0.321129,0.321129,0.321129,0.321129
1998,18770,95785,0.503131,0.321129,13,27,5,0.321129,0.321129,0.321129,0.321129,0.321129,0.321129,0.321129,0.321129,0.321129,0.321129,0.321129,0.321129,0.321129,0.321129,0.321129,0.321129,0.321129,0.321129,0.321129,0.321129
1999,18780,95924,0.503131,0.321129,13,27,5,0.321129,0.321129,0.321129,0.321129,0.321129,0.321129,0.321129,0.321129,0.321129,0.321129,0.321129,0.321129,0.321129,0.321129,0.321129,0.321129,0.321129,0.321129,0.321129,0.321129
2000,18790,95930,0.503131,0.321129,13,27,5,0.321129,0.321129,0.321129,0.321129,0.321129,0.321129,0.321129,0.321129,0.321129,0.321129,0.321129,0.321129,0.321129,0.321129,0.321129,0.321129,0.321129,0.321129,0.321129,0.321129
2001,18800,96053,0.503131,0.321129,13,27,5,10000000.000000,10000000.000000,0.321129,0.321129,0.321129,0.321129,0.321129,0.321129,0.321129,0.321129,0.321129,0.321129,0.321129,0.321129,0.321129,0.321129,0.321129,0.321129,0.321129,0.321129
2002,18810,96107,0.503131,0.321129,13,27,5,10000000.000000,10000000.000000,0.321129,0.321129,0.321129,0.321129,0.321129,0.321129,0.321129,0.321129,0.321129,0.321129,0.321129,0.321129,0.321129,0.321129,0.321129,0.321129,0.321129,0.321129
2003,18820,96186,0.503131,0.321129,13,27,5,10000000.000000,10000000.000000,0.321129,0.321129,0.321129,0.321129,0.321129,0.321129,0.321129,0.321129,0.321129,0.321129,0.321129,0.321129,0.321129,0.321129,0.321129,0.321129,0.321129,0.321129
2004,18830,96235,0.503131,0.321129,13,27,5,10000000.000000,10000000.000000,0.321129,0.321129,0.321129,0.321129,0.321129,0.321129,0.321129,0.321129,0.321129,0.321129,0.321129,0.321129,0.321129,0.321129,0.321129,0.321129,0.321129,0.321129
2005,18840,96238,0.503131,0.321129,13,27,5,10000000.000000,10000000.000000,0.321129,0.321129,0.321129,0.321129,0.321129,0.321129,0.321129,0.321129,0.321129,0.321129,0.321129,0.321129,0.321129,0.321129,0.321129,0.321129,0.321129,0.321129
2006,18850,96383,0.503131,0.321129,13,27,5,10000000.000000,10000000.000000,0.321129,0.321129,0.321129,0.321129,0.321129,0.321129,0.321129,0.321129,0.321129,0.321129,0.321129,0.321129,0.321129,0.321129,0.321129,0.321129,0.321129,0.321129
2007,18860,96423,0.503131,0.321129,13,27,5,10000000.000000,10000000.000000,0.321129,0.321129,0.321129,0.321129,0.321129,0.321129,0.321129,0.321129,0.321129,0.321129,0.321129,0.321129,0.321129,0.321129,0.321129,0.321129,0.321129,0.321129
2008,18870,96501,0.503131,0.321129,13,27,5,10000000.000000,10000000.000000,0.321129,0.321129,0.321129,0.321129,0.321129,0.321129,0.321129,0.321129,0.321129,0.321129,0.321129,0.321129,0.321129,0.321129,0.321129,0.321129,0.321129,0.321129
2009,18880,96536,0.503131,0.321129,13,27,5,10000000.000000,10000000.000000,0.321129,0.321129,0.321129,0.321129,0.321129,0.321129,0.321129,0.321129,0.321129,0.321129,0.321129,0.321129,0.321129,0.321129,0.321129,0.321129,0.321129,0.321129
2010,18890,96577,0.503131,0.321129,13,27,5,10000000.000000,10000000.000000,0.321129,0.321129,0.321129,0.321129,0.321129,0.321129,0.321129,0.321129,0.321129,0.321129,0.321129,0.321129,0.321129,0.321129,0.321129,0.321129,0.321129,0.321129
2011,18900,96718,0.503131,0.321129,13,27,5,10000000.000000,10000000.000000,0.321129,0.321129,0.321129,0.321129,0.321129,0.321129,0.321129,0.321129,0.321129,0.321129,0.321129,0.321129,0.321129,0.321129,0.321129,0.321129,0.321129,0.321129
2012,18910,96895,0.503131,0.321129,13,27,5,10000000.000000,10000000.000000,0.321129,0.321129,0.321129,0.321129,0.321129,0.321129,0.321129,0.321129,0.321129,0.321129,0.321129,0.321129,0.321129,0.321129,0.321129,0.321129,0.321129,0.321129
2013,18920,96963,0.503131,0.321129,13,27,5,10000000.000000,10000000.000000,0.321129,0.321129,0.321129,0.321129,0.321129,0.321129,0.321129,0.321129,0.321129,0.321129,0.321129,0.321129,0.321129,0.321129,0.321129,0.321129,0.321129,0.321129
2014,18930,97001,0.503131,0.321129,13,27,5,10000000.000000,10000000.000000,0.321129,0.321129,0.321129,0.321129,0.321129,0.321129,0.321129,0.321129,0.321129,0.321129,0.321129,0.321129,0.321129,0.321129,0.321129,0.321129,0.321129,0.321129
2015,18940,97037,0.503131,0.321129,13,27,5,10000000.000000,10000000.000000,0.321129,0.321129,0.321129,0.321129,0.321129,0.321129,0.321129,0.321129,0.321129,0.321129,0.321129,0.321129,0.321129,0.321129,0.321129,0.321129,0.321129,0.321129
2016,18950,97047,0.503131,0.321129,13,27,5,10000000.000000,10000000.000000,0.321129,0.321129,0.321129,0.321129,0.321129,0.321129,0.321129,0.321129,0.321129,0.321129,0.321129,0.321129,0.321129,0.321129,0.321129,0.321129,0.321129,0.321129
2017,18960,97122,0.503131,0.321129,13,27,5,10000000.000000,10000000.000000,0.321129,0.321129,0.321129,0.321129,0.321129,0.321129,0.321129,0.321129,0.321129,0.321129,0.321129,0.321129,0.321129,0.321129,0.321129,0.321129,0.321129,0.321129
2018,18970,97389,0.503131,0.321129,13,27,5,10000000.000000,10000000.000000,0.321129,0.321129,0.321129,0.321129,0.321129,0.321129,0.321129,0.321129,0.321129,0.321129,0.321129,0.321129,0.321129,0.321129,0.321129,0.321129,0.321129,0.321129
2019,18980,97402,0.503131,0.321129,13,27,5,10000000.000000,10000000.000000,0.321129,0.321129,0.321129,0.321129,0.321129,0.321129,0.321129,0.321129,0.321129,0.321129,0.321129,0.321129,0.321129,0.321129,0.321129,0.321129,0.321129,0.321129
2020,18990,97408,0.503131,0.321129,13,27,5,10000000.000000,10000000.000000,0.321129,0.321129,0.321129,0.321129,0.321129,0.321129,0.321129,0.321129,0.321129,0.321129,0.321129,0.321129,0.321129,0.321129,0.321129,0.321129,0.321129,0.321129
2021,19000,97420,0.503131,0.321129,13,27,5,10000000.000000,10000000.000000,0.321129,0.321129,0.321129,0.321129,0.321129,0.321129,0.321129,0.321129,0.321129,0.321129,0.321129,0.321129,0.321129,0.321129,0.321129,0.321129,0.321129,0.321129
2022,19010,97459,0.503131,0.321129,13,27,5,10000000.000000,10000000.000000,0.321129,0.321129,0.321129,0.321129,0.321129,0.321129,0.321129,0.321129,0.321129,0.321129,0.321129,0.321129,0.321129,0.321129,0.321129,0.321129,0.321129,0.321129
2023,19020,97567,0.503131,0.321129,13,27,5,10000000.000000,10000000.000000,0.321129,0.321129,0.321129,0.321129,0.321129,0.321129,0.321129,0.321129,0.321129,0.321129,0.321129,0.321129,0.321129,0.321129,0.321129,0.321129,0.321129,0.321129
2024,19030,97616,0.503131,0.321129,13,27,5,10000000.000000,10000000.000000,0.321129,0.321129,0.321129,0.321129,0.321129,0.321129,0.321129,0.321129,0.321129,0.321129,0.321129,0.321129,0.321129,0.321129,0.321129,0.321129,0.321129,0.321129
2025,19040,97725,0.503131,0.321129,13,27,5,10000000.000000,10000000.000000,0.321129,0.321129,0.321129,0.321129,0.321129,0.321129,0.321129,0.321129,0.321129,0.321129,0.321129,0.321129,0.321129,0.321129,0.321129,0.321129,0.321129,0.321129
2026,19050,97826,0.503131,0.321129,13,27,5,10000000.000000,10000000.000000,0.321129,0.321129,0.321129,0.321129,0.321129,0.321129,0.321129,0.321129,0.321129,0.321129,0.321129,0.321129,0.321129,0.321129,0.321129,0.321129,0.321129,0.321129
2027,19060,97950,0.503131,0.321129,13,27,5,6.281184,6.281184,0.321129,0.321129,0.321129,0.321129,0.321129,0.321129,0.321129,0.321129,0.321129,0.321129,0.321129,0.321129,0.321129,0.321129,0.321129,0.321129,0.321129,0.321129
2028,19070,98064,0.503131,0.321129,13,27,5,6.281184,6.281184,0.321129,0.321129,0.321129,0.321129,0.321129,0.321129,0.321129,0.321129,0.321129,0.321129,0.321129,0.321129,0.321129,0.321129,0.321129,0.321129,0.321129,0.321129
2029,19080,98076,0.503131,0.321129,13,27,5,6.281184,6.281184,0.321129,0.321129,0.321129,0.321129,0.321129,0.321129,0.321129,0.321129,0.321129,0.321129,0.321129,0.321129,0.321129,0.321129,0.321129,0.321129,0.321129,0.321129
2030,19090,98140,0.503131,0.321129,13,27,5,6.281184,6.281184,0.321129,0.321129,0.321129,0.321129,0.321129,0.321129,0.321129,0.321129,0.321129,0.321129,0.321129,0.321129,0.321129,0.321129,0.321129,0.321129,0.321129,0.321129
2031,19100,98180,0.503131,0.321129,13,27,5,6.281184,6.281184,0.321129,0.321129,0.321129,0.321129,0.321129,0.321129,0.321129,0.321129,0.321129,0.321129,0.321129,0.321129,0.321129,0.321129,0.321129,0.321129,0.321129,0.321129
2032,19110,98348,0.503131,0.321129,13,27,5,6.281184,6.281184,0.321129,0.321129,0.321129,0.321129,0.321129,0.321129,0.321129,0.321129,0.321129,0.321129,0.321129,0.321129,0.321129,0.321129,0.321129,0.321129,0.321129,0.321129
2033,19120,98361,0.503131,0.321129,13,27,5,6.281184,6.281184,0.321129,0.321129,0.321129,0.321129,0.321129,0.321129,0.321129,0.321129,0.321129,0.321129,0.321129,0.321129,0.321129,0.321129,0.321129,0.321129,0.321129,0.321129
2034,19130,98498,0.503131,0.321129,13,27,5,6.281184,6.281184,0.321129,0.321129,0.321129,0.321129,0.321129,0.321129,0.321129,0.321129,0.321129,0.321129,0.321129,0.321129,0.321129,0.321129,0.321129,0.321129,0.321129,0.321129
2035,19140,98544,0.503131,0.321129,13,27,5,6.281184,6.281184,0.321129,0.321129,0.321129,0.321129,0.321129,0.321129,0.321129,0.321129,0.321129,0.321129,0.321129,0.321129,0.321129,0.321129,0.321129,0.321129,0.321129,0.321129
2036,19150,98593,0.503131,0.321129,13,27,5,6.281184,6.281184,0.321129,0.321129,0.321129,0.321129,0.321129,0.321129,0.321129,0.321129,0.321129,0.321129,0.321129,0.321129,0.321129,0.321129,0.321129,0.321129,0.321129,0.321129
2037,19160,98697,0.503131,0.321129,13,27,5,6.281184,6.281184,0.321129,0.321129,0.321129,0.321129,0.321129,0.321129,0.321129,0.321129,0.321129,0.321129,0.321129,0.321129,0.321129,0.321129,0.321129,0.321129,0.321129,0.321129
2038,19170,98804,0.503131,0.321129,13,27,5,6.281184,6.281184,0.321129,0.321129,0.321129,0.321129,0.321129,0.321129,0.321129,0.321129,0.321129,0.321129,0.321129,0.321129,0.321129,0.321129,0.321129,0.321129,0.321129,0.321129
2039,19180,98907,0.503131,0.321129,13,27,5,6.281184,6.281184,0.321129,0.321129,0.321129,0.321129,0.321129,0.321129,0.321129,0.321129,0.321129,0.321129,0.321129,0.321129,0.321129,0.321129,0.321129,0.321129,0.321129,0.321129
2040,19190,98926,0.503131,0.321129,13,27,5,0.321129,6.281184,0.321129,0.321129,0.321129,0.321129,0.321129,0.321129,0.321129,0.321129,0.321129,0.321129,0.321129,0.321129,0.321129,0.321129,0.321129,0.321129,0.321129,0.321129
2041,19200,98970,0.503131,0.321129,13,27,5,0.321129,6.281184,0.321129,0.321129,0.321129,0.321129,0.321129,0.321129,0.321129,0.321129,0.321129,0.321129,0.321129,0.321129,0.321129,0.321129,0.321129,0.321129,0.321129,0.321129
2042,19210,99082,0.503131,0.321129,13,27,5,0.321129,6.281184,0.321129,0.321129,0.321129,0.321129,0.321129,0.321129,0.321129,0.321129,0.321129,0.321129,0.321129,0.321129,0.321129,0.321129,0.321129,0.321129,0.321129,0.321129
2043,19220,99177,0.503131,0.321129,13,27,5,0.321129,6.281184,0.321129,0.321129,0.321129,0.321129,0.321129,0.321129,0.321129,0.321129,0.321129,0.321129,0.321129,0.321129,0.321129,0.321129,0.321129,0.321129,0.321129,0.321129
2044,19230,99192,0.503131,0.321129,13,27,5,0.321129,6.281184,0.321129,0.321129,0.321129,0.321129,0.321129,0.321129,0.321129,0.321129,0.321129,0.321129,0.321129,0.321129,0.321129,0.321129,0.321129,0.321129,0.321129,0.321129
2045,19240,99220,0.503131,0.321129,13,27,5,0.321129,6.281184,0.321129,0.321129,0.321129,0.321129,0.321129,0.321129,0.321129,0.321129,0.321129,0.321129,0.321129,0.321129,0.321129,0.321129,0.321129,0.321129,0.321129,0.321129
2046,19250,99360,0.503131,0.321129,13,27,5,0.321129,6.281184,0.321129,0.321129,0.321129,0.321129,0.321129,0.321129,0.321129,0.321129,0.321129,0.321129,0.321129,0.321129,0.321129,0.321129,0.321129,0.321129,0.321129,0.321129
2047,19260,99377,0.503131,0.321129,13,27,5,0.321129,6.281184,0.321129,0.321129,0.321129,0.321129,0.321129,0.321129,0.321129,0.321129,0.321129,0.321129,0.321129,0.321129,0.321129,0.321129,0.321129,0.321129,0.321129,0.321129
2048,19270,99409,0.503131,0.321129,13,27,5,0.321129,6.281184,0.321129,0.321129,0.321129,0.321129,0.321129,0.321129,0.321129,0.321129,0.321129,0.321129,0.321129,0.321129,0.321129,0.321129,0.321129,0.321129,0.321129,0.321129
2049,19280,99579,0.503131,0.321129,13,27,5,0.321129,6.281184,0.321129,0.321129,0.321129,0.321129,0.321129,0.321129,0.321129,0.321129,0.321129,0.321129,0.321129,0.321129,0.321129,0.321129,0.321129,0.321129,0.321129,0.321129
2050,19290,99635,0.503131,0.321129,13,27,5,0.321129,6.281184,0.321129,0.321129,0.321129,0.321129,0.321129,0.321129,0.321129,0.321129,0.321129,0.321129,0.321129,0.321129,0.321129,0.321129,0.321129,0.321129,0.321129,0.321129
2051,19300,99685,0.503131,0.321129,13,27,5,0.321129,6.281184,0.321129,0.321129,0.321129,0.321129,0.321129,0.321129,0.321129,0.321129,0.321129,0.321129,0.321129,0.321129,0.321129,0.321129,0.321129,0.321129,0.321129,0.321129
2052,19310,99696,0.503131,0.321129,13,27,5,0.321129,6.281184,0.321129,0.321129,0.321129,0.321129,0.321129,0.321129,0.321129,0.321129,0.321129,0.321129,0.321129,0.321129,0.321129,0.321129,0.321129,0.321129,0.321129,0.321129
2053,19320,99790,0.503131,0.321129,13,27,5,0.321129,6.281184,0.321129,0.321129,0.321129,0.321129,0.321129,0.321129,0.321129,0.321129,0.321129,0.321129,0.321129,0.321129,0.321129,0.321129,0.321129,0.321129,0.321129,0.321129
2054,19330,99826,0.503131,0.321129,13,27,5,0.321129,6.281184,0.321129,0.321129,0.321129,0.321129,0.321129,0.321129,0.321129,0.321129,0.321129,0.321129,0.321129,0.321129,0.321129,0.321129,0.321129,0.321129,0.321129,0.321129
2055,19340,99908,0.503131,0.321129,13,27,5,0.321129,6.281184,0.321129,0.321129,0.321129,0.321129,0.321129,0.321129,0.321129,0.321129,0.321129,0.321129,0.321129,0.321129,0.321129,0.321129,0.321129,0.321129,0.321129,0.321129
2056,19350,100088,0.503131,0.321129,13,27,5,0.321129,6.281184,0.321129,0.321129,0.321129,0.321129,0.321129,0.321129,0.321129,0.321129,0.321129,0.321129,0.321129,0.321129,0.321129,0.321129,0.321129,0.321129,0.321129,0.321129
2057,19360,100114,0.503131,0.321129,13,27,5,0.321129,6.281184,0.321129,0.321129,0.321129,0.321129,0.321129,0.321129,0.321129,0.321129,0.321129,0.321129,0.321129,0.321129,0.321129,0.321129,0.321129,0.321129,0.321129,0.321129
2058,19370,100210,0.503131,0.321129,13,27,5,0.321129,6.281184,0.321129,0.321129,0.321129,0.321129,0.321129,0.321129,0.321129,0.321129,0.321129,0.321129,0.321129,0.321129,0.321129,0.321129,0.321129,0.321129,0.321129,0.321129
2059,19380,100227,0.503131,0.321129,13,27,5,0.321129,6.281184,0.321129,0.321129,0.321129,0.321129,0.321129,0.321129,0.321129,0.321129,0.321129,0.321129,0.321129,0.321129,0.321129,0.321129,0.321129,0.321129,0.321129,0.321129
2060,19390,100275,0.503131,0.321129,13,27,5,0.321129,6.281184,0.321129,0.321129,0.321129,0.321129,0.321129,0.321129,0.321129,0.321129,0.321129,0.321129,0.321129,0.321129,0.321129,0.321129,0.321129,0.321129,0.321129,0.321129
2061,19400,100392,0.503131,0.321129,13,27,5,0.321129,6.281184,0.321129,0.321129,0.321129,0.321129,0.321129,0.321129,0.321129,0.321129,0.321129,0.321129,0.321129,0.321129,0.321129,0.321129,0.321129,0.321129,0.321129,0.321129
2062,19410,100438,0.503131,0.321129,13,27,5,0.321129,6.281184,0.321129,0.321129,0.321129,0.321129,0.321129,0.321129,0.321129,0.321129,0.321129,0.321129,0.321129,0.321129,0.321129,0.321129,0.321129,0.321129,0.321129,0.321129
2063,19420,100520,0.503131,0.321129,13,27,5,0.321129,6.281184,0.321129,0.321129,0.321129,0.321129,0.321129,0.321129,0.321129,0.321129,0.321129,0.321129,0.321129,0.321129,0.321129,0.321129,0.321129,0.321129,0.321129,0.321129
2064,19430,100576,0.503131,0.321129,13,27,5,0.321129,6.281184,0.321129,0.321129,0.321129,0.321129,0.321129,0.321129,0.321129,0.321129,0.321129,0.321129,0.321129,0.321129,0.321129,0.321129,0.321129,0.321129,0.321129,0.321129
2065,19440,100690,0.503131,0.321129,13,27,5,0.321129,6.281184,0.321129,0.321129,0.321129,0.321129,0.321129,0.321129,0.321129,0.321129,0.321129,0.321129,0.321129,0.321129,0.321129,0.321129,0.321129,0.321129,0.321129,0.321129
2066,19450,100707,0.503131,0.321129,13,27,5,0.321129,6.281184,0.321129,0.321129,0.321129,0.321129,0.321129,0.321129,0.321129,0.321129,0.321129,0.321129,0.321129,0.321129,0.321129,0.321129,0.321129,0.321129,0.321129,0.321129
2067,19460,100708,0.503131,0.321129,13,27,5,0.321129,6.281184,0.321129,0.321129,0.321129,0.321129,0.321129,0.321129,0.321129,0.321129,0.321129,0.321129,0.321129,0.321129,0.321129,0.321129,0.321129,0.321129,0.321129,0.321129
2068,19470,100812,0.503131,0.321129,13,27,5,0.321129,6.281184,0.321129,0.321129,0.321129,0.321129,0.321129,0.321129,0.321129,0.321129,0.321129,0.321129,0.321129,0.321129,0.321129,0.321129,0.321129,0.321129,0.321129,0.321129
2069,19480,100971,0.503131,0.321129,13,27,5,0.321129,6.281184,0.321129,0.321129,0.321129,0.321129,0.321129,0.321129,0.321129,0.321129,0.321129,0.321129,0.321129,0.321129,0.321129,0.321129,0.321129,0.321129,0.321129,0.321129
2070,19490,101061,0.503131,0.321129,13,27,5,0.321129,6.281184,0.321129,0.321129,0.321129,0.321129,0.321129,0.321129,0.321129,0.321129,0.321129,0.321129,0.321129,0.321129,0.321129,0.321129,0.321129,0.321129,0.321129,0.321129
2071,19500,101069,0.503131,0.321129,13,27,5,0.321129,6.281184,0.321129,0.321129,0.321129,0.321129,0.321129,0.321129,0.321129,0.321129,0.321129,0.321129,0.321129,0.321129,0.321129,0.321129,0.321129,0.321129,0.321129,0.321129
2072,19510,101140,0.503131,0.321129,13,27,5,0.321129,6.281184,0.321129,0.321129,0.321129,0.321129,0.321129,0.321129,0.321129,0.321129,0.321129,0.321129,0.321129,0.321129,0.321129,0.321129,0.321129,0.321129,0.321129,0.321129
2073,19520,101174,0.503131,0.321129,13,27,5,0.321129,6.281184,0.321129,0.321129,0.321129,0.321129,0.321129,0.321129,0.321129,0.321129,0.321129,0.321129,0.321129,0.321129,0.321129,0.321129,0.321129,0.321129,0.321129,0.321129
2074,19530,101211,0.503131,0.321129,13,27,5,0.321129,6.281184,0.321129,0.321129,0.321129,0.321129,0.321129,0.321129,0.321129,0.321129,0.321129,0.321129,0.321129,0.321129,0.321129,0.321129,0.321129,0.321129,0.321129,0.321129
2075,19540,101219,0.503131,0.321129,13,27,5,0.321129,6.281184,0.321129,0.321129,0.321129,0.321129,0.321129,0.321129,0.321129,0.321129,0.321129,0.321129,0.321129,0.321129,0.321129,0.321129,0.321129,0.321129,0.321129,0.321129
2076,19550,101490,0.503131,0.321129,13,27,5,0.321129,6.281184,0.321129,0.321129,0.321129,0.321129,0.321129,0.321129,0.321129,0.321129,0.321129,0.321129,0.321129,0.321129,0.321129,0.321129,0.321129,0.321129,0.321129,0.321129
2077,19560,101527,0.503131,0.321129,13,27,5,0.321129,6.281184,0.321129,0.321129,0.321129,0.321129,0.321129,0.321129,0.321129,0.321129,0.321129,0.321129,0.321129,0.321129,0.321129,0.321129,0.321129,0.321129,0.321129,0.321129
2078,19570,101551,0.503131,0.321129,13,27,5,0.321129,6.281184,0.321129,0.321129,0.321129,0.321129,0.321129,0.321129,0.321129,0.321129,0.321129,0.321129,0.321129,0.321129,0.321129,0.321129,0.321129,0.321129,0.321129,0.321129
2079,19580,101590,0.503131,0.321129,13,27,5,0.321129,6.281184,0.321129,0.321129,0.321129,0.321129,0.321129,0.321129,0.321129,0.321129,0.321129,0.321129,0.321129,0.321129,0.321129,0.321129,0.321129,0.321129,0.321129,0.321129
2080,19590,101636,0.503131,0.321129,13,27,5,0.321129,6.281184,0.321129,0.321129,0.321129,0.321129,0.321129,0.321129,0.321129,0.321129,0.321129,0.321129,0.321129,0.321129,0.321129,0.321129,0.321129,0.321129,0.321129,0.321129
2081,19600,101650,0.503131,0.321129,13,27,5,0.321129,6.281184,0.321129,0.321129,0.321129,0.321129,0.321129,0.321129,0.321129,0.321129,0.321129,0.321129,0.321129,0.321129,0.321129,0.321129,0.321129,0.321129,0.321129,0.321129
2082,19610,101681,0.503131,0.321129,13,27,5,0.321129,6.281184,0.321129,0.321129,0.321129,0.321129,0.321129,0.321129,0.321129,0.321129,0.321129,0.321129,0.321129,0.321129,0.321129,0.321129,0.321129,0.321129,0.321129,0.321129
2083,19620,101810,0.503131,0.321129,13,27,5,0.321129,6.281184,0.321129,0.321129,0.321129,0.321129,0.321129,0.321129,0.321129,0.321129,0.321129,0.321129,0.321129,0.321129,0.321129,0.321129,0.321129,0.321129,0.321129,0.321129
2084,19630,102023,0.503131,0.321129,13,27,5,0.321129,6.281184,0.321129,0.321129,0.321129,0.321129,0.321129,0.321129,0.321129,0.321129,0.321129,0.321129,0.321129,0.321129,0.321129,0.321129,0.321129,0.321129,0.321129,0.321129
2085,19640,102034,0.503131,0.321129,13,27,5,0.321129,6.281184,0.321129,0.321129,0.321129,0.321129,0.321129,0.321129,0.321129,0.321129,0.321129,0.321129,0.321129,0.321129,0.321129,0.321129,0.321129,0.321129,0.321129,0.321129
2086,19650,102066,0.503131,0.321129,13,27,5,0.321129,6.281184,0.321129,0.321129,0.321129,0.321129,0.321129,0.321129,0.321129,0.321129,0.321129,0.321129,0.321129,0.321129,0.321129,0.321129,0.321129,0.321129,0.321129,0.321129
2087,19660,102235,0.503131,0.321129,13,27,5,0.321129,6.281184,0.321129,0.321129,0.321129,0.321129,0.321129,0.321129,0.321129,0.321129,0.321129,0.321129,0.321129,0.321129,0.321129,0.321129,0.321129,0.321129,0.321129,0.321129
2088,19670,102271,0.503131,0.321129,13,27,5,0.321129,6.281184,0.321129,0.321129,0.321129,0.321129,0.321129,0.321129,0.321129,0.321129,0.321129,0.321129,0.321129,0.321129,0.321129,0.321129,0.321129,0.321129,0.321129,0.321129
2089,19680,102297,0.503131,0.321129,13,27,5,0.321129,6.281184,0.321129,0.321129,0.321129,0.321129,0.321129,0.321129,0.321129,0.321129,0.321129,0.321129,0.321129,0.321129,0.321129,0.321129,0.321129,0.321129,0.321129,0.321129
2090,19690,102380,0.503131,0.321129,13,27,5,0.321129,6.281184,0.321129,0.321129,0.321129,0.321129,0.321129,0.321129,0.321129,0.321129,0.321129,0.321129,0.321129,0.321129,0.321129,0.321129,0.321129,0.321129,0.321129,0.321129
2091,19700,102449,0.503131,0.321129,13,27,5,0.321129,6.281184,0.321129,0.321129,0.321129,0.321129,0.321129,0.321129,0.321129,0.321129,0.321129,0.321129,0.321129,0.321129,0.321129,0.321129,0.321129,0.321129,0.321129,0.321129
2092,19710,102529,0.503131,0.321129,13,27,5,0.321129,6.281184,0.321129,0.321129,0.321129,0.321129,0.321129,0.321129,0.321129,0.321129,0.321129,0.321129,0.321129,0.321129,0.321129,0.321129,0.321129,0.321129,0.321129,0.321129
2093,19720,102645,0.503131,0.321129,13,27,5,0.321129,6.281184,0.321129,0.321129,0.321129,0.321129,0.321129,0.321129,0.321129,0.321129,0.321129,0.321129,0.321129,0.321129,0.321129,0.321129,0.321129,0.321129,0.321129,0.321129
2094,19730,102660,0.503131,0.321129,13,27,5,0.321129,6.281184,0.321129,0.321129,0.321129,0.321129,0.321129,0.321129,0.321129,0.321129,0.321129,0.321129,0.321129,0.321129,0.321129,0.321129,0.321129,0.321129,0.321129,0.321129
2095,19740,102676,0.503131,0.321129,13,27,5,0.321129,6.281184,0.321129,0.321129,0.321129,0.321129,0.321129,0.321129,0.321129,0.321129,0.321129,0.321129,0.321129,0.321129,0.321129,0.321129,0.321129,0.321129,0.321129,0.321129
2096,19750,102703,0.503131,0.321129,13,27,5,0.321129,6.281184,0.321129,0.321129,0.321129,0.321129,0.321129,0.321129,0.321129,0.321129,0.321129,0.321129,0.321129,0.321129,0.321129,0.321129,0.321129,0.321129,0.321129,0.321129
2097,19760,102902,0.503131,0.321129,13,27,5,0.321129,6.281184,0.321129,0.321129,0.321129,0.321129,0.321129,0.321129,0.321129,0.321129,0.321129,0.321129,0.321129,0.321129,0.321129,0.321129,0.321129,0.321129,0.321129,0.321129
2098,19770,102989,0.503131,0.321129,13,27,5,0.321129,6.281184,0.321129,0.321129,0.321129,0.321129,0.321129,0.321129,0.321129,0.321129,0.321129,0.321129,0.321129,0.321129,0.321129,0.321129,0.321129,0.321129,0.321129,0.321129
2099,19780,103118,0.503131,0.321129,13,27,5,0.321129,6.281184,0.321129,0.321129,0.321129,0.321129,0.321129,0.321129,0.321129,0.321129,0.321129,0.321129,0.321129,0.321129,0.321129,0.321129,0.321129,0.321129,0.321129,0.321129
2100,19790,103156,0.503131,0.321129,13,27,5,0.321129,6.281184,0.321129,0.321129,0.321129,0.321129,0.321129,0.321129,0.321129,0.321129,0.321129,0.321129,0.321129,0.321129,0.321129,0.321129,0.321129,0.321129,0.321129,0.321129
2101,19800,103163,0.503131,0.321129,13,27,5,0.321129,6.281184,0.321129,0.321129,0.321129,0.321129,0.321129,0.321129,0.321129,0.321129,0.321129,0.321129,0.321129,0.321129,0.321129,0.321129,0.321129,0.321129,0.321129,0.321129
2102,19810,103182,0.503131,0.321129,13,27,5,0.321129,6.281184,0.321129,0.321129,0.321129,0.321129,0.321129,0.321129,0.321129,0.321129,0.321129,0.321129,0.321129,0.321129,0.321129,0.321129,0.321129,0.321129,0.321129,0.321129
2103,19820,103309,0.503131,0.321129,13,27,5,0.321129,6.281184,0.321129,0.321129,0.321129,0.321129,0.321129,0.321129,0.321129,0.321129,0.321129,0.321129,0.321129,0.321129,0.321129,0.321129,0.321129,0.321129,0.321129,0.321129
2104,19830,103355,0.503131,0.321129,13,27,5,0.321129,6.281184,0.321129,0.321129,0.321129,0.321129,0.321129,0.321129,0.321129,0.321129,0.321129,0.321129,0.321129,0.321129,0.321129,0.321129,0.321129,0.321129,0.321129,0.321129
2105,19840,103514,0.503131,0.321129,13,27,5,0.321129,6.281184,0.321129,0.321129,0.321129,0.321129,0.321129,0.321129,0.321129,0.321129,0.321129,0.321129,0.321129,0.321129,0.321129,0.321129,0.321129,0.321129,0.321129,0.321129
2106,19850,103566,0.503131,0.321129,13,27,5,0.321129,6.281184,0.321129,0.321129,0.321129,0.321129,0.321129,0.321129,0.321129,0.321129,0.321129,0.321129,0.321129,0.321129,0.321129,0.321129,0.321129,0.321129,0.321129,0.321129
2107,19860,103567,0.503131,0.321129,13,27,5,0.321129,6.281184,0.321129,0.321129,0.321129,0.321129,0.321129,0.321129,0.321129,0.321129,0.321129,0.321129,0.321129,0.321129,0.321129,0.321129,0.321129,0.321129,0.321129,0.321129
2108,19870,103699,0.503131,0.321129,13,27,5,0.321129,6.281184,0.321129,0.321129,0.321129,0.321129,0.321129,0.321129,0.321129,0.321129,0.321129,0.321129,0.321129,0.321129,0.321129,0.321129,0.321129,0.321129,0.321129,0.321129
2109,19880,103722,0.503131,0.321129,13,27,5,0.321129,6.281184,0.321129,0.321129,0.321129,0.321129,0.321129,0.321129,0.321129,0.321129,0.321129,0.321129,0.321129,0.321129,0.321129,0.321129,0.321129,0.321129,0.321129,0.321129
2110,19890,103849,0.503131,0.321129,13,27,5,0.321129,6.281184,0.321129,0.321129,0.321129,0.321129,0.321129,0.321129,0.321129,0.321129,0.321129,0.321129,0.321129,0.321129,0.321129,0.321129,0.321129,0.321129,0.321129,0.321129
2111,19900,103862,0.503131,0.321129,13,27,5,0.321129,6.281184,0.321129,0.321129,0.321129,0.321129,0.321129,0.321129,0.321129,0.321129,0.321129,0.321129,0.321129,0.321129,0.321129,0.321129,0.321129,0.321129,0.321129,0.321129
2112,19910,103979,0.503131,0.321129,13,27,5,0.321129,6.281184,0.321129,0.321129,0.321129,0.321129,0.321129,0.321129,0.321129,0.321129,0.321129,0.321129,0.321129,0.321129,0.321129,0.321129,0.321129,0.321129,0.321129,0.321129
2113,19920,103981,0.503131,0.321129,13,27,5,0.321129,6.281184,0.321129,0.321129,0.321129,0.321129,0.321129,0.321129,0.321129,0.321129,0.321129,0.321129,0.321129,0.321129,0.321129,0.321129,0.321129,0.321129,0.321129,0.321129
2114,19930,104138,0.503131,0.321129,13,27,5,0.321129,6.281184,0.321129,0.321129,0.321129,0.321129,0.321129,0.321129,0.321129,0.321129,0.321129,0.321129,0.321129,0.321129,0.321129,0.321129,0.321129,0.321129,0.321129,0.321129
2115,19940,104199,0.503131,0.321129,13,27,5,0.321129,6.281184,0.321129,0.321129,0.321129,0.321129,0.321129,0.321129,0.321129,0.321129,0.321129,0.321129,0.321129,0.321129,0.321129,0.321129,0.321129,0.321129,0.321129,0.321129
2116,19950,104254,0.503131,0.321129,13,27,5,0.321129,6.281184,0.321129,0.321129,0.321129,0.321129,0.321129,0.321129,0.321129,0.321129,0.321129,0.321129,0.321129,0.321129,0.321129,0.321129,0.321129,0.321129,0.321129,0.321129
2117,19960,104274,0.503131,0.321129,13,27,5,0.321129,6.281184,0.321129,0.321129,0.321129,0.321129,0.321129,0.321129,0.321129,0.321129,0.321129,0.321129,0.321129,0.321129,0.321129,0.321129,0.321129,0.321129,0.321129,0.321129
2118,19970,104348,0.503131,0.321129,13,27,5,0.321129,6.281184,0.321129,0.321129,0.321129,0.321129,0.321129,0.321129,0.321129,0.321129,0.321129,0.321129,0.321129,0.321129,0.321129,0.321129,0.321129,0.321129,0.321129,0.321129
2119,19980,104377,0.503131,0.321129,13,27,5,0.321129,6.281184,0.321129,0.321129,0.321129,0.321129,0.321129,0.321129,0.321129,0.321129,0.321129,0.321129,0.321129,0.321129,0.321129,0.321129,0.321129,0.321129,0.321129,0.321129
2120,19990,104606,0.503131,0.321129,13,27,5,0.321129,6.281184,0.321129,0.321129,0.321129,0.321129,0.321129,0.321129,0.321129,0.321129,0.321129,0.321129,0.321129,0.321129,0.321129,0.321129,0.321129,0.321129,0.321129,0.321129
2121,20000,104702,0.503131,0.321129,13,27,5,0.321129,6.281184,0.321129,0.321129,0.321129,0.321129,0.321129,0.321129,0.321129,0.321129,0.321129,0.321129,0.321129,0.321129,0.321129,0.321129,0.321129,0.321129,0.321129,0.321129
2122,20010,104746,0.503131,0.321129,13,27,5,0.321129,6.281184,0.321129,0.321129,0.321129,0.321129,0.321129,0.321129,0.321129,0.321129,0.321129,0.321129,0.321129,0.321129,0.321129,0.321129,0.321129,0.321129,0.321129,0.321129
2123,20020,104846,0.503131,0.321129,13,27,5,0.321129,6.281184,0.321129,0.321129,0.321129,0.321129,0.321129,0.321129,0.321129,0.321129,0.321129,0.321129,0.321129,0.321129,0.321129,0.321129,0.321129,0.321129,0.321129,0.321129
2124,20030,104887,0.503131,0.321129,13,27,5,0.321129,6.281184,0.321129,0.321129,0.321129,0.321129,0.321129,0.321129,0.321129,0.321129,0.321129,0.321129,0.321129,0.321129,0.321129,0.321129,0.321129,0.321129,0.321129,0.321129
2125,20040,104948,0.503131,0.321129,13,27,5,0.321129,6.281184,0.321129,0.321129,0.321129,0.321129,0.321129,0.321129,0.321129,0.321129,0.321129,0.321129,0.321129,0.321129,0.321129,0.321129,0.321129,0.321129,0.321129,0.321129
2126,20050,105032,0.503131,0.321129,13,27,5,0.321129,6.281184,0.321129,0.321129,0.321129,0.321129,0.321129,0.321129,0.321129,0.321129,0.321129,0.321129,0.321129,0.321129,0.321129,0.321129,0.321129,0.321129,0.321129,0.321129
2127,20060,105053,0.503131,0.321129,13,27,5,0.321129,0.321129,0.321129,0.321129,0.321129,0.321129,0.321129,0.321129,0.321129,0.321129,0.321129,0.321129,0.321129,0.321129,0.321129,0.321129,0.321129,0.321129,0.321129,0.321129
2128,20070,105284,0.503131,0.321129,13,27,5,0.321129,0.321129,0.321129,0.321129,0.321129,0.321129,0.321129,0.321129,0.321129,0.321129,0.321129,0.321129,0.321129,0.321129,0.321129,0.321129,0.321129,0.321129,0.321129,0.321129
2129,20080,105318,0.503131,0.321129,13,27,5,0.321129,0.321129,0.321129,0.321129,0.321129,0.321129,0.321129,0.321129,0.321129,0.321129,0.321129,0.321129,0.321129,0.321129,0.321129,0.321129,0.321129,0.321129,0.321129,0.321129
2130,20090,105370,0.503131,0.321129,13,27,5,0.321129,0.321129,0.321129,0.321129,0.321129,0.321129,0.321129,0.321129,0.321129,0.321129,0.321129,0.321129,0.321129,0.321129,0.321129,0.321129,0.321129,0.321129,0.321129,0.321129
2131,20100,105528,0.503131,0.321129,13,27,5,0.321129,0.321129,0.321129,0.321129,0.321129,0.321129,0.321129,0.321129,0.321129,0.321129,0.321129,0.321129,0.321129,0.321129,0.321129,0.321129,0.321129,0.321129,0.321129,0.321129
2132,20110,105538,0.503131,0.321129,13,27,5,0.321129,0.321129,0.321129,0.321129,0.321129,0.321129,0.321129,0.321129,0.321129,0.321129,0.321129,0.321129,0.321129,0.321129,0.321129,0.321129,0.321129,0.321129,0.321129,0.321129
2133,20120,105565,0.503131,0.321129,13,27,5,0.321129,0.321129,0.321129,0.321129,0.321129,0.321129,0.321129,0.321129,0.321129,0.321129,0.321129,0.321129,0.321129,0.321129,0.321129,0.321129,0.321129,0.321129,0.321129,0.321129
2134,20130,105583,0.503131,0.321129,13,27,5,0.321129,0.321129,0.321129,0.321129,0.321129,0.321129,0.321129,0.321129,0.321129,0.321129,0.321129,0.321129,0.321129,0.321129,0.321129,0.321129,0.321129,0.321129,0.321129,0.321129
2135,20140,105728,0.503131,0.321129,13,27,5,0.321129,0.321129,0.321129,0.321129,0.321129,0.321129,0.321129,0.321129,0.321129,0.321129,0.321129,0.321129,0.321129,0.321129,0.321129,0.321129,0.321129,0.321129,0.321129,0.321129
2136,20150,105819,0.503131,0.321129,13,27,5,0.321129,0.321129,0.321129,0.321129,0.321129,0.321129,0.321129,0.321129,0.321129,0.321129,0.321129,0.321129,0.321129,0.321129,0.321129,0.321129,0.321129,0.321129,0.321129,0.321129
2137,20160,105853,0.503131,0.321129,13,27,5,0.321129,0.321129,0.321129,0.321129,0.321129,0.321129,0.321129,0.321129,0.321129,0.321129,0.321129,0.321129,0.321129,0.321129,0.321129,0.321129,0.321129,0.321129,0.321129,0.321129
2138,20170,105989,0.503131,0.321129,13,27,5,0.321129,0.321129,0.321129,0.321129,0.321129,0.321129,0.321129,0.321129,0.321129,0.321129,0.321129,0.321129,0.321129,0.321129,0.321129,0.321129,0.321129,0.321129,0.321129,0.321129
2139,20180,106025,0.503131,0.321129,13,27,5,0.321129,0.321129,0.321129,0.321129,0.321129,0.321129,0.321129,0.321129,0.321129,0.321129,0.321129,0.321129,0.321129,0.321129,0.321129,0.321129,0.321129,0.321129,0.321129,0.321129
2140,20190,106051,0.503131,0.321129,13,27,5,0.321129,0.321129,0.321129,0.321129,0.321129,0.321129,0.321129,0.321129,0.321129,0.321129,0.321129,0.321129,0.321129,0.321129,0.321129,0.321129,0.321129,0.321129,0.321129,0.321129
2141,20200,106148,0.503131,0.321129,13,27,5,0.321129,0.321129,0.321129,0.321129,0.321129,0.321129,0.321129,0.321129,0.321129,0.321129,0.321129,0.321129,0.321129,0.321129,0.321129,0.321129,0.321129,0.321129,0.321129,0.321129
2142,20210,106177,0.503131,0.321129,13,27,5,0.321129,0.321129,0.321129,0.321129,0.321129,0.321129,0.321129,0.321129,0.321129,0.321129,0.321129,0.321129,0.321129,0.321129,0.321129,0.321129,0.321129,0.321129,0.321129,0.321129
2143,20220,106300,0.503131,0.321129,13,27,5,0.321129,0.321129,0.321129,0.321129,0.321129,0.321129,0.321129,0.321129,0.321129,0.321129,0.321129,0.321129,0.321129,0.321129,0.321129,0.321129,0.321129,0.321129,0.321129,0.321129
2144,20230,106416,0.503131,0.321129,13,27,5,0.321129,0.321129,0.321129,0.321129,0.321129,0.321129,0.321129,0.321129,0.321129,0.321129,0.321129,0.321129,0.321129,0.321129,0.321129,0.321129,0.321129,0.321129,0.321129,0.321129
2145,20240,106420,0.503131,0.321129,13,27,5,0.321129,0.321129,0.321129,0.321129,0.321129,0.321129,0.321129,0.321129,0.321129,0.321129,0.321129,0.321129,0.321129,0.321129,0.321129,0.321129,0.321129,0.321129,0.321129,0.321129
2146,20250,106522,0.503131,0.321129,13,27,5,0.321129,0.321129,0.321129,0.321129,0.321129,0.321129,0.321129,0.321129,0.321129,0.321129,0.321129,0.321129,0.321129,0.321129,0.321129,0.321129,0.321129,0.321129,0.321129,0.321129
2147,20260,106586,0.503131,0.321129,13,27,5,0.321129,0.321129,0.321129,0.321129,0.321129,0.321129,0.321129,0.321129,0.321129,0.321129,0.321129,0.321129,0.321129,0.321129,0.321129,0.321129,0.321129,0.321129,0.321129,0.321129
2148,20270,106614,0.503131,0.321129,13,27,5,0.321129,0.321129,0.321129,0.321129,0.321129,0.321129,0.321129,0.321129,0.321129,0.321129,0.321129,0.321129,0.321129,0.321129,0.321129,0.321129,0.321129,0.321129,0.321129,0.321129
2149,20280,106789,0.503131,0.321129,13,27,5,0.321129,0.321129,0.321129,0.321129,0.321129,0.321129,0.321129,0.321129,0.321129,0.321129,0.321129,0.321129,0.321129,0.321129,0.321129,0.321129,0.321129,0.321129,0.321129,0.321129
2150,20290,106861,0.503131,0.321129,13,27,5,0.321129,0.321129,0.321129,0.321129,0.321129,0.321129,0.321129,0.321129,0.321129,0.321129,0.321129,0.321129,0.321129,0.321129,0.321129,0.321129,0.321129,0.321129,0.321129,0.321129
2151,20300,106931,0.503131,0.321129,13,27,5,0.321129,0.321129,0.321129,0.321129,0.321129,0.321129,0.321129,0.321129,0.321129,0.321129,0.321129,0.321129,0.321129,0.321129,0.321129,0.321129,0.321129,0.321129,0.321129,0.321129
2152,20310,106954,0.503131,0.321129,13,27,5,0.321129,0.321129,0.321129,0.321129,0.321129,0.321129,0.321129,0.321129,0.321129,0.321129,0.321129,0.321129,0.321129,0.321129,0.321129,0.321129,0.321129,0.321129,0.321129,0.321129
2153,20320,107071,0.503131,0.321129,13,27,5,0.321129,0.321129,0.321129,0.321129,0.321129,0.321129,0.321129,0.321129,0.321129,0.321129,0.321129,0.321129,0.321129,0.321129,0.321129,0.321129,0.321129,0.321129,0.321129,0.321129
2154,20330,107232,0.503131,0.321129,13,27,5,0.321129,0.321129,0.321129,0.321129,0.321129,0.321129,0.321129,0.321129,0.321129,0.321129,0.321129,0.321129,0.321129,0.321129,0.321129,0.321129,0.321129,0.321129,0.321129,0.321129
2155,20340,107239,0.503131,0.321129,13,27,5,0.321129,0.321129,0.321129,0.321129,0.321129,0.321129,0.321129,0.321129,0.321129,0.321129,0.321129,0.321129,0.321129,0.321129,0.321129,0.321129,0.321129,0.321129,0.321129,0.321129
2156,20350,107265,0.503131,0.321129,13,27,5,0.321129,0.321129,0.321129,0.321129,0.321129,0.321129,0.321129,0.321129,0.321129,0.321129,0.321129,0.321129,0.321129,0.321129,0.321129,0.321129,0.321129,0.321129,0.321129,0.321129
2157,20360,107360,0.503131,0.321129,13,27,5,0.321129,0.321129,0.321129,0.321129,0.321129,0.321129,0.321129,0.321129,0.321129,0.321129,0.321129,0.321129,0.321129,0.321129,0.321129,0.321129,0.321129,0.321129,0.321129,0.321129
2158,20370,107386,0.503131,0.321129,13,27,5,0.321129,0.321129,0.321129,0.321129,0.321129,0.321129,0.321129,0.321129,0.321129,0.321129,0.321129,0.321129,0.321129,0.321129,0.321129,0.321129,0.321129,0.321129,0.321129,0.321129
2159,20380,107426,0.503131,0.321129,13,27,5,0.321129,0.321129,0.321129,0.321129,0.321129,0.321129,0.321129,0.321129,0.321129,0.321129,0.321129,0.321129,0.321129,0.321129,0.321129,0.321129,0.321129,0.321129,0.321129,0.321129
2160,20390,107638,0.503131,0.321129,13,27,5,0.321129,0.321129,0.321129,0.321129,0.321129,0.321129,0.321129,0.321129,0.321129,0.321129,0.321129,0.321129,0.321129,0.321129,0.321129,0.321129,0.321129,0.321129,0.321129,0.321129
2161,20400,107674,0.503131,0.321129,13,27,5,0.321129,0.321129,0.321129,0.321129,0.321129,0.321129,0.321129,0.321129,0.321129,0.321129,0.321129,0.321129,0.321129,0.321129,0.321129,0.321129,0.321129,0.321129,0.321129,0.321129
2162,20410,107701,0.503131,0.321129,13,27,5,0.321129,0.321129,0.321129,0.321129,0.321129,0.321129,0.321129,0.321129,0.321129,0.321129,0.321129,0.321129,0.321129,0.321129,0.321129,0.321129,0.321129,0.321129,0.321129,0.321129
2163,20420,107760,0.503131,0.321129,13,27,5,0.321129,0.321129,0.321129,0.321129,0.321129,0.321129,0.321129,0.321129,0.321129,0.321129,0.321129,0.321129,0.321129,0.321129,0.321129,0.321129,0.321129,0.321129,0.321129,0.321129
2164,20430,107787,0.503131,0.321129,13,27,5,0.321129,0.321129,0.321129,0.321129,0.321129,0.321129,0.321129,0.321129,0.321129,0.321129,0.321129,0.321129,0.321129,0.321129,0.321129,0.321129,0.321129,0.321129,0.321129,0.321129
2165,20440,107818,0.503131,0.321129,13,27,5,0.321129,0.321129,0.321129,0.321129,0.321129,0.321129,0.321129,0.321129,0.321129,0.321129,0.321129,0.321129,0.321129,0.321129,0.321129,0.321129,0.321129,0.321129,0.321129,0.321129
2166,20450,108013,0.503131,0.321129,13,27,5,0.321129,0.321129,0.321129,0.321129,0.321129,0.321129,0.321129,0.321129,0.321129,0.321129,0.321129,0.321129,0.321129,0.321129,0.321129,0.321129,0.321129,0.321129,0.321129,0.321129
2167,20460,108159,0.503131,0.321129,13,27,5,0.321129,0.321129,0.321129,0.321129,0.321129,0.321129,0.321129,0.321129,0.321129,0.321129,0.321129,0.321129,0.321129,0.321129,0.321129,0.321129,0.321129,0.321129,0.321129,0.321129
2168,20470,108160,0.503131,0.321129,13,27,5,0.321129,0.321129,0.321129,0.321129,0.321129,0.321129,0.321129,0.321129,0.321129,0.321129,0.321129,0.321129,0.321129,0.321129,0.321129,0.321129,0.321129,0.321129,0.321129,0.321129
2169,20480,108176,0.503131,0.321129,13,27,5,0.321129,0.321129,0.321129,0.321129,0.321129,0.321129,0.321129,0.321129,0.321129,0.321129,0.321129,0.321129,0.321129,0.321129,0.321129,0.321129,0.321129,0.321129,0.321129,0.321129
2170,20490,108225,0.503131,0.321129,13,27,5,0.321129,0.321129,0.321129,0.321129,0.321129,0.321129,0.321129,0.321129,0.321129,0.321129,0.321129,0.321129,0.321129,0.321129,0.321129,0.321129,0.321129,0.321129,0.321129,0.321129
2171,20500,108402,0.503131,0.321129,13,27,5,0.321129,0.321129,0.321129,0.321129,0.321129,0.321129,0.321129,0.321129,0.321129,0.321129,0.321129,0.321129,0.321129,0.321129,0.321129,0.321129,0.321129,0.321129,0.321129,0.321129
2172,20510,108440,0.503131,0.321129,13,27,5,0.321129,0.321129,0.321129,0.321129,0.321129,0.321129,0.321129,0.321129,0.321129,0.321129,0.321129,0.321129,0.321129,0.321129,0.321129,0.321129,0.321129,0.321129,0.321129,0.321129
2173,20520,108519,0.503131,0.321129,13,27,5,0.321129,0.321129,0.321129,0.321129,0.321129,0.321129,0.321129,0.321129,0.321129,0.321129,0.321129,0.321129,0.321129,0.321129,0.321129,0.321129,0.321129,0.321129,0.321129,0.321129
2174,20530,108632,0.503131,0.321129,13,27,5,0.321129,0.321129,0.321129,0.321129,0.321129,0.321129,0.321129,0.321129,0.321129,0.321129,0.321129,0.321129,0.321129,0.321129,0.321129,0.321129,0.321129,0.321129,0.321129,0.321129
2175,20540,108699,0.503131,0.321129,13,27,5,0.321129,0.321129,0.321129,0.321129,0.321129,0.321129,0.321129,0.321129,0.321129,0.321129,0.321129,0.321129,0.321129,0.321129,0.321129,0.321129,0.321129,0.321129,0.321129,0.321129
2176,20550,108803,0.503131,0.321129,13,27,5,0.321129,0.321129,0.321129,0.321129,0.321129,0.321129,0.321129,0.321129,0.321129,0.321129,0.321129,0.321129,0.321129,0.321129,0.321129,0.321129,0.321129,0.321129,0.321129,0.321129
2177,20560,108829,0.503131,0.321129,13,27,5,0.321129,0.321129,0.321129,0.321129,0.321129,0.321129,0.321129,0.321129,0.321129,0.321129,0.321129,0.321129,0.321129,0.321129,0.321129,0.321129,0.321129,0.321129,0.321129,0.321129
2178,20570,108884,0.503131,0.321129,13,27,5,0.321129,0.321129,0.321129,0.321129,0.321129,0.321129,0.321129,0.321129,0.321129,0.321129,0.321129,0.321129,0.321129,0.321129,0.321129,0.321129,0.321129,0.321129,0.321129,0.321129
2179,20580,108917,0.503131,0.321129,13,27,5,0.321129,0.321129,0.321129,0.321129,0.321129,0.321129,0.321129,0.321129,0.321129,0.321129,0.321129,0.321129,0.321129,0.321129,0.321129,0.321129,0.321129,0.321129,0.321129,0.321129
2180,20590,109074,0.503131,0.321129,13,27,5,0.321129,0.321129,0.321129,0.321129,0.321129,0.321129,0.321129,0.321129,0.321129,0.321129,0.321129,0.321129,0.321129,0.321129,0.321129,0.321129,0.321129,0.321129,0.321129,0.321129
2181,20600,109118,0.503131,0.321129,13,27,5,0.321129,0.321129,0.321129,0.321129,0.321129,0.321129,0.321129,0.321129,0.321129,0.321129,0.321129,0.321129,0.321129,0.321129,0.321129,0.321129,0.321129,0.321129,0.321129,0.321129
2182,20610,109240,0.503131,0.321129,13,27,5,0.321129,0.321129,0.321129,0.321129,0.321129,0.321129,0.321129,0.321129,0.321129,0.321129,0.321129,0.321129,0.321129,0.321129,0.321129,0.321129,0.321129,0.321129,0.321129,0.321129
2183,20620,109374,0.503131,0.321129,13,27,5,0.321129,0.321129,0.321129,0.321129,0.321129,0.321129,0.321129,0.321129,0.321129,0.321129,0.321129,0.321129,0.321129,0.321129,0.321129,0.321129,0.321129,0.321129,0.321129,0.321129
2184,20630,109402,0.503131,0.321129,13,27,5,0.321129,0.321129,0.321129,0.321129,0.321129,0.321129,0.321129,0.321129,0.321129,0.321129,0.321129,0.321129,0.321129,0.321129,0.321129,0.321129,0.321129,0.321129,0.321129,0.321129
2185,20640,109435,0.503131,0.321129,13,27,5,0.321129,0.321129,0.321129,0.321129,0.321129,0.321129,0.321129,0.321129,0.321129,0.321129,0.321129,0.321129,0.321129,0.321129,0.321129,0.321129,0.321129,0.321129,0.321129,0.321129
2186,20650,109608,0.503131,0.321129,13,27,5,0.321129,0.321129,0.321129,0.321129,0.321129,0.321129,0.321129,0.321129,0.321129,0.321129,0.321129,0.321129,0.321129,0.321129,0.321129,0.321129,0.321129,0.321129,0.321129,0.321129
2187,20660,109619,0.503131,0.321129,13,27,5,0.321129,0.321129,0.321129,0.321129,0.321129,0.321129,0.321129,0.321129,0.321129,0.321129,0.321129,0.321129,0.321129,0.321129,0.321129,0.321129,0.321129,0.321129,0.321129,0.321129
2188,20670,109662,0.503131,0.321129,13,27,5,0.321129,0.321129,0.321129,0.321129,0.321129,0.321129,0.321129,0.321129,0.321129,0.321129,0.321129,0.321129,0.321129,0.321129,0.321129,0.321129,0.321129,0.321129,0.321129,0.321129
2189,20680,109823,0.503131,0.321129,13,27,5,0.321129,0.321129,0.321129,0.321129,0.321129,0.321129,0.321129,0.321129,0.321129,0.321129,0.321129,0.321129,0.321129,0.321129,0.321129,0.321129,0.321129,0.321129,0.321129,0.321129
2190,20690,109872,0.503131,0.321129,13,27,5,0.321129,0.321129,0.321129,0.321129,0.321129,0.321129,0.321129,0.321129,0.321129,0.321129,0.321129,0.321129,0.321129,0.321129,0.321129,0.321129,0.321129,0.321129,0.321129,0.321129
2191,20700,109872,0.503131,0.321129,13,27,5,0.321129,0.321129,0.321129,0.321129,0.321129,0.321129,0.321129,0.321129,0.321129,0.321129,0.321129,0.321129,0.321129,0.321129,0.321129,0.321129,0.321129,0.321129,0.321129,0.321129
2192,20710,109975,0.503131,0.321129,13,27,5,0.321129,0.321129,0.321129,0.321129,0.321129,0.321129,0.321129,0.321129,0.321129,0.321129,0.321129,0.321129,0.321129,0.321129,0.321129,0.321129,0.321129,0.321129,0.321129,0.321129
2193,20720,110054,0.503131,0.321129,13,27,5,0.321129,0.321129,0.321129,0.321129,0.321129,0.321129,0.321129,0.321129,0.321129,0.321129,0.321129,0.321129,0.321129,0.321129,0.321129,0.321129,0.321129,0.321129,0.321129,0.321129
2194,20730,110104,0.503131,0.321129,13,27,5,0.321129,0.321129,0.321129,0.321129,0.321129,0.321129,0.321129,0.321129,0.321129,0.321129,0.321129,0.321129,0.321129,0.321129,0.321129,0.321129,0.321129,0.321129,0.321129,0.321129
2195,20740,110187,0.503131,0.321129,13,27,5,0.321129,0.321129,0.321129,0.321129,0.321129,0.321129,0.321129,0.321129,0.321129,0.321129,0.321129,0.321129,0.321129,0.321129,0.321129,0.321129,0.321129,0.321129,0.321129,0.321129
2196,20750,110365,0.503131,0.321129,13,27,5,0.321129,0.321129,0.321129,0.321129,0.321129,0.321129,0.321129,0.321129,0.321129,0.321129,0.321129,0.321129,0.321129,0.321129,0.321129,0.321129,0.321129,0.321129,0.321129,0.321129
2197,20760,110388,0.503131,0.321129,13,27,5,0.321129,0.321129,0.321129,0.321129,0.321129,0.321129,0.321129,0.321129,0.321129,0.321129,0.321129,0.321129,0.321129,0.321129,0.321129,0.321129,0.321129,0.321129,0.321129,0.321129
2198,20770,110395,0.503131,0.321129,13,27,5,0.321129,0.321129,0.321129,0.321129,0.321129,0.321129,0.321129,0.321129,0.321129,0.321129,0.321129,0.321129,0.321129,0.321129,0.321129,0.321129,0.321129,0.321129,0.321129,0.321129
2199,20780,110453,0.503131,0.321129,13,27,5,0.321129,0.321129,0.321129,0.321129,0.321129,0.321129,0.321129,0.321129,0.321129,0.321129,0.321129,0.321129,0.321129,0.321129,0.321129,0.321129,0.321129,0.321129,0.321129,0.321129
2200,20790,110504,0.503131,0.321129,13,27,5,0.321129,0.321129,0.321129,0.321129,0.321129,0.321129,0.321129,0.321129,0.321129,0.321129,0.321129,0.321129,0.321129,0.321129,0.321129,0.321129,0.321129,0.321129,0.321129,0.321129
2201,20800,110664,0.503131,0.321129,13,27,5,10000000.000000,10000000.000000,0.321129,0.321129,0.321129,0.321129,0.321129,0.321129,0.321129,0.321129,0.321129,0.321129,0.321129,0.321129,0.321129,0.321129,0.321129,0.321129,0.321129,0.321129
2202,20810,110724,0.503131,0.321129,13,27,5,10000000.000000,10000000.000000,0.321129,0.321129,0.321129,0.321129,0.321129,0.321129,0.321129,0.321129,0.321129,0.321129,0.321129,0.321129,0.321129,0.321129,0.321129,0.321129,0.321129,0.321129
2203,20820,110903,0.503131,0.321129,13,27,5,10000000.000000,10000000.000000,0.321129,0.321129,0.321129,0.321129,0.321129,0.321129,0.321129,0.321129,0.321129,0.321129,0.321129,0.321129,0.321129,0.321129,0.321129,0.321129,0.321129,0.321129
2204,20830,110909,0.503131,0.321129,13,27,5,10000000.000000,10000000.000000,0.321129,0.321129,0.321129,0.321129,0.321129,0.321129,0.321129,0.321129,0.321129,0.321129,0.321129,0.321129,0.321129,0.321129,0.321129,0.321129,0.321129,0.321129
2205,20840,110911,0.503131,0.321129,13,27,5,10000000.000000,10000000.000000,0.321129,0.321129,0.321129,0.321129,0.321129,0.321129,0.321129,0.321129,0.321129,0.321129,0.321129,0.321129,0.321129,0.321129,0.321129,0.321129,0.321129,0.321129
2206,20850,111020,0.503131,0.321129,13,27,5,10000000.000000,10000000.000000,0.321129,0.321129,0.321129,0.321129,0.321129,0.321129,0.321129,0.321129,0.321129,0.321129,0.321129,0.321129,0.321129,0.321129,0.321129,0.321129,0.321129,0.321129
2207,20860,111056,0.503131,0.321129,13,27,5,10000000.000000,10000000.000000,0.321129,0.321129,0.321129,0.321129,0.321129,0.321129,0.321129,0.321129,0.321129,0.321129,0.321129,0.321129,0.321129,0.321129,0.321129,0.321129,0.321129,0.321129
2208,20870,111166,0.503131,0.321129,13,27,5,10000000.000000,10000000.000000,0.321129,0.321129,0.321129,0.321129,0.321129,0.321129,0.321129,0.321129,0.321129,0.321129,0.321129,0.321129,0.321129,0.321129,0.321129,0.321129,0.321129,0.321129
2209,20880,111211,0.503131,0.321129,13,27,5,10000000.000000,10000000.000000,0.321129,0.321129,0.321129,0.321129,0.321129,0.321129,0.321129,0.321129,0.321129,0.321129,0.321129,0.321129,0.321129,0.321129,0.321129,0.321129,0.321129,0.321129
2210,20890,111400,0.503131,0.321129,13,27,5,10000000.000000,10000000.000000,0.321129,0.321129,0.321129,0.321129,0.321129,0.321129,0.321129,0.321129,0.321129,0.321129,0.321129,0.321129,0.321129,0.321129,0.321129,0.321129,0.321129,0.321129
2211,20900,111416,0.503131,0.321129,13,27,5,10000000.000000,10000000.000000,0.321129,0.321129,0.321129,0.321129,0.321129,0.321129,0.321129,0.321129,0.321129,0.321129,0.321129,0.321129,0.321129,0.321129,0.321129,0.321129,0.321129,0.321129
2212,20910,111464,0.503131,0.321129,13,27,5,10000000.000000,10000000.000000,0.321129,0.321129,0.321129,0.321129,0.321129,0.321129,0.321129,0.321129,0.321129,0.321129,0.321129,0.321129,0.321129,0.321129,0.321129,0.321129,0.321129,0.321129
2213,20920,111476,0.503131,0.321129,13,27,5,10000000.000000,10000000.000000,0.321129,0.321129,0.321129,0.321129,0.321129,0.321129,0.321129,0.321129,0.321129,0.321129,0.321129,0.321129,0.321129,0.321129,0.321129,0.321129,0.321129,0.321129
2214,20930,111562,0.503131,0.321129,13,27,5,10000000.000000,10000000.000000,0.321129,0.321129,0.321129,0.321129,0.321129,0.321129,0.321129,0.321129,0.321129,0.321129,0.321129,0.321129,0.321129,0.321129,0.321129,0.321129,0.321129,0.321129
2215,20940,111793,0.503131,0.321129,13,27,5,10000000.000000,10000000.000000,0.321129,0.321129,0.321129,0.321129,0.321129,0.321129,0.321129,0.321129,0.321129,0.321129,0.321129,0.321129,0.321129,0.321129,0.321129,0.321129,0.321129,0.321129
2216,20950,111823,0.503131,0.321129,13,27,5,10000000.000000,10000000.000000,0.321129,0.321129,0.321129,0.321129,0.321129,0.321129,0.321129,0.321129,0.321129,0.321129,0.321129,0.321129,0.321129,0.321129,0.321129,0.321129,0.321129,0.321129
2217,20960,111845,0.503131,0.321129,13,27,5,10000000.000000,10000000.000000,0.321129,0.321129,0.321129,0.321129,0.321129,0.321129,0.321129,0.321129,0.321129,0.321129,0.321129,0.321129,0.321129,0.321129,0.321129,0.321129,0.321129,0.321129
2218,20970,112002,0.503131,0.321129,13,27,5,10000000.000000,10000000.000000,0.321129,0.321129,0.321129,0.321129,0.321129,0.321129,0.321129,0.321129,0.321129,0.321129,0.321129,0.321129,0.321129,0.321129,0.321129,0.321129,0.321129,0.321129
2219,20980,112006,0.503131,0.321129,13,27,5,0.321129,0.321129,0.321129,0.321129,0.321129,0.321129,0.321129,0.321129,0.321129,0.321129,0.321129,0.321129,0.321129,0.321129,0.321129,0.321129,0.321129,0.321129,0.321129,0.321129
2220,20990,112064,0.503131,0.321129,13,27,5,0.321129,0.321129,0.321129,0.321129,0.321129,0.321129,0.321129,0.321129,0.321129,0.321129,0.321129,0.321129,0.321129,0.321129,0.321129,0.321129,0.321129,0.321129,0.321129,0.321129
2221,21000,112167,0.503131,0.321129,13,27,5,0.321129,0.321129,0.321129,0.321129,0.321129,0.321129,0.321129,0.321129,0.321129,0.321129,0.321129,0.321129,0.321129,0.321129,0.321129,0.321129,0.321129,0.321129,0.321129,0.321129
2222,21010,112230,0.503131,0.321129,13,27,5,0.321129,0.321129,0.321129,0.321129,0.321129,0.321129,0.321129,0.321129,0.321129,0.321129,0.321129,0.321129,0.321129,0.321129,0.321129,0.321129,0.321129,0.321129,0.321129,0.321129
2223,21020,112301,0.503131,0.321129,13,27,5,0.321129,0.321129,0.321129,0.321129,0.321129,0.321129,0.321129,0.321129,0.321129,0.321129,0.321129,0.321129,0.321129,0.321129,0.321129,0.321129,0.321129,0.321129,0.321129,0.321129
2224,21030,112359,0.503131,0.321129,13,27,5,0.321129,0.321129,0.321129,0.321129,0.321129,0.321129,0.321129,0.321129,0.321129,0.321129,0.321129,0.321129,0.321129,0.321129,0.321129,0.321129,0.321129,0.321129,0.321129,0.321129
2225,21040,112426,0.503131,0.321129,13,27,5,0.321129,0.321129,0.321129,0.321129,0.321129,0.321129,0.321129,0.321129,0.321129,0.321129,0.321129,0.321129,0.321129,0.321129,0.321129,0.321129,0.321129,0.321129,0.321129,0.321129
2226,21050,112437,0.503131,0.321129,13,27,5,0.321129,0.321129,0.321129,0.321129,0.321129,0.321129,0.321129,0.321129,0.321129,0.321129,0.321129,0.321129,0.321129,0.321129,0.321129,0.321129,0.321129,0.321129,0.321129,0.321129
2227,21060,112698,0.503131,0.321129,13,27,5,0.321129,0.321129,0.321129,0.321129,0.321129,0.321129,0.321129,0.321129,0.321129,0.321129,0.321129,0.321129,0.321129,0.321129,0.321129,0.321129,0.321129,0.321129,0.321129,0.321129
2228,21070,112744,0.503131,0.321129,13,27,5,0.321129,0.321129,0.321129,0.321129,0.321129,0.321129,0.321129,0.321129,0.321129,0.321129,0.321129,0.321129,0.321129,0.321129,0.321129,0.321129,0.321129,0.321129,0.321129,0.321129
2229,21080,112820,0.503131,0.321129,13,27,5,0.321129,0.321129,0.321129,0.321129,0.321129,0.321129,0.321129,0.321129,0.321129,0.321129,0.321129,0.321129,0.321129,0.321129,0.321129,0.321129,0.321129,0.321129,0.321129,0.321129
2230,21090,112821,0.503131,0.321129,13,27,5,0.321129,0.321129,0.321129,0.321129,0.321129,0.321129,0.321129,0.321129,0.321129,0.321129,0.321129,0.321129,0.321129,0.321129,0.321129,0.321129,0.321129,0.321129,0.321129,0.321129
2231,21100,112868,0.503131,0.321129,13,27,5,0.321129,0.321129,0.321129,0.321129,0.321129,0.321129,0.321129,0.321129,0.321129,0.321129,0.321129,0.321129,0.321129,0.321129,0.321129,0.321129,0.321129,0.321129,0.321129,0.321129
2232,21110,112877,0.503131,0.321129,13,27,5,0.321129,0.321129,0.321129,0.321129,0.321129,0.321129,0.321129,0.321129,0.321129,0.321129,0.321129,0.321129,0.321129,0.321129,0.321129,0.321129,0.321129,0.321129,0.321129,0.321129
2233,21120,112947,0.503131,0.321129,13,27,5,0.321129,0.321129,0.321129,0.321129,0.321129,0.321129,0.321129,0.321129,0.321129,0.321129,0.321129,0.321129,0.321129,0.321129,0.321129,0.321129,0.321129,0.321129,0.321129,0.321129
2234,21130,113146,0.503131,0.321129,13,27,5,0.321129,0.321129,0.321129,0.321129,0.321129,0.321129,0.321129,0.321129,0.321129,0.321129,0.321129,0.321129,0.321129,0.321129,0.321129,0.321129,0.321129,0.321129,0.321129,0.321129
2235,21140,113223,0.503131,0.321129,13,27,5,0.321129,0.321129,0.321129,0.321129,0.321129,0.321129,0.321129,0.321129,0.321129,0.321129,0.321129,0.321129,0.321129,0.321129,0.321129,0.321129,0.321129,0.321129,0.321129,0.321129
2236,21150,113233,0.503131,0.321129,13,27,5,0.321129,0.321129,0.321129,0.321129,0.321129,0.321129,0.321129,0.321129,0.321129,0.321129,0.321129,0.321129,0.321129,0.321129,0.321129,0.321129,0.321129,0.321129,0.321129,0.321129
2237,21160,113436,0.503131,0.321129,13,27,5,0.321129,0.321129,0.321129,0.321129,0.321129,0.321129,0.321129,0.321129,0.321129,0.321129,0.321129,0.321129,0.321129,0.321129,0.321129,0.321129,0.321129,0.321129,0.321129,0.321129
2238,21170,113446,0.503131,0.321129,13,27,5,0.321129,0.321129,0.321129,0.321129,0.321129,0.321129,0.321129,0.321129,0.321129,0.321129,0.321129,0.321129,0.321129,0.321129,0.321129,0.321129,0.321129,0.321129,0.321129,0.321129
2239,21180,113468,0.503131,0.321129,13,27,5,0.321129,0.321129,0.321129,0.321129,0.321129,0.321129,0.321129,0.321129,0.321129,0.321129,0.321129,0.321129,0.321129,0.321129,0.321129,0.321129,0.321129,0.321129,0.321129,0.321129
2240,21190,113498,0.503131,0.321129,13,27,5,0.321129,0.321129,0.321129,0.321129,0.321129,0.321129,0.321129,0.321129,0.321129,0.321129,0.321129,0.321129,0.321129,0.321129,0.321129,0.321129,0.321129,0.321129,0.321129,0.321129
2241,21200,113577,0.503131,0.321129,13,27,5,0.321129,0.321129,0.321129,0.321129,0.321129,0.321129,0.321129,0.321129,0.321129,0.321129,0.321129,0.321129,0.321129,0.321129,0.321129,0.321129,0.321129,0.321129,0.321129,0.321129
2242,21210,113868,0.503131,0.321129,13,27,5,0.321129,0.321129,0.321129,0.321129,0.321129,0.321129,0.321129,0.321129,0.321129,0.321129,0.321129,0.321129,0.321129,0.321129,0.321129,0.321129,0.321129,0.321129,0.321129,0.321129
2243,21220,113874,0.503131,0.321129,13,27,5,0.321129,0.321129,0.321129,0.321129,0.321129,0.321129,0.321129,0.321129,0.321129,0.321129,0.321129,0.321129,0.321129,0.321129,0.321129,0.321129,0.321129,0.321129,0.321129,0.321129
2244,21230,113879,0.503131,0.321129,13,27,5,0.321129,0.321129,0.321129,0.321129,0.321129,0.321129,0.321129,0.321129,0.321129,0.321129,0.321129,0.321129,0.321129,0.321129,0.321129,0.321129,0.321129,0.321129,0.321129,0.321129
2245,21240,113883,0.503131,0.321129,13,27,5,0.321129,0.321129,0.321129,0.321129,0.321129,0.321129,0.321129,0.321129,0.321129,0.321129,0.321129,0.321129,0.321129,0.321129,0.321129,0.321129,0.321129,0.321129,0.321129,0.321129
2246,21250,113943,0.503131,0.321129,13,27,5,0.321129,0.321129,0.321129,0.321129,0.321129,0.321129,0.321129,0.321129,0.321129,0.321129,0.321129,0.321129,0.321129,0.321129,0.321129,0.321129,0.321129,0.321129,0.321129,0.321129
2247,21260,114035,0.503131,0.321129,13,27,5,0.321129,0.321129,0.321129,0.321129,0.321129,0.321129,0.321129,0.321129,0.321129,0.321129,0.321129,0.321129,0.321129,0.321129,0.321129,0.321129,0.321129,0.321129,0.321129,0.321129
2248,21270,114058,0.503131,0.321129,13,27,5,0.321129,0.321129,0.321129,0.321129,0.321129,0.321129,0.321129,0.321129,0.321129,0.321129,0.321129,0.321129,0.321129,0.321129,0.321129,0.321129,0.321129,0.321129,0.321129,0.321129
2249,21280,114307,0.503131,0.321129,13,27,5,0.321129,0.321129,0.321129,0.321129,0.321129,0.321129,0.321129,0.321129,0.321129,0.321129,0.321129,0.321129,0.321129,0.321129,0.321129,0.321129,0.321129,0.321129,0.321129,0.321129
2250,21290,114318,0.503131,0.321129,13,27,5,0.321129,0.321129,0.321129,0.321129,0.321129,0.321129,0.321129,0.321129,0.321129,0.321129,0.321129,0.321129,0.321129,0.321129,0.321129,0.321129,0.321129,0.321129,0.321129,0.321129
2251,21300,114335,0.503131,0.321129,13,27,5,0.321129,0.321129,0.321129,0.321129,0.321129,0.321129,0.321129,0.321129,0.321129,0.321129,0.321129,0.321129,0.321129,0.321129,0.321129,0.321129,0.321129,0.321129,0.321129,0.321129
2252,21310,114373,0.503131,0.321129,13,27,5,0.321129,0.321129,0.321129,0.321129,0.321129,0.321129,0.321129,0.321129,0.321129,0.321129,0.321129,0.321129,0.321129,0.321129,0.321129,0.321129,0.321129,0.321129,0.321129,0.321129
2253,21320,114467,0.503131,0.321129,13,27,5,0.321129,0.321129,0.321129,0.321129,0.321129,0.321129,0.321129,0.321129,0.321129,0.321129,0.321129,0.321129,0.321129,0.321129,0.321129,0.321129,0.321129,0.321129,0.321129,0.321129
2254,21330,114599,0.503131,0.321129,13,27,5,0.321129,0.321129,0.321129,0.321129,0.321129,0.321129,0.321129,0.321129,0.321129,0.321129,0.321129,0.321129,0.321129,0.321129,0.321129,0.321129,0.321129,0.321129,0.321129,0.321129
2255,21340,114741,0.503131,0.321129,13,27,5,0.321129,0.321129,0.321129,0.321129,0.321129,0.321129,0.321129,0.321129,0.321129,0.321129,0.321129,0.321129,0.321129,0.321129,0.321129,0.321129,0.321129,0.321129,0.321129,0.321129
2256,21350,114821,0.503131,0.321129,13,27,5,0.321129,0.321129,0.321129,0.321129,0.321129,0.321129,0.321129,0.321129,0.321129,0.321129,0.321129,0.321129,0.321129,0.321129,0.321129,0.321129,0.321129,0.321129,0.321129,0.321129
2257,21360,114859,0.503131,0.321129,13,27,5,0.321129,0.321129,0.321129,0.321129,0.321129,0.321129,0.321129,0.321129,0.321129,0.321129,0.321129,0.321129,0.321129,0.321129,0.321129,0.321129,0.321129,0.321129,0.321129,0.321129
2258,21370,114868,0.503131,0.321129,13,27,5,0.321129,0.321129,0.321129,0.321129,0.321129,0.321129,0.321129,0.321129,0.321129,0.321129,0.321129,0.321129,0.321129,0.321129,0.321129,0.321129,0.321129,0.321129,0.321129,0.321129
2259,21380,114898,0.503131,0.321129,13,27,5,0.321129,0.321129,0.321129,0.321129,0.321129,0.321129,0.321129,0.321129,0.321129,0.321129,0.321129,0.321129,0.321129,0.321129,0.321129,0.321129,0.321129,0.321129,0.321129,0.321129
2260,21390,115129,0.503131,0.321129,13,27,5,0.321129,0.321129,0.321129,0.321129,0.321129,0.321129,0.321129,0.321129,0.321129,0.321129,0.321129,0.321129,0.321129,0.321129,0.321129,0.321129,0.321129,0.321129,0.321129,0.321129
2261,21400,115169,0.503131,0.321129,13,27,5,0.321129,0.321129,0.321129,0.321129,0.321129,0.321129,0.321129,0.321129,0.321129,0.321129,0.321129,0.321129,0.321129,0.321129,0.321129,0.321129,0.321129,0.321129,0.321129,0.321129
2262,21410,115303,0.503131,0.321129,13,27,5,0.321129,0.321129,0.321129,0.321129,0.321129,0.321129,0.321129,0.321129,0.321129,0.321129,0.321129,0.321129,0.321129,0.321129,0.321129,0.321129,0.321129,0.321129,0.321129,0.321129
2263,21420,115365,0.503131,0.321129,13,27,5,0.321129,0.321129,0.321129,0.321129,0.321129,0.321129,0.321129,0.321129,0.321129,0.321129,0.321129,0.321129,0.321129,0.321129,0.321129,0.321129,0.321129,0.321129,0.321129,0.321129
2264,21430,115368,0.503131,0.321129,13,27,5,0.321129,0.321129,0.321129,0.321129,0.321129,0.321129,0.321129,0.321129,0.321129,0.321129,0.321129,0.321129,0.321129,0.321129,0.321129,0.321129,0.321129,0.321129,0.321129,0.321129
2265,21440,115388,0.503131,0.321129,13,27,5,0.321129,0.321129,0.321129,0.321129,0.321129,0.321129,0.321129,0.321129,0.321129,0.321129,0.321129,0.321129,0.321129,0.321129,0.321129,0.321129,0.321129,0.321129,0.321129,0.321129
2266,21450,115566,0.503131,0.321129,13,27,5,0.321129,0.321129,0.321129,0.321129,0.321129,0.321129,0.321129,0.321129,0.321129,0.321129,0.321129,0.321129,0.321129,0.321129,0.321129,0.321129,0.321129,0.321129,0.321129,0.321129
2267,21460,115609,0.503131,0.321129,13,27,5,0.321129,0.321129,0.321129,0.321129,0.321129,0.321129,0.321129,0.321129,0.321129,0.321129,0.321129,0.321129,0.321129,0.321129,0.321129,0.321129,0.321129,0.321129,0.321129,0.321129
2268,21470,115618,0.503131,0.321129,13,27,5,0.321129,0.321129,0.321129,0.321129,0.321129,0.321129,0.321129,0.321129,0.321129,0.321129,0.321129,0.321129,0.321129,0.321129,0.321129,0.321129,0.321129,0.321129,0.321129,0.321129
2269,21480,115737,0.503131,0.321129,13,27,5,0.321129,0.321129,0.321129,0.321129,0.321129,0.321129,0.321129,0.321129,0.321129,0.321129,0.321129,0.321129,0.321129,0.321129,0.321129,0.321129,0.321129,0.321129,0.321129,0.321129
2270,21490,115844,0.503131,0.321129,13,27,5,0.321129,0.321129,0.321129,0.321129,0.321129,0.321129,0.321129,0.321129,0.321129,0.321129,0.321129,0.321129,0.321129,0.321129,0.321129,0.321129,0.321129,0.321129,0.321129,0.321129
2271,21500,115847,0.503131,0.321129,13,27,5,0.321129,0.321129,0.321129,0.321129,0.321129,0.321129,0.321129,0.321129,0.321129,0.321129,0.321129,0.321129,0.321129,0.321129,0.321129,0.321129,0.321129,0.321129,0.321129,0.321129
2272,21510,116006,0.503131,0.321129,13,27,5,0.321129,0.321129,0.321129,0.321129,0.321129,0.321129,0.321129,0.321129,0.321129,0.321129,0.321129,0.321129,0.321129,0.321129,0.321129,0.321129,0.321129,0.321129,0.321129,0.321129
2273,21520,116043,0.503131,0.321129,13,27,5,0.321129,0.321129,0.321129,0.321129,0.321129,0.321129,0.321129,0.321129,0.321129,0.321129,0.321129,0.321129,0.321129,0.321129,0.321129,0.321129,0.321129,0.321129,0.321129,0.321129
2274,21530,116077,0.503131,0.321129,13,27,5,0.321129,0.321129,0.321129,0.321129,0.321129,0.321129,0.321129,0.321129,0.321129,0.321129,0.321129,0.321129,0.321129,0.321129,0.321129,0.321129,0.321129,0.321129,0.321129,0.321129
2275,21540,116118,0.503131,0.321129,13,27,5,0.321129,0.321129,0.321129,0.321129,0.321129,0.321129,0.321129,0.321129,0.321129,0.321129,0.321129,0.321129,0.321129,0.321129,0.321129,0.321129,0.321129,0.321129,0.321129,0.321129
2276,21550,116220,0.503131,0.321129,13,27,5,0.321129,0.321129,0.321129,0.321129,0.321129,0.321129,0.321129,0.321129,0.321129,0.321129,0.321129,0.321129,0.321129,0.321129,0.321129,0.321129,0.321129,0.321129,0.321129,0.321129
2277,21560,116283,0.503131,0.321129,13,27,5,0.321129,0.321129,0.321129,0.321129,0.321129,0.321129,0.321129,0.321129,0.321129,0.321129,0.321129,0.321129,0.321129,0.321129,0.321129,0.321129,0.321129,0.321129,0.321129,0.321129
2278,21570,116455,0.503131,0.321129,13,27,5,0.321129,0.321129,0.321129,0.321129,0.321129,0.321129,0.321129,0.321129,0.321129,0.321129,0.321129,0.321129,0.321129,0.321129,0.321129,0.321129,0.321129,0.321129,0.321129,0.321129
2279,21580,116501,0.503131,0.321129,13,27,5,0.321129,0.321129,0.321129,0.321129,0.321129,0.321129,0.321129,0.321129,0.321129,0.321129,0.321129,0.321129,0.321129,0.321129,0.321129,0.321129,0.321129,0.321129,0.321129,0.321129
2280,21590,116544,0.503131,0.321129,13,27,5,0.321129,0.321129,0.321129,0.321129,0.321129,0.321129,0.321129,0.321129,0.321129,0.321129,0.321129,0.321129,0.321129,0.321129,0.321129,0.321129,0.321129,0.321129,0.321129,0.321129
2281,21600,116586,0.503131,0.321129,13,27,5,0.321129,0.321129,0.321129,0.321129,0.321129,0.321129,0.321129,0.321129,0.321129,0.321129,0.321129,0.321129,0.321129,0.321129,0.321129,0.321129,0.321129,0.321129,0.321129,0.321129
2282,21610,116643,0.503131,0.321129,13,27,5,0.321129,0.321129,0.321129,0.321129,0.321129,0.321129,0.321129,0.321129,0.321129,0.321129,0.321129,0.321129,0.321129,0.321129,0.321129,0.321129,0.321129,0.321129,0.321129,0.321129
2283,21620,116714,0.503131,0.321129,13,27,5,0.321129,0.321129,0.321129,0.321129,0.321129,0.321129,0.321129,0.321129,0.321129,0.321129,0.321129,0.321129,0.321129,0.321129,0.321129,0.321129,0.321129,0.321129,0.321129,0.321129
2284,21630,116768,0.503131,0.321129,13,27,5,0.321129,0.321129,0.321129,0.321129,0.321129,0.321129,0.321129,0.321129,0.321129,0.321129,0.321129,0.321129,0.321129,0.321129,0.321129,0.321129,0.321129,0.321129,0.321129,0.321129
2285,21640,116894,0.503131,0.321129,13,27,5,0.321129,0.321129,0.321129,0.321129,0.321129,0.321129,0.321129,0.321129,0.321129,0.321129,0.321129,0.321129,0.321129,0.321129,0.321129,0.321129,0.321129,0.321129,0.321129,0.321129
2286,21650,116906,0.503131,0.321129,13,27,5,0.321129,0.321129,0.321129,0.321129,0.321129,0.321129,0.321129,0.321129,0.321129,0.321129,0.321129,0.321129,0.321129,0.321129,0.321129,0.321129,0.321129,0.321129,0.321129,0.321129
2287,21660,117030,0.503131,0.321129,13,27,5,0.321129,0.321129,0.321129,0.321129,0.321129,0.321129,0.321129,0.321129,0.321129,0.321129,0.321129,0.321129,0.321129,0.321129,0.321129,0.321129,0.321129,0.321129,0.321129,0.321129
2288,21670,117092,0.503131,0.321129,13,27,5,0.321129,0.321129,0.321129,0.321129,0.321129,0.321129,0.321129,0.321129,0.321129,0.321129,0.321129,0.321129,0.321129,0.321129,0.321129,0.321129,0.321129,0.321129,0.321129,0.321129
2289,21680,117141,0.503131,0.321129,13,27,5,0.321129,0.321129,0.321129,0.321129,0.321129,0.321129,0.321129,0.321129,0.321129,0.321129,0.321129,0.321129,0.321129,0.321129,0.321129,0.321129,0.321129,0.321129,0.321129,0.321129
2290,21690,117161,0.503131,0.321129,13,27,5,0.321129,0.321129,0.321129,0.321129,0.321129,0.321129,0.321129,0.321129,0.321129,0.321129,0.321129,0.321129,0.321129,0.321129,0.321129,0.321129,0.321129,0.321129,0.321129,0.321129
2291,21700,117201,0.503131,0.321129,13,27,5,0.321129,0.321129,0.321129,0.321129,0.321129,0.321129,0.321129,0.321129,0.321129,0.321129,0.321129,0.321129,0.321129,0.321129,0.321129,0.321129,0.321129,0.321129,0.321129,0.321129
2292,21710,117306,0.503131,0.321129,13,27,5,0.321129,0.321129,0.321129,0.321129,0.321129,0.321129,0.321129,0.321129,0.321129,0.321129,0.321129,0.321129,0.321129,0.321129,0.321129,0.321129,0.321129,0.321129,0.321129,0.321129
2293,21720,117360,0.503131,0.321129,13,27,5,0.321129,0.321129,0.321129,0.321129,0.321129,0.321129,0.321129,0.321129,0.321129,0.321129,0.321129,0.321129,0.321129,0.321129,0.321129,0.321129,0.321129,0.321129,0.321129,0.321129
2294,21730,117479,0.503131,0.321129,13,27,5,0.321129,0.321129,0.321129,0.321129,0.321129,0.321129,0.321129,0.321129,0.321129,0.321129,0.321129,0.321129,0.321129,0.321129,0.321129,0.321129,0.321129,0.321129,0.321129,0.321129
2295,21740,117524,0.503131,0.321129,13,27,5,0.321129,0.321129,0.321129,0.321129,0.321129,0.321129,0.321129,0.321129,0.321129,0.321129,0.321129,0.321129,0.321129,0.321129,0.321129,0.321129,0.321129,0.321129,0.321129,0.321129
2296,21750,117585,0.503131,0.321129,13,27,5,0.321129,0.321129,0.321129,0.321129,0.321129,0.321129,0.321129,0.321129,0.321129,0.321129,0.321129,0.321129,0.321129,0.321129,0.321129,0.321129,0.321129,0.321129,0.321129,0.321129
2297,21760,117622,0.503131,0.321129,13,27,5,0.321129,0.321129,0.321129,0.321129,0.321129,0.321129,0.321129,0.321129,0.321129,0.321129,0.321129,0.321129,0.321129,0.321129,0.321129,0.321129,0.321129,0.321129,0.321129,0.321129
2298,21770,117628,0.503131,0.321129,13,27,5,0.321129,0.321129,0.321129,0.321129,0.321129,0.321129,0.321129,0.321129,0.321129,0.321129,0.321129,0.321129,0.321129,0.321129,0.321129,0.321129,0.321129,0.321129,0.321129,0.321129
2299,21780,117747,0.503131,0.321129,13,27,5,0.321129,0.321129,0.321129,0.321129,0.321129,0.321129,0.321129,0.321129,0.321129,0.321129,0.321129,0.321129,0.321129,0.321129,0.321129,0.321129,0.321129,0.321129,0.321129,0.321129
2300,21790,117790,0.503131,0.321129,13,27,5,0.321129,0.321129,0.321129,0.321129,0.321129,0.321129,0.321129,0.321129,0.321129,0.321129,0.321129,0.321129,0.321129,0.321129,0.321129,0.321129,0.321129,0.321129,0.321129,0.321129
2301,21800,117939,0.503131,0.321129,13,27,5,0.321129,0.321129,0.321129,0.321129,0.321129,0.321129,0.321129,0.321129,0.321129,0.321129,0.321129,0.321129,0.321129,0.321129,0.321129,0.321129,0.321129,0.321129,0.321129,0.321129
2302,21810,117966,0.503131,0.321129,13,27,5,0.321129,0.321129,0.321129,0.321129,0.321129,0.321129,0.321129,0.321129,0.321129,0.321129,0.321129,0.321129,0.321129,0.321129,0.321129,0.321129,0.321129,0.321129,0.321129,0.321129
2303,21820,117976,0.503131,0.321129,13,27,5,0.321129,0.321129,0.321129,0.321129,0.321129,0.321129,0.321129,0.321129,0.321129,0.321129,0.321129,0.321129,0.321129,0.321129,0.321129,0.321129,0.321129,0.321129,0.321129,0.321129
2304,21830,118017,0.503131,0.321129,13,27,5,0.321129,0.321129,0.321129,0.321129,0.321129,0.321129,0.321129,0.321129,0.321129,0.321129,0.321129,0.321129,0.321129,0.321129,0.321129,0.321129,0.321129,0.321129,0.321129,0.321129
2305,21840,118047,0.503131,0.321129,13,27,5,0.321129,0.321129,0.321129,0.321129,0.321129,0.321129,0.321129,0.321129,0.321129,0.321129,0.321129,0.321129,0.321129,0.321129,0.321129,0.321129,0.321129,0.321129,0.321129,0.321129
2306,21850,118242,0.503131,0.321129,13,27,5,0.321129,0.321129,0.321129,0.321129,0.321129,0.321129,0.321129,0.321129,0.321129,0.321129,0.321129,0.321129,0.321129,0.321129,0.321129,0.321129,0.321129,0.321129,0.321129,0.321129
2307,21860,118371,0.503131,0.321129,13,27,5,0.321129,0.321129,0.321129,0.321129,0.321129,0.321129,0.321129,0.321129,0.321129,0.321129,0.321129,0.321129,0.321129,0.321129,0.321129,0.321129,0.321129,0.321129,0.321129,0.321129
2308,21870,118376,0.503131,0.321129,13,27,5,0.321129,0.321129,0.321129,0.321129,0.321129,0.321129,0.321129,0.321129,0.321129,0.321129,0.321129,0.321129,0.321129,0.321129,0.321129,0.321129,0.321129,0.321129,0.321129,0.321129
2309,21880,118423,0.503131,0.321129,13,27,5,0.321129,0.321129,0.321129,0.321129,0.321129,0.321129,0.321129,0.321129,0.321129,0.321129,0.321129,0.321129,0.321129,0.321129,0.321129,0.321129,0.321129,0.321129,0.321129,0.321129
2310,21890,118502,0.503131,0.321129,13,27,5,0.321129,0.321129,0.321129,0.321129,0.321129,0.321129,0.321129,0.321129,0.321129,0.321129,0.321129,0.321129,0.321129,0.321129,0.321129,0.321129,0.321129,0.321129,0.321129,0.321129
2311,21900,118536,0.503131,0.321129,13,27,5,0.321129,0.321129,0.321129,0.321129,0.321129,0.321129,0.321129,0.321129,0.321129,0.321129,0.321129,0.321129,0.321129,0.321129,0.321129,0.321129,0.321129,0.321129,0.321129,0.321129
2312,21910,118541,0.503131,0.321129,13,27,5,0.321129,0.321129,0.321129,0.321129,0.321129,0.321129,0.321129,0.321129,0.321129,0.321129,0.321129,0.321129,0.321129,0.321129,0.321129,0.321129,0.321129,0.321129,0.321129,0.321129
2313,21920,118561,0.503131,0.321129,13,27,5,0.321129,0.321129,0.321129,0.321129,0.321129,0.321129,0.321129,0.321129,0.321129,0.321129,0.321129,0.321129,0.321129,0.321129,0.321129,0.321129,0.321129,0.321129,0.321129,0.321129
2314,21930,118814,0.503131,0.321129,13,27,5,0.321129,0.321129,0.321129,0.321129,0.321129,0.321129,0.321129,0.321129,0.321129,0.321129,0.321129,0.321129,0.321129,0.321129,0.321129,0.321129,0.321129,0.321129,0.321129,0.321129
2315,21940,118820,0.503131,0.321129,13,27,5,0.321129,0.321129,0.321129,0.321129,0.321129,0.321129,0.321129,0.321129,0.321129,0.321129,0.321129,0.321129,0.321129,0.321129,0.321129,0.321129,0.321129,0.321129,0.321129,0.321129
2316,21950,118912,0.503131,0.321129,13,27,5,0.321129,0.321129,0.321129,0.321129,0.321129,0.321129,0.321129,0.321129,0.321129,0.321129,0.321129,0.321129,0.321129,0.321129,0.321129,0.321129,0.321129,0.321129,0.321129,0.321129
2317,21960,118976,0.503131,0.321129,13,27,5,0.321129,0.321129,0.321129,0.321129,0.321129,0.321129,0.321129,0.321129,0.321129,0.321129,0.321129,0.321129,0.321129,0.321129,0.321129,0.321129,0.321129,0.321129,0.321129,0.321129
2318,21970,118986,0.503131,0.321129,13,27,5,0.321129,0.321129,0.321129,0.321129,0.321129,0.321129,0.321129,0.321129,0.321129,0.321129,0.321129,0.321129,0.321129,0.321129,0.321129,0.321129,0.321129,0.321129,0.321129,0.321129
2319,21980,119001,0.503131,0.321129,13,27,5,0.321129,0.321129,0.321129,0.321129,0.321129,0.321129,0.321129,0.321129,0.321129,0.321129,0.321129,0.321129,0.321129,0.321129,0.321129,0.321129,0.321129,0.321129,0.321129,0.321129
2320,21990,119012,0.503131,0.321129,13,27,5,0.321129,0.321129,0.321129,0.321129,0.321129,0.321129,0.321129,0.321129,0.321129,0.321129,0.321129,0.321129,0.321129,0.321129,0.321129,0.321129,0.321129,0.321129,0.321129,0.321129
2321,22000,119211,0.503131,0.321129,13,27,5,0.321129,0.321129,0.321129,0.321129,0.321129,0.321129,0.321129,0.321129,0.321129,0.321129,0.321129,0.321129,0.321129,0.321129,0.321129,0.321129,0.321129,0.321129,0.321129,0.321129
2322,22010,119415,0.503131,0.321129,13,27,5,0.321129,0.321129,0.321129,0.321129,0.321129,0.321129,0.321129,0.321129,0.321129,0.321129,0.321129,0.321129,0.321129,0.321129,0.321129,0.321129,0.321129,0.321129,0.321129,0.321129
2323,22020,119421,0.503131,0.321129,13,27,5,0.321129,0.321129,0.321129,0.321129,0.321129,0.321129,0.321129,0.321129,0.321129,0.321129,0.321129,0.321129,0.321129,0.321129,0.321129,0.321129,0.321129,0.321129,0.321129,0.321129
2324,22030,119447,0.503131,0.321129,13,27,5,0.321129,0.321129,0.321129,0.321129,0.321129,0.321129,0.321129,0.321129,0.321129,0.321129,0.321129,0.321129,0.321129,0.321129,0.321129,0.321129,0.321129,0.321129,0.321129,0.321129
2325,22040,119541,0.503131,0.321129,13,27,5,0.321129,0.321129,0.321129,0.321129,0.321129,0.321129,0.321129,0.321129,0.321129,0.321129,0.321129,0.321129,0.321129,0.321129,0.321129,0.321129,0.321129,0.321129,0.321129,0.321129
2326,22050,119580,0.503131,0.321129,13,27,5,0.321129,0.321129,0.321129,0.321129,0.321129,0.321129,0.321129,0.321129,0.321129,0.321129,0.321129,0.321129,0.321129,0.321129,0.321129,0.321129,0.321129,0.321129,0.321129,0.321129
2327,22060,119653,0.503131,0.321129,13,27,5,0.321129,0.321129,0.321129,0.321129,0.321129,0.321129,0.321129,0.321129,0.321129,0.321129,0.321129,0.321129,0.321129,0.321129,0.321129,0.321129,0.321129,0.321129,0.321129,0.321129
2328,22070,119737,0.503131,0.321129,13,27,5,0.321129,0.321129,0.321129,0.321129,0.321129,0.321129,0.321129,0.321129,0.321129,0.321129,0.321129,0.321129,0.321129,0.321129,0.321129,0.321129,0.321129,0.321129,0.321129,0.321129
2329,22080,119749,0.503131,0.321129,13,27,5,0.321129,0.321129,0.321129,0.321129,0.321129,0.321129,0.321129,0.321129,0.321129,0.321129,0.321129,0.321129,0.321129,0.321129,0.321129,0.321129,0.321129,0.321129,0.321129,0.321129
2330,22090,119910,0.503131,0.321129,13,27,5,0.321129,0.321129,0.321129,0.321129,0.321129,0.321129,0.321129,0.321129,0.321129,0.321129,0.321129,0.321129,0.321129,0.321129,0.321129,0.321129,0.321129,0.321129,0.321129,0.321129
2331,22100,119987,0.503131,0.321129,13,27,5,0.321129,0.321129,0.321129,0.321129,0.321129,0.321129,0.321129,0.321129,0.321129,0.321129,0.321129,0.321129,0.321129,0.321129,0.321129,0.321129,0.321129,0.321129,0.321129,0.321129
2332,22110,120070,0.503131,0.321129,13,27,5,0.321129,0.321129,0.321129,0.321129,0.321129,0.321129,0.321129,0.321129,0.321129,0.321129,0.321129,0.321129,0.321129,0.321129,0.321129,0.321129,0.321129,0.321129,0.321129,0.321129
2333,22120,120110,0.503131,0.321129,13,27,5,0.321129,0.321129,0.321129,0.321129,0.321129,0.321129,0.321129,0.321129,0.321129,0.321129,0.321129,0.321129,0.321129,0.321129,0.321129,0.321129,0.321129,0.321129,0.321129,0.321129
2334,22130,120139,0.503131,0.321129,13,27,5,0.321129,0.321129,0.321129,0.321129,0.321129,0.321129,0.321129,0.321129,0.321129,0.321129,0.321129,0.321129,0.321129,0.321129,0.321129,0.321129,0.321129,0.321129,0.321129,0.321129
2335,22140,120205,0.503131,0.321129,13,27,5,0.321129,0.321129,0.321129,0.321129,0.321129,0.321129,0.321129,0.321129,0.321129,0.321129,0.321129,0.321129,0.321129,0.321129,0.321129,0.321129,0.321129,0.321129,0.321129,0.321129
2336,22150,120343,0.503131,0.321129,13,27,5,0.321129,0.321129,0.321129,0.321129,0.321129,0.321129,0.321129,0.321129,0.321129,0.321129,0.321129,0.321129,0.321129,0.321129,0.321129,0.321129,0.321129,0.321129,0.321129,0.321129
2337,22160,120350,0.503131,0.321129,13,27,5,0.321129,0.321129,0.321129,0.321129,0.321129,0.321129,0.321129,0.321129,0.321129,0.321129,0.321129,0.321129,0.321129,0.321129,0.321129,0.321129,0.321129,0.321129,0.321129,0.321129
2338,22170,120563,0.503131,0.321129,13,27,5,0.321129,0.321129,0.321129,0.321129,0.321129,0.321129,0.321129,0.321129,0.321129,0.321129,0.321129,0.321129,0.321129,0.321129,0.321129,0.321129,0.321129,0.321129,0.321129,0.321129
2339,22180,120574,0.503131,0.321129,13,27,5,0.321129,0.321129,0.321129,0.321129,0.321129,0.321129,0.321129,0.321129,0.321129,0.321129,0.321129,0.321129,0.321129,0.321129,0.321129,0.321129,0.321129,0.321129,0.321129,0.321129
2340,22190,120599,0.503131,0.321129,13,27,5,0.321129,0.321129,0.321129,0.321129,0.321129,0.321129,0.321129,0.321129,0.321129,0.321129,0.321129,0.321129,0.321129,0.321129,0.321129,0.321129,0.321129,0.321129,0.321129,0.321129
2341,22200,120615,0.503131,0.321129,13,27,5,0.321129,0.321129,0.321129,0.321129,0.321129,0.321129,0.321129,0.321129,0.321129,0.321129,0.321129,0.321129,0.321129,0.321129,0.321129,0.321129,0.321129,0.321129,0.321129,0.321129
2342,22210,120662,0.503131,0.321129,13,27,5,0.321129,0.321129,0.321129,0.321129,0.321129,0.321129,0.321129,0.321129,0.321129,0.321129,0.321129,0.321129,0.321129,0.321129,0.321129,0.321129,0.321129,0.321129,0.321129,0.321129
2343,22220,120771,0.503131,0.321129,13,27,5,0.321129,0.321129,0.321129,0.321129,0.321129,0.321129,0.321129,0.321129,0.321129,0.321129,0.321129,0.321129,0.321129,0.321129,0.321129,0.321129,0.321129,0.321129,0.321129,0.321129
2344,22230,120783,0.503131,0.321129,13,27,5,0.321129,0.321129,0.321129,0.321129,0.321129,0.321129,0.321129,0.321129,0.321129,0.321129,0.321129,0.321129,0.321129,0.321129,0.321129,0.321129,0.321129,0.321129,0.321129,0.321129
2345,22240,120932,0.503131,0.321129,13,27,5,0.321129,0.321129,0.321129,0.321129,0.321129,0.321129,0.321129,0.321129,0.321129,0.321129,0.321129,0.321129,0.321129,0.321129,0.321129,0.321129,0.321129,0.321129,0.321129,0.321129
2346,22250,121022,0.503131,0.321129,13,27,5,0.321129,0.321129,0.321129,0.321129,0.321129,0.321129,0.321129,0.321129,0.321129,0.321129,0.321129,0.321129,0.321129,0.321129,0.321129,0.321129,0.321129,0.321129,0.321129,0.321129
2347,22260,121036,0.503131,0.321129,13,27,5,0.321129,0.321129,0.321129,0.321129,0.321129,0.321129,0.321129,0.321129,0.321129,0.321129,0.321129,0.321129,0.321129,0.321129,0.321129,0.321129,0.321129,0.321129,0.321129,0.321129
2348,22270,121056,0.503131,0.321129,13,27,5,0.321129,0.321129,0.321129,0.321129,0.321129,0.321129,0.321129,0.321129,0.321129,0.321129,0.321129,0.321129,0.321129,0.321129,0.321129,0.321129,0.321129,0.321129,0.321129,0.321129
2349,22280,121112,0.503131,0.321129,13,27,5,0.321129,0.321129,0.321129,0.321129,0.321129,0.321129,0.321129,0.321129,0.321129,0.321129,0.321129,0.321129,0.321129,0.321129,0.321129,0.321129,0.321129,0.321129,0.321129,0.321129
2350,22290,121286,0.503131,0.321129,13,27,5,0.321129,0.321129,0.321129,0.321129,0.321129,0.321129,0.321129,0.321129,0.321129,0.321129,0.321129,0.321129,0.321129,0.321129,0.321129,0.321129,0.321129,0.321129,0.321129,0.321129
2351,22300,121295,0.503131,0.321129,13,27,5,0.321129,0.321129,0.321129,0.321129,0.321129,0.321129,0.321129,0.321129,0.321129,0.321129,0.321129,0.321129,0.321129,0.321129,0.321129,0.321129,0.321129,0.321129,0.321129,0.321129
2352,22310,121460,0.503131,0.321129,13,27,5,0.321129,0.321129,0.321129,0.321129,0.321129,0.321129,0.321129,0.321129,0.321129,0.321129,0.321129,0.321129,0.321129,0.321129,0.321129,0.321129,0.321129,0.321129,0.321129,0.321129
2353,22320,121491,0.503131,0.321129,13,27,5,0.321129,0.321129,0.321129,0.321129,0.321129,0.321129,0.321129,0.321129,0.321129,0.321129,0.321129,0.321129,0.321129,0.321129,0.321129,0.321129,0.321129,0.321129,0.321129,0.321129
2354,22330,121503,0.503131,0.321129,13,27,5,0.321129,0.321129,0.321129,0.321129,0.321129,0.321129,0.321129,0.321129,0.321129,0.321129,0.321129,0.321129,0.321129,0.321129,0.321129,0.321129,0.321129,0.321129,0.321129,0.321129
2355,22340,121593,0.503131,0.321129,13,27,5,0.321129,0.321129,0.321129,0.321129,0.321129,0.321129,0.321129,0.321129,0.321129,0.321129,0.321129,0.321129,0.321129,0.321129,0.321129,0.321129,0.321129,0.321129,0.321129,0.321129
2356,22350,121600,0.503131,0.321129,13,27,5,0.321129,0.321129,0.321129,0.321129,0.321129,0.321129,0.321129,0.321129,0.321129,0.321129,0.321129,0.321129,0.321129,0.321129,0.321129,0.321129,0.321129,0.321129,0.321129,0.321129
2357,22360,121608,0.503131,0.321129,13,27,5,0.321129,0.321129,0.321129,0.321129,0.321129,0.321129,0.321129,0.321129,0.321129,0.321129,0.321129,0.321129,0.321129,0.321129,0.321129,0.321129,0.321129,0.321129,0.321129,0.321129
2358,22370,121791,0.503131,0.321129,13,27,5,0.321129,0.321129,0.321129,0.321129,0.321129,0.321129,0.321129,0.321129,0.321129,0.321129,0.321129,0.321129,0.321129,0.321129,0.321129,0.321129,0.321129,0.321129,0.321129,0.321129
2359,22380,121856,0.503131,0.321129,13,27,5,0.321129,0.321129,0.321129,0.321129,0.321129,0.321129,0.321129,0.321129,0.321129,0.321129,0.321129,0.321129,0.321129,0.321129,0.321129,0.321129,0.321129,0.321129,0.321129,0.321129
2360,22390,121937,0.503131,0.321129,13,27,5,0.321129,0.321129,0.321129,0.321129,0.321129,0.321129,0.321129,0.321129,0.321129,0.321129,0.321129,0.321129,0.321129,0.321129,0.321129,0.321129,0.321129,0.321129,0.321129,0.321129
2361,22400,121996,0.503131,0.321129,13,27,5,0.321129,0.321129,0.321129,0.321129,0.321129,0.321129,0.321129,0.321129,0.321129,0.321129,0.321129,0.321129,0.321129,0.321129,0.321129,0.321129,0.321129,0.321129,0.321129,0.321129
2362,22410,122011,0.503131,0.321129,13,27,5,0.321129,0.321129,0.321129,0.321129,0.321129,0.321129,0.321129,0.321129,0.321129,0.321129,0.321129,0.321129,0.321129,0.321129,0.321129,0.321129,0.321129,0.321129,0.321129,0.321129
2363,22420,122117,0.503131,0.321129,13,27,5,0.321129,0.321129,0.321129,0.321129,0.321129,0.321129,0.321129,0.321129,0.321129,0.321129,0.321129,0.321129,0.321129,0.321129,0.321129,0.321129,0.321129,0.321129,0.321129,0.321129
2364,22430,122193,0.503131,0.321129,13,27,5,0.321129,0.321129,0.321129,0.321129,0.321129,0.321129,0.321129,0.321129,0.321129,0.321129,0.321129,0.321129,0.321129,0.321129,0.321129,0.321129,0.321129,0.321129,0.321129,0.321129
2365,22440,122229,0.503131,0.321129,13,27,5,0.321129,0.321129,0.321129,0.321129,0.321129,0.321129,0.321129,0.321129,0.321129,0.321129,0.321129,0.321129,0.321129,0.321129,0.321129,0.321129,0.321129,0.321129,0.321129,0.321129
2366,22450,122288,0.503131,0.321129,13,27,5,0.321129,0.321129,0.321129,0.321129,0.321129,0.321129,0.321129,0.321129,0.321129,0.321129,0.321129,0.321129,0.321129,0.321129,0.321129,0.321129,0.321129,0.321129,0.321129,0.321129
2367,22460,122467,0.503131,0.321129,13,27,5,0.321129,0.321129,0.321129,0.321129,0.321129,0.321129,0.321129,0.321129,0.321129,0.321129,0.321129,0.321129,0.321129,0.321129,0.321129,0.321129,0.321129,0.321129,0.321129,0.321129
2368,22470,122521,0.503131,0.321129,13,27,5,0.321129,0.321129,0.321129,0.321129,0.321129,0.321129,0.321129,0.321129,0.321129,0.321129,0.321129,0.321129,0.321129,0.321129,0.321129,0.321129,0.321129,0.321129,0.321129,0.321129
2369,22480,122543,0.503131,0.321129,13,27,5,0.321129,0.321129,0.321129,0.321129,0.321129,0.321129,0.321129,0.321129,0.321129,0.321129,0.321129,0.321129,0.321129,0.321129,0.321129,0.321129,0.321129,0.321129,0.321129,0.321129
2370,22490,122605,0.503131,0.321129,13,27,5,0.321129,0.321129,0.321129,0.321129,0.321129,0.321129,0.321129,0.321129,0.321129,0.321129,0.321129,0.321129,0.321129,0.321129,0.321129,0.321129,0.321129,0.321129,0.321129,0.321129
2371,22500,122649,0.503131,0.321129,13,27,5,0.321129,0.321129,0.321129,0.321129,0.321129,0.321129,0.321129,0.321129,0.321129,0.321129,0.321129,0.321129,0.321129,0.321129,0.321129,0.321129,0.321129,0.321129,0.321129,0.321129
2372,22510,122686,0.503131,0.321129,13,27,5,0.321129,0.321129,0.321129,0.321129,0.321129,0.321129,0.321129,0.321129,0.321129,0.321129,0.321129,0.321129,0.321129,0.321129,0.321129,0.321129,0.321129,0.321129,0.321129,0.321129
2373,22520,122968,0.503131,0.321129,13,27,5,0.321129,0.321129,0.321129,0.321129,0.321129,0.321129,0.321129,0.321129,0.321129,0.321129,0.321129,0.321129,0.321129,0.321129,0.321129,0.321129,0.321129,0.321129,0.321129,0.321129
2374,22530,123091,0.503131,0.321129,13,27,5,0.321129,0.321129,0.321129,0.321129,0.321129,0.321129,0.321129,0.321129,0.321129,0.321129,0.321129,0.321129,0.321129,0.321129,0.321129,0.321129,0.321129,0.321129,0.321129,0.321129
2375,22540,123104,0.503131,0.321129,13,27,5,0.321129,0.321129,0.321129,0.321129,0.321129,0.321129,0.321129,0.321129,0.321129,0.321129,0.321129,0.321129,0.321129,0.321129,0.321129,0.321129,0.321129,0.321129,0.321129,0.321129
2376,22550,123116,0.503131,0.321129,13,27,5,0.321129,0.321129,0.321129,0.321129,0.321129,0.321129,0.321129,0.321129,0.321129,0.321129,0.321129,0.321129,0.321129,0.321129,0.321129,0.321129,0.321129,0.321129,0.321129,0.321129
2377,22560,123143,0.503131,0.321129,13,27,5,0.321129,0.321129,0.321129,0.321129,0.321129,0.321129,0.321129,0.321129,0.321129,0.321129,0.321129,0.321129,0.321129,0.321129,0.321129,0.321129,0.321129,0.321129,0.321129,0.321129
2378,22570,123246,0.503131,0.321129,13,27,5,0.321129,0.321129,0.321129,0.321129,0.321129,0.321129,0.321129,0.321129,0.321129,0.321129,0.321129,0.321129,0.321129,0.321129,0.321129,0.321129,0.321129,0.321129,0.321129,0.321129
2379,22580,123413,0.503131,0.321129,13,27,5,0.321129,0.321129,0.321129,0.321129,0.321129,0.321129,0.321129,0.321129,0.321129,0.321129,0.321129,0.321129,0.321129,0.321129,0.321129,0.321129,0.321129,0.321129,0.321129,0.321129
2380,22590,123485,0.503131,0.321129,13,27,5,0.321129,0.321129,0.321129,0.321129,0.321129,0.321129,0.321129,0.321129,0.321129,0.321129,0.321129,0.321129,0.321129,0.321129,0.321129,0.321129,0.321129,0.321129,0.321129,0.321129
2381,22600,123558,0.503131,0.321129,13,27,5,0.321129,0.321129,0.321129,0.321129,0.321129,0.321129,0.321129,0.321129,0.321129,0.321129,0.321129,0.321129,0.321129,0.321129,0.321129,0.321129,0.321129,0.321129,0.321129,0.321129
2382,22610,123676,0.503131,0.321129,13,27,5,0.321129,0.321129,0.321129,0.321129,0.321129,0.321129,0.321129,0.321129,0.321129,0.321129,0.321129,0.321129,0.321129,0.321129,0.321129,0.321129,0.321129,0.321129,0.321129,0.321129
2383,22620,123836,0.503131,0.321129,13,27,5,0.321129,0.321129,0.321129,0.321129,0.321129,0.321129,0.321129,0.321129,0.321129,0.321129,0.321129,0.321129,0.321129,0.321129,0.321129,0.321129,0.321129,0.321129,0.321129,0.321129
2384,22630,123842,0.503131,0.321129,13,27,5,0.321129,0.321129,0.321129,0.321129,0.321129,0.321129,0.321129,0.321129,0.321129,0.321129,0.321129,0.321129,0.321129,0.321129,0.321129,0.321129,0.321129,0.321129,0.321129,0.321129
2385,22640,123861,0.503131,0.321129,13,27,5,0.321129,0.321129,0.321129,0.321129,0.321129,0.321129,0.321129,0.321129,0.321129,0.321129,0.321129,0.321129,0.321129,0.321129,0.321129,0.321129,0.321129,0.321129,0.321129,0.321129
2386,22650,124055,0.503131,0.321129,13,27,5,0.321129,0.321129,0.321129,0.321129,0.321129,0.321129,0.321129,0.321129,0.321129,0.321129,0.321129,0.321129,0.321129,0.321129,0.321129,0.321129,0.321129,0.321129,0.321129,0.321129
2387,22660,124194,0.503131,0.321129,13,27,5,0.321129,0.321129,0.321129,0.321129,0.321129,0.321129,0.321129,0.321129,0.321129,0.321129,0.321129,0.321129,0.321129,0.321129,0.321129,0.321129,0.321129,0.321129,0.321129,0.321129
2388,22670,124236,0.503131,0.321129,13,27,5,0.321129,0.321129,0.321129,0.321129,0.321129,0.321129,0.321129,0.321129,0.321129,0.321129,0.321129,0.321129,0.321129,0.321129,0.321129,0.321129,0.321129,0.321129,0.321129,0.321129
2389,22680,124277,0.503131,0.321129,13,27,5,0.321129,0.321129,0.321129,0.321129,0.321129,0.321129,0.321129,0.321129,0.321129,0.321129,0.321129,0.321129,0.321129,0.321129,0.321129,0.321129,0.321129,0.321129,0.321129,0.321129
2390,22690,124303,0.503131,0.321129,13,27,5,0.321129,0.321129,0.321129,0.321129,0.321129,0.321129,0.321129,0.321129,0.321129,0.321129,0.321129,0.321129,0.321129,0.321129,0.321129,0.321129,0.321129,0.321129,0.321129,0.321129
2391,22700,124346,0.503131,0.321129,13,27,5,0.321129,0.321129,0.321129,0.321129,0.321129,0.321129,0.321129,0.321129,0.321129,0.321129,0.321129,0.321129,0.321129,0.321129,0.321129,0.321129,0.321129,0.321129,0.321129,0.321129
2392,22710,124392,0.503131,0.321129,13,27,5,0.321129,0.321129,0.321129,0.321129,0.321129,0.321129,0.321129,0.321129,0.321129,0.321129,0.321129,0.321129,0.321129,0.321129,0.321129,0.321129,0.321129,0.321129,0.321129,0.321129
2393,22720,124566,0.503131,0.321129,13,27,5,0.321129,0.321129,0.321129,0.321129,0.321129,0.321129,0.321129,0.321129,0.321129,0.321129,0.321129,0.321129,0.321129,0.321129,0.321129,0.321129,0.321129,0.321129,0.321129,0.321129
2394,22730,124727,0.503131,0.321129,13,27,5,0.321129,0.321129,0.321129,0.321129,0.321129,0.321129,0.321129,0.321129,0.321129,0.321129,0.321129,0.321129,0.321129,0.321129,0.321129,0.321129,0.321129,0.321129,0.321129,0.321129
2395,22740,124749,0.503131,0.321129,13,27,5,0.321129,0.321129,0.321129,0.321129,0.321129,0.321129,0.321129,0.321129,0.321129,0.321129,0.321129,0.321129,0.321129,0.321129,0.321129,0.321129,0.321129,0.321129,0.321129,0.321129
2396,22750,124783,0.503131,0.321129,13,27,5,0.321129,0.321129,0.321129,0.321129,0.321129,0.321129,0.321129,0.321129,0.321129,0.321129,0.321129,0.321129,0.321129,0.321129,0.321129,0.321129,0.321129,0.321129,0.321129,0.321129
2397,22760,124830,0.503131,0.321129,13,27,5,0.321129,0.321129,0.321129,0.321129,0.321129,0.321129,0.321129,0.321129,0.321129,0.321129,0.321129,0.321129,0.321129,0.321129,0.321129,0.321129,0.321129,0.321129,0.321129,0.321129
2398,22770,124841,0.503131,0.321129,13,27,5,0.321129,0.321129,0.321129,0.321129,0.321129,0.321129,0.321129,0.321129,0.321129,0.321129,0.321129,0.321129,0.321129,0.321129,0.321129,0.321129,0.321129,0.321129,0.321129,0.321129
2399,22780,124934,0.503131,0.321129,13,27,5,0.321129,0.321129,0.321129,0.321129,0.321129,0.321129,0.321129,0.321129,0.321129,0.321129,0.321129,0.321129,0.321129,0.321129,0.321129,0.321129,0.321129,0.321129,0.321129,0.321129
2400,22790,124990,0.503131,0.321129,13,27,5,0.321129,0.321129,0.321129,0.321129,0.321129,0.321129,0.321129,0.321129,0.321129,0.321129,0.321129,0.321129,0.321129,0.321129,0.321129,0.321129,0.321129,0.321129,0.321129,0.321129
2401,22800,125039,0.503131,0.321129,13,27,5,10000000.000000,10000000.000000,0.321129,0.321129,0.321129,0.321129,0.321129,0.321129,0.321129,0.321129,0.321129,0.321129,0.321129,0.321129,0.321129,0.321129,0.321129,0.321129,0.321129,0.321129
2402,22810,125230,0.503131,0.321129,13,27,5,10000000.000000,10000000.000000,0.321129,0.321129,0.321129,0.321129,0.321129,0.321129,0.321129,0.321129,0.321129,0.321129,0.321129,0.321129,0.321129,0.321129,0.321129,0.321129,0.321129,0.321129
2403,22820,125250,0.503131,0.321129,13,27,5,10000000.000000,10000000.000000,0.321129,0.321129,0.321129,0.321129,0.321129,0.321129,0.321129,0.321129,0.321129,0.321129,0.321129,0.321129,0.321129,0.321129,0.321129,0.321129,0.321129,0.321129
2404,22830,125308,0.503131,0.321129,13,27,5,10000000.000000,10000000.000000,0.321129,0.321129,0.321129,0.321129,0.321129,0.321129,0.321129,0.321129,0.321129,0.321129,0.321129,0.321129,0.321129,0.321129,0.321129,0.321129,0.321129,0.321129
2405,22840,125321,0.503131,0.321129,13,27,5,10000000.000000,10000000.000000,0.321129,0.321129,0.321129,0.321129,0.321129,0.321129,0.321129,0.321129,0.321129,0.321129,0.321129,0.321129,0.321129,0.321129,0.321129,0.321129,0.321129,0.321129
2406,22850,125384,0.503131,0.321129,13,27,5,10000000.000000,10000000.000000,0.321129,0.321129,0.321129,0.321129,0.321129,0.321129,0.321129,0.321129,0.321129,0.321129,0.321129,0.321129,0.321129,0.321129,0.321129,0.321129,0.321129,0.321129
2407,22860,125418,0.503131,0.321129,13,27,5,10000000.000000,10000000.000000,0.321129,0.321129,0.321129,0.321129,0.321129,0.321129,0.321129,0.321129,0.321129,0.321129,0.321129,0.321129,0.321129,0.321129,0.321129,0.321129,0.321129,0.321129
2408,22870,125503,0.503131,0.321129,13,27,5,10000000.000000,10000000.000000,0.321129,0.321129,0.321129,0.321129,0.321129,0.321129,0.321129,0.321129,0.321129,0.321129,0.321129,0.321129,0.321129,0.321129,0.321129,0.321129,0.321129,0.321129
2409,22880,125547,0.503131,0.321129,13,27,5,10000000.000000,10000000.000000,0.321129,0.321129,0.321129,0.321129,0.321129,0.321129,0.321129,0.321129,0.321129,0.321129,0.321129,0.321129,0.321129,0.321129,0.321129,0.321129,0.321129,0.321129
2410,22890,125759,0.503131,0.321129,13,27,5,10000000.000000,10000000.000000,0.321129,0.321129,0.321129,0.321129,0.321129,0.321129,0.321129,0.321129,0.321129,0.321129,0.321129,0.321129,0.321129,0.321129,0.321129,0.321129,0.321129,0.321129
2411,22900,125782,0.503131,0.321129,13,27,5,10000000.000000,10000000.000000,0.321129,0.321129,0.321129,0.321129,0.321129,0.321129,0.321129,0.321129,0.321129,0.321129,0.321129,0.321129,0.321129,0.321129,0.321129,0.321129,0.321129,0.321129
2412,22910,125858,0.503131,0.321129,13,27,5,10000000.000000,10000000.000000,0.321129,0.321129,0.321129,0.321129,0.321129,0.321129,0.321129,0.321129,0.321129,0.321129,0.321129,0.321129,0.321129,0.321129,0.321129,0.321129,0.321129,0.321129
2413,22920,125912,0.503131,0.321129,13,27,5,10000000.000000,10000000.000000,0.321129,0.321129,0.321129,0.321129,0.321129,0.321129,0.321129,0.321129,0.321129,0.321129,0.321129,0.321129,0.321129,0.321129,0.321129,0.321129,0.321129,0.321129
2414,22930,125937,0.503131,0.321129,13,27,5,10000000.000000,10000000.000000,0.321129,0.321129,0.321129,0.321129,0.321129,0.321129,0.321129,0.321129,0.321129,0.321129,0.321129,0.321129,0.321129,0.321129,0.321129,0.321129,0.321129,0.321129
2415,22940,126001,0.503131,0.321129,13,27,5,10000000.000000,10000000.000000,0.321129,0.321129,0.321129,0.321129,0.321129,0.321129,0.321129,0.321129,0.321129,0.321129,0.321129,0.321129,0.321129,0.321129,0.321129,0.321129,0.321129,0.321129
2416,22950,126026,0.503131,0.321129,13,27,5,10000000.000000,10000000.000000,0.321129,0.321129,0.321129,0.321129,0.321129,0.321129,0.321129,0.321129,0.321129,0.321129,0.321129,0.321129,0.321129,0.321129,0.321129,0.321129,0.321129,0.321129
2417,22960,126209,0.503131,0.321129,13,27,5,0.321129,0.321129,0.321129,0.321129,0.321129,0.321129,0.321129,0.321129,0.321129,0.321129,0.321129,0.321129,0.321129,0.321129,0.321129,0.321129,0.321129,0.321129,0.321129,0.321129
2418,22970,126276,0.503131,0.321129,13,27,5,0.321129,0.321129,0.321129,0.321129,0.321129,0.321129,0.321129,0.321129,0.321129,0.321129,0.321129,0.321129,0.321129,0.321129,0.321129,0.321129,0.321129,0.321129,0.321129,0.321129
2419,22980,126367,0.503131,0.321129,13,27,5,0.321129,0.321129,0.321129,0.321129,0.321129,0.321129,0.321129,0.321129,0.321129,0.321129,0.321129,0.321129,0.321129,0.321129,0.321129,0.321129,0.321129,0.321129,0.321129,0.321129
2420,22990,126414,0.503131,0.321129,13,27,5,0.321129,0.321129,0.321129,0.321129,0.321129,0.321129,0.321129,0.321129,0.321129,0.321129,0.321129,0.321129,0.321129,0.321129,0.321129,0.321129,0.321129,0.321129,0.321129,0.321129
2421,23000,126454,0.503131,0.321129,13,27,5,0.321129,0.321129,0.321129,0.321129,0.321129,0.321129,0.321129,0.321129,0.321129,0.321129,0.321129,0.321129,0.321129,0.321129,0.321129,0.321129,0.321129,0.321129,0.321129,0.321129
2422,23010,126561,0.503131,0.321129,13,27,5,0.321129,0.321129,0.321129,0.321129,0.321129,0.321129,0.321129,0.321129,0.321129,0.321129,0.321129,0.321129,0.321129,0.321129,0.321129,0.321129,0.321129,0.321129,0.321129,0.321129
2423,23020,126571,0.503131,0.321129,13,27,5,0.321129,0.321129,0.321129,0.321129,0.321129,0.321129,0.321129,0.321129,0.321129,0.321129,0.321129,0.321129,0.321129,0.321129,0.321129,0.321129,0.321129,0.321129,0.321129,0.321129
2424,23030,126710,0.503131,0.321129,13,27,5,0.321129,0.321129,0.321129,0.321129,0.321129,0.321129,0.321129,0.321129,0.321129,0.321129,0.321129,0.321129,0.321129,0.321129,0.321129,0.321129,0.321129,0.321129,0.321129,0.321129
2425,23040,126711,0.503131,0.321129,13,27,5,0.321129,0.321129,0.321129,0.321129,0.321129,0.321129,0.321129,0.321129,0.321129,0.321129,0.321129,0.321129,0.321129,0.321129,0.321129,0.321129,0.321129,0.321129,0.321129,0.321129
2426,23050,126799,0.503131,0.321129,13,27,5,0.321129,0.321129,0.321129,0.321129,0.321129,0.321129,0.321129,0.321129,0.321129,0.321129,0.321129,0.321129,0.321129,0.321129,0.321129,0.321129,0.321129,0.321129,0.321129,0.321129
2427,23060,126927,0.503131,0.321129,13,27,5,0.321129,0.321129,0.321129,0.321129,0.321129,0.321129,0.321129,0.321129,0.321129,0.321129,0.321129,0.321129,0.321129,0.321129,0.321129,0.321129,0.321129,0.321129,0.321129,0.321129
2428,23070,126986,0.503131,0.321129,13,27,5,0.321129,0.321129,0.321129,0.321129,0.321129,0.321129,0.321129,0.321129,0.321129,0.321129,0.321129,0.321129,0.321129,0.321129,0.321129,0.321129,0.321129,0.321129,0.321129,0.321129
2429,23080,127036,0.503131,0.321129,13,27,5,0.321129,0.321129,0.321129,0.321129,0.321129,0.321129,0.321129,0.321129,0.321129,0.321129,0.321129,0.321129,0.321129,0.321129,0.321129,0.321129,0.321129,0.321129,0.321129,0.321129
2430,23090,127055,0.503131,0.321129,13,27,5,0.321129,0.321129,0.321129,0.321129,0.321129,0.321129,0.321129,0.321129,0.321129,0.321129,0.321129,0.321129,0.321129,0.321129,0.321129,0.321129,0.321129,0.321129,0.321129,0.321129
2431,23100,127076,0.503131,0.321129,13,27,5,0.321129,0.321129,0.321129,0.321129,0.321129,0.321129,0.321129,0.321129,0.321129,0.321129,0.321129,0.321129,0.321129,0.321129,0.321129,0.321129,0.321129,0.321129,0.321129,0.321129
2432,23110,127145,0.503131,0.321129,13,27,5,0.321129,0.321129,0.321129,0.321129,0.321129,0.321129,0.321129,0.321129,0.321129,0.321129,0.321129,0.321129,0.321129,0.321129,0.321129,0.321129,0.321129,0.321129,0.321129,0.321129
2433,23120,127311,0.503131,0.321129,13,27,5,0.321129,0.321129,0.321129,0.321129,0.321129,0.321129,0.321129,0.321129,0.321129,0.321129,0.321129,0.321129,0.321129,0.321129,0.321129,0.321129,0.321129,0.321129,0.321129,0.321129
2434,23130,127375,0.503131,0.321129,13,27,5,0.321129,0.321129,0.321129,0.321129,0.321129,0.321129,0.321129,0.321129,0.321129,0.321129,0.321129,0.321129,0.321129,0.321129,0.321129,0.321129,0.321129,0.321129,0.321129,0.321129
2435,23140,127443,0.503131,0.321129,13,27,5,0.321129,0.321129,0.321129,0.321129,0.321129,0.321129,0.321129,0.321129,0.321129,0.321129,0.321129,0.321129,0.321129,0.321129,0.321129,0.321129,0.321129,0.321129,0.321129,0.321129
2436,23150,127444,0.503131,0.321129,13,27,5,0.321129,0.321129,0.321129,0.321129,0.321129,0.321129,0.321129,0.321129,0.321129,0.321129,0.321129,0.321129,0.321129,0.321129,0.321129,0.321129,0.321129,0.321129,0.321129,0.321129
2437,23160,127586,0.503131,0.321129,13,27,5,0.321129,0.321129,0.321129,0.321129,0.321129,0.321129,0.321129,0.321129,0.321129,0.321129,0.321129,0.321129,0.321129,0.321129,0.321129,0.321129,0.321129,0.321129,0.321129,0.321129
2438,23170,127628,0.503131,0.321129,13,27,5,0.321129,0.321129,0.321129,0.321129,0.321129,0.321129,0.321129,0.321129,0.321129,0.321129,0.321129,0.321129,0.321129,0.321129,0.321129,0.321129,0.321129,0.321129,0.321129,0.321129
2439,23180,127688,0.503131,0.321129,13,27,5,0.321129,0.321129,0.321129,0.321129,0.321129,0.321129,0.321129,0.321129,0.321129,0.321129,0.321129,0.321129,0.321129,0.321129,0.321129,0.321129,0.321129,0.321129,0.321129,0.321129
2440,23190,127823,0.503131,0.321129,13,27,5,0.321129,0.321129,0.321129,0.321129,0.321129,0.321129,0.321129,0.321129,0.321129,0.321129,0.321129,0.321129,0.321129,0.321129,0.321129,0.321129,0.321129,0.321129,0.321129,0.321129
2441,23200,127861,0.503131,0.321129,13,27,5,0.321129,0.321129,0.321129,0.321129,0.321129,0.321129,0.321129,0.321129,0.321129,0.321129,0.321129,0.321129,0.321129,0.321129,0.321129,0.321129,0.321129,0.321129,0.321129,0.321129
2442,23210,127891,0.503131,0.321129,13,27,5,0.321129,0.321129,0.321129,0.321129,0.321129,0.321129,0.321129,0.321129,0.321129,0.321129,0.321129,0.321129,0.321129,0.321129,0.321129,0.321129,0.321129,0.321129,0.321129,0.321129
2443,23220,128000,0.503131,0.321129,13,27,5,0.321129,0.321129,0.321129,0.321129,0.321129,0.321129,0.321129,0.321129,0.321129,0.321129,0.321129,0.321129,0.321129,0.321129,0.321129,0.321129,0.321129,0.321129,0.321129,0.321129
2444,23230,128031,0.503131,0.321129,13,27,5,0.321129,0.321129,0.321129,0.321129,0.321129,0.321129,0.321129,0.321129,0.321129,0.321129,0.321129,0.321129,0.321129,0.321129,0.321129,0.321129,0.321129,0.321129,0.321129,0.321129
2445,23240,128168,0.503131,0.321129,13,27,5,0.321129,0.321129,0.321129,0.321129,0.321129,0.321129,0.321129,0.321129,0.321129,0.321129,0.321129,0.321129,0.321129,0.321129,0.321129,0.321129,0.321129,0.321129,0.321129,0.321129
2446,23250,128239,0.503131,0.321129,13,27,5,0.321129,0.321129,0.321129,0.321129,0.321129,0.321129,0.321129,0.321129,0.321129,0.321129,0.321129,0.321129,0.321129,0.321129,0.321129,0.321129,0.321129,0.321129,0.321129,0.321129
2447,23260,128241,0.503131,0.321129,13,27,5,0.321129,0.321129,0.321129,0.321129,0.321129,0.321129,0.321129,0.321129,0.321129,0.321129,0.321129,0.321129,0.321129,0.321129,0.321129,0.321129,0.321129,0.321129,0.321129,0.321129
2448,23270,128250,0.503131,0.321129,13,27,5,0.321129,0.321129,0.321129,0.321129,0.321129,0.321129,0.321129,0.321129,0.321129,0.321129,0.321129,0.321129,0.321129,0.321129,0.321129,0.321129,0.321129,0.321129,0.321129,0.321129
2449,23280,128258,0.503131,0.321129,13,27,5,0.321129,0.321129,0.321129,0.321129,0.321129,0.321129,0.321129,0.321129,0.321129,0.321129,0.321129,0.321129,0.321129,0.321129,0.321129,0.321129,0.321129,0.321129,0.321129,0.321129
2450,23290,128450,0.503131,0.321129,13,27,5,0.321129,0.321129,0.321129,0.321129,0.321129,0.321129,0.321129,0.321129,0.321129,0.321129,0.321129,0.321129,0.321129,0.321129,0.321129,0.321129,0.321129,0.321129,0.321129,0.321129
2451,23300,128574,0.503131,0.321129,13,27,5,0.321129,0.321129,0.321129,0.321129,0.321129,0.321129,0.321129,0.321129,0.321129,0.321129,0.321129,0.321129,0.321129,0.321129,0.321129,0.321129,0.321129,0.321129,0.321129,0.321129
2452,23310,128654,0.503131,0.321129,13,27,5,0.321129,0.321129,0.321129,0.321129,0.321129,0.321129,0.321129,0.321129,0.321129,0.321129,0.321129,0.321129,0.321129,0.321129,0.321129,0.321129,0.321129,0.321129,0.321129,0.321129
2453,23320,128656,0.503131,0.321129,13,27,5,0.321129,0.321129,0.321129,0.321129,0.321129,0.321129,0.321129,0.321129,0.321129,0.321129,0.321129,0.321129,0.321129,0.321129,0.321129,0.321129,0.321129,0.321129,0.321129,0.321129
2454,23330,128733,0.503131,0.321129,13,27,5,0.321129,0.321129,0.321129,0.321129,0.321129,0.321129,0.321129,0.321129,0.321129,0.321129,0.321129,0.321129,0.321129,0.321129,0.321129,0.321129,0.321129,0.321129,0.321129,0.321129
2455,23340,128740,0.503131,0.321129,13,27,5,0.321129,0.321129,0.321129,0.321129,0.321129,0.321129,0.321129,0.321129,0.321129,0.321129,0.321129,0.321129,0.321129,0.321129,0.321129,0.321129,0.321129,0.321129,0.321129,0.321129
2456,23350,128776,0.503131,0.321129,13,27,5,0.321129,0.321129,0.321129,0.321129,0.321129,0.321129,0.321129,0.321129,0.321129,0.321129,0.321129,0.321129,0.321129,0.321129,0.321129,0.321129,0.321129,0.321129,0.321129,0.321129
2457,23360,129080,0.503131,0.321129,13,27,5,0.321129,0.321129,0.321129,0.321129,0.321129,0.321129,0.321129,0.321129,0.321129,0.321129,0.321129,0.321129,0.321129,0.321129,0.321129,0.321129,0.321129,0.321129,0.321129,0.321129
2458,23370,129123,0.503131,0.321129,13,27,5,0.321129,0.321129,0.321129,0.321129,0.321129,0.321129,0.321129,0.321129,0.321129,0.321129,0.321129,0.321129,0.321129,0.321129,0.321129,0.321129,0.321129,0.321129,0.321129,0.321129
2459,23380,129212,0.503131,0.321129,13,27,5,0.321129,0.321129,0.321129,0.321129,0.321129,0.321129,0.321129,0.321129,0.321129,0.321129,0.321129,0.321129,0.321129,0.321129,0.321129,0.321129,0.321129,0.321129,0.321129,0.321129
2460,23390,129252,0.503131,0.321129,13,27,5,0.321129,0.321129,0.321129,0.321129,0.321129,0.321129,0.321129,0.321129,0.321129,0.321129,0.321129,0.321129,0.321129,0.321129,0.321129,0.321129,0.321129,0.321129,0.321129,0.321129
2461,23400,129292,0.503131,0.321129,13,27,5,0.321129,0.321129,0.321129,0.321129,0.321129,0.321129,0.321129,0.321129,0.321129,0.321129,0.321129,0.321129,0.321129,0.321129,0.321129,0.321129,0.321129,0.321129,0.321129,0.321129
2462,23410,129352,0.503131,0.321129,13,27,5,0.321129,0.321129,0.321129,0.321129,0.321129,0.321129,0.321129,0.321129,0.321129,0.321129,0.321129,0.321129,0.321129,0.321129,0.321129,0.321129,0.321129,0.321129,0.321129,0.321129
2463,23420,129385,0.503131,0.321129,13,27,5,0.321129,0.321129,0.321129,0.321129,0.321129,0.321129,0.321129,0.321129,0.321129,0.321129,0.321129,0.321129,0.321129,0.321129,0.321129,0.321129,0.321129,0.321129,0.321129,0.321129
2464,23430,129516,0.503131,0.321129,13,27,5,0.321129,0.321129,0.321129,0.321129,0.321129,0.321129,0.321129,0.321129,0.321129,0.321129,0.321129,0.321129,0.321129,0.321129,0.321129,0.321129,0.321129,0.321129,0.321129,0.321129
2465,23440,129742,0.503131,0.321129,13,27,5,0.321129,0.321129,0.321129,0.321129,0.321129,0.321129,0.321129,0.321129,0.321129,0.321129,0.321129,0.321129,0.321129,0.321129,0.321129,0.321129,0.321129,0.321129,0.321129,0.321129
2466,23450,129773,0.503131,0.321129,13,27,5,0.321129,0.321129,0.321129,0.321129,0.321129,0.321129,0.321129,0.321129,0.321129,0.321129,0.321129,0.321129,0.321129,0.321129,0.321129,0.321129,0.321129,0.321129,0.321129,0.321129
2467,23460,129774,0.503131,0.321129,13,27,5,0.321129,0.321129,0.321129,0.321129,0.321129,0.321129,0.321129,0.321129,0.321129,0.321129,0.321129,0.321129,0.321129,0.321129,0.321129,0.321129,0.321129,0.321129,0.321129,0.321129
2468,23470,129790,0.503131,0.321129,13,27,5,0.321129,0.321129,0.321129,0.321129,0.321129,0.321129,0.321129,0.321129,0.321129,0.321129,0.321129,0.321129,0.321129,0.321129,0.321129,0.321129,0.321129,0.321129,0.321129,0.321129
2469,23480,129795,0.503131,0.321129,13,27,5,0.321129,0.321129,0.321129,0.321129,0.321129,0.321129,0.321129,0.321129,0.321129,0.321129,0.321129,0.321129,0.321129,0.321129,0.321129,0.321129,0.321129,0.321129,0.321129,0.321129
2470,23490,129908,0.503131,0.321129,13,27,5,0.321129,0.321129,0.321129,0.321129,0.321129,0.321129,0.321129,0.321129,0.321129,0.321129,0.321129,0.321129,0.321129,0.321129,0.321129,0.321129,0.321129,0.321129,0.321129,0.321129
2471,23500,129927,0.503131,0.321129,13,27,5,0.321129,0.321129,0.321129,0.321129,0.321129,0.321129,0.321129,0.321129,0.321129,0.321129,0.321129,0.321129,0.321129,0.321129,0.321129,0.321129,0.321129,0.321129,0.321129,0.321129
2472,23510,130156,0.503131,0.321129,13,27,5,0.321129,0.321129,0.321129,0.321129,0.321129,0.321129,0.321129,0.321129,0.321129,0.321129,0.321129,0.321129,0.321129,0.321129,0.321129,0.321129,0.321129,0.321129,0.321129,0.321129
2473,23520,130248,0.503131,0.321129,13,27,5,0.321129,0.321129,0.321129,0.321129,0.321129,0.321129,0.321129,0.321129,0.321129,0.321129,0.321129,0.321129,0.321129,0.321129,0.321129,0.321129,0.321129,0.321129,0.321129,0.321129
2474,23530,130299,0.503131,0.321129,13,27,5,0.321129,0.321129,0.321129,0.321129,0.321129,0.321129,0.321129,0.321129,0.321129,0.321129,0.321129,0.321129,0.321129,0.321129,0.321129,0.321129,0.321129,0.321129,0.321129,0.321129
2475,23540,130326,0.503131,0.321129,13,27,5,0.321129,0.321129,0.321129,0.321129,0.321129,0.321129,0.321129,0.321129,0.321129,0.321129,0.321129,0.321129,0.321129,0.321129,0.321129,0.321129,0.321129,0.321129,0.321129,0.321129
2476,23550,130473,0.503131,0.321129,13,27,5,0.321129,0.321129,0.321129,0.321129,0.321129,0.321129,0.321129,0.321129,0.321129,0.321129,0.321129,0.321129,0.321129,0.321129,0.321129,0.321129,0.321129,0.321129,0.321129,0.321129
2477,23560,130476,0.503131,0.321129,13,27,5,0.321129,0.321129,0.321129,0.321129,0.321129,0.321129,0.321129,0.321129,0.321129,0.321129,0.321129,0.321129,0.321129,0.321129,0.321129,0.321129,0.321129,0.321129,0.321129,0.321129
2478,23570,130609,0.503131,0.321129,13,27,5,0.321129,0.321129,0.321129,0.321129,0.321129,0.321129,0.321129,0.321129,0.321129,0.321129,0.321129,0.321129,0.321129,0.321129,0.321129,0.321129,0.321129,0.321129,0.321129,0.321129
2479,23580,130641,0.503131,0.321129,13,27,5,0.321129,0.321129,0.321129,0.321129,0.321129,0.321129,0.321129,0.321129,0.321129,0.321129,0.321129,0.321129,0.321129,0.321129,0.321129,0.321129,0.321129,0.321129,0.321129,0.321129
2480,23590,130674,0.503131,0.321129,13,27,5,0.321129,0.321129,0.321129,0.321129,0.321129,0.321129,0.321129,0.321129,0.321129,0.321129,0.321129,0.321129,0.321129,0.321129,0.321129,0.321129,0.321129,0.321129,0.321129,0.321129
2481,23600,130709,0.503131,0.321129,13,27,5,0.321129,0.321129,0.321129,0.321129,0.321129,0.321129,0.321129,0.321129,0.321129,0.321129,0.321129,0.321129,0.321129,0.321129,0.321129,0.321129,0.321129,0.321129,0.321129,0.321129
2482,23610,130820,0.503131,0.321129,13,27,5,0.321129,0.321129,0.321129,0.321129,0.321129,0.321129,0.321129,0.321129,0.321129,0.321129,0.321129,0.321129,0.321129,0.321129,0.321129,0.321129,0.321129,0.321129,0.321129,0.321129
2483,23620,130973,0.503131,0.321129,13,27,5,0.321129,0.321129,0.321129,0.321129,0.321129,0.321129,0.321129,0.321129,0.321129,0.321129,0.321129,0.321129,0.321129,0.321129,0.321129,0.321129,0.321129,0.321129,0.321129,0.321129
2484,23630,130978,0.503131,0.321129,13,27,5,0.321129,0.321129,0.321129,0.321129,0.321129,0.321129,0.321129,0.321129,0.321129,0.321129,0.321129,0.321129,0.321129,0.321129,0.321129,0.321129,0.321129,0.321129,0.321129,0.321129
2485,23640,131029,0.503131,0.321129,13,27,5,0.321129,0.321129,0.321129,0.321129,0.321129,0.321129,0.321129,0.321129,0.321129,0.321129,0.321129,0.321129,0.321129,0.321129,0.321129,0.321129,0.321129,0.321129,0.321129,0.321129
2486,23650,131098,0.503131,0.321129,13,27,5,0.321129,0.321129,0.321129,0.321129,0.321129,0.321129,0.321129,0.321129,0.321129,0.321129,0.321129,0.321129,0.321129,0.321129,0.321129,0.321129,0.321129,0.321129,0.321129,0.321129
2487,23660,131213,0.503131,0.321129,13,27,5,0.321129,0.321129,0.321129,0.321129,0.321129,0.321129,0.321129,0.321129,0.321129,0.321129,0.321129,0.321129,0.321129,0.321129,0.321129,0.321129,0.321129,0.321129,0.321129,0.321129
2488,23670,131392,0.503131,0.321129,13,27,5,0.321129,0.321129,0.321129,0.321129,0.321129,0.321129,0.321129,0.321129,0.321129,0.321129,0.321129,0.321129,0.321129,0.321129,0.321129,0.321129,0.321129,0.321129,0.321129,0.321129
2489,23680,131504,0.503131,0.321129,13,27,5,0.321129,0.321129,0.321129,0.321129,0.321129,0.321129,0.321129,0.321129,0.321129,0.321129,0.321129,0.321129,0.321129,0.321129,0.321129,0.321129,0.321129,0.321129,0.321129,0.321129
2490,23690,131563,0.503131,0.321129,13,27,5,0.321129,0.321129,0.321129,0.321129,0.321129,0.321129,0.321129,0.321129,0.321129,0.321129,0.321129,0.321129,0.321129,0.321129,0.321129,0.321129,0.321129,0.321129,0.321129,0.321129
2491,23700,131620,0.503131,0.321129,13,27,5,0.321129,0.321129,0.321129,0.321129,0.321129,0.321129,0.321129,0.321129,0.321129,0.321129,0.321129,0.321129,0.321129,0.321129,0.321129,0.321129,0.321129,0.321129,0.321129,0.321129
2492,23710,131633,0.503131,0.321129,13,27,5,0.321129,0.321129,0.321129,0.321129,0.321129,0.321129,0.321129,0.321129,0.321129,0.321129,0.321129,0.321129,0.321129,0.321129,0.321129,0.321129,0.321129,0.321129,0.321129,0.321129
2493,23720,131699,0.503131,0.321129,13,27,5,0.321129,0.321129,0.321129,0.321129,0.321129,0.321129,0.321129,0.321129,0.321129,0.321129,0.321129,0.321129,0.321129,0.321129,0.321129,0.321129,0.321129,0.321129,0.321129,0.321129
2494,23730,131813,0.503131,0.321129,13,27,5,0.321129,0.321129,0.321129,0.321129,0.321129,0.321129,0.321129,0.321129,0.321129,0.321129,0.321129,0.321129,0.321129,0.321129,0.321129,0.321129,0.321129,0.321129,0.321129,0.321129
2495,23740,131846,0.503131,0.321129,13,27,5,0.321129,0.321129,0.321129,0.321129,0.321129,0.321129,0.321129,0.321129,0.321129,0.321129,0.321129,0.321129,0.321129,0.321129,0.321129,0.321129,0.321129,0.321129,0.321129,0.321129
2496,23750,131999,0.503131,0.321129,13,27,5,0.321129,0.321129,0.321129,0.321129,0.321129,0.321129,0.321129,0.321129,0.321129,0.321129,0.321129,0.321129,0.321129,0.321129,0.321129,0.321129,0.321129,0.321129,0.321129,0.321129
2497,23760,132007,0.503131,0.321129,13,27,5,0.321129,0.321129,0.321129,0.321129,0.321129,0.321129,0.321129,0.321129,0.321129,0.321129,0.321129,0.321129,0.321129,0.321129,0.321129,0.321129,0.321129,0.321129,0.321129,0.321129
2498,23770,132011,0.503131,0.321129,13,27,5,0.321129,0.321129,0.321129,0.321129,0.321129,0.321129,0.321129,0.321129,0.321129,0.321129,0.321129,0.321129,0.321129,0.321129,0.321129,0.321129,0.321129,0.321129,0.321129,0.321129
2499,23780,132101,0.503131,0.321129,13,27,5,0.321129,0.321129,0.321129,0.321129,0.321129,0.321129,0.321129,0.321129,0.321129,0.321129,0.321129,0.321129,0.321129,0.321129,0.321129,0.321129,0.321129,0.321129,0.321129,0.321129
2500,23790,132245,0.503131,0.321129,13,27,5,0.321129,0.321129,0.321129,0.321129,0.321129,0.321129,0.321129,0.321129,0.321129,0.321129,0.321129,0.321129,0.321129,0.321129,0.321129,0.321129,0.321129,0.321129,0.321129,0.321129
2501,23800,132297,0.503131,0.321129,13,27,5,0.321129,0.321129,0.321129,0.321129,0.321129,0.321129,0.321129,0.321129,0.321129,0.321129,0.321129,0.321129,0.321129,0.321129,0.321129,0.321129,0.321129,0.321129,0.321129,0.321129
2502,23810,132373,0.503131,0.321129,13,27,5,0.321129,0.321129,0.321129,0.321129,0.321129,0.321129,0.321129,0.321129,0.321129,0.321129,0.321129,0.321129,0.321129,0.321129,0.321129,0.321129,0.321129,0.321129,0.321129,0.321129
2503,23820,132463,0.503131,0.321129,13,27,5,0.321129,0.321129,0.321129,0.321129,0.321129,0.321129,0.321129,0.321129,0.321129,0.321129,0.321129,0.321129,0.321129,0.321129,0.321129,0.321129,0.321129,0.321129,0.321129,0.321129
2504,23830,132465,0.503131,0.321129,13,27,5,0.321129,0.321129,0.321129,0.321129,0.321129,0.321129,0.321129,0.321129,0.321129,0.321129,0.321129,0.321129,0.321129,0.321129,0.321129,0.321129,0.321129,0.321129,0.321129,0.321129
2505,23840,132477,0.503131,0.321129,13,27,5,0.321129,0.321129,0.321129,0.321129,0.321129,0.321129,0.321129,0.321129,0.321129,0.321129,0.321129,0.321129,0.321129,0.321129,0.321129,0.321129,0.321129,0.321129,0.321129,0.321129
2506,23850,132565,0.503131,0.321129,13,27,5,0.321129,0.321129,0.321129,0.321129,0.321129,0.321129,0.321129,0.321129,0.321129,0.321129,0.321129,0.321129,0.321129,0.321129,0.321129,0.321129,0.321129,0.321129,0.321129,0.321129
2507,23860,132669,0.503131,0.321129,13,27,5,0.321129,0.321129,0.321129,0.321129,0.321129,0.321129,0.321129,0.321129,0.321129,0.321129,0.321129,0.321129,0.321129,0.321129,0.321129,0.321129,0.321129,0.321129,0.321129,0.321129
2508,23870,132820,0.503131,0.321129,13,27,5,0.321129,0.321129,0.321129,0.321129,0.321129,0.321129,0.321129,0.321129,0.321129,0.321129,0.321129,0.321129,0.321129,0.321129,0.321129,0.321129,0.321129,0.321129,0.321129,0.321129
2509,23880,132845,0.503131,0.321129,13,27,5,0.321129,0.321129,0.321129,0.321129,0.321129,0.321129,0.321129,0.321129,0.321129,0.321129,0.321129,0.321129,0.321129,0.321129,0.321129,0.321129,0.321129,0.321129,0.321129,0.321129
2510,23890,132866,0.503131,0.321129,13,27,5,0.321129,0.321129,0.321129,0.321129,0.321129,0.321129,0.321129,0.321129,0.321129,0.321129,0.321129,0.321129,0.321129,0.321129,0.321129,0.321129,0.321129,0.321129,0.321129,0.321129
2511,23900,132866,0.503131,0.321129,13,27,5,0.321129,0.321129,0.321129,0.321129,0.321129,0.321129,0.321129,0.321129,0.321129,0.321129,0.321129,0.321129,0.321129,0.321129,0.321129,0.321129,0.321129,0.321129,0.321129,0.321129
2512,23910,132912,0.503131,0.321129,13,27,5,0.321129,0.321129,0.321129,0.321129,0.321129,0.321129,0.321129,0.321129,0.321129,0.321129,0.321129,0.321129,0.321129,0.321129,0.321129,0.321129,0.321129,0.321129,0.321129,0.321129
2513,23920,133122,0.503131,0.321129,13,27,5,0.321129,0.321129,0.321129,0.321129,0.321129,0.321129,0.321129,0.321129,0.321129,0.321129,0.321129,0.321129,0.321129,0.321129,0.321129,0.321129,0.321129,0.321129,0.321129,0.321129
2514,23930,133161,0.503131,0.321129,13,27,5,0.321129,0.321129,0.321129,0.321129,0.321129,0.321129,0.321129,0.321129,0.321129,0.321129,0.321129,0.321129,0.321129,0.321129,0.321129,0.321129,0.321129,0.321129,0.321129,0.321129
2515,23940,133273,0.503131,0.321129,13,27,5,0.321129,0.321129,0.321129,0.321129,0.321129,0.321129,0.321129,0.321129,0.321129,0.321129,0.321129,0.321129,0.321129,0.321129,0.321129,0.321129,0.321129,0.321129,0.321129,0.321129
2516,23950,133354,0.503131,0.321129,13,27,5,0.321129,0.321129,0.321129,0.321129,0.321129,0.321129,0.321129,0.321129,0.321129,0.321129,0.321129,0.321129,0.321129,0.321129,0.321129,0.321129,0.321129,0.321129,0.321129,0.321129
2517,23960,133414,0.503131,0.321129,13,27,5,0.321129,0.321129,0.321129,0.321129,0.321129,0.321129,0.321129,0.321129,0.321129,0.321129,0.321129,0.321129,0.321129,0.321129,0.321129,0.321129,0.321129,0.321129,0.321129,0.321129
2518,23970,133428,0.503131,0.321129,13,27,5,0.321129,0.321129,0.321129,0.321129,0.321129,0.321129,0.321129,0.321129,0.321129,0.321129,0.321129,0.321129,0.321129,0.321129,0.321129,0.321129,0.321129,0.321129,0.321129,0.321129
2519,23980,133446,0.503131,0.321129,13,27,5,0.321129,0.321129,0.321129,0.321129,0.321129,0.321129,0.321129,0.321129,0.321129,0.321129,0.321129,0.321129,0.321129,0.321129,0.321129,0.321129,0.321129,0.321129,0.321129,0.321129
2520,23990,133572,0.503131,0.321129,13,27,5,0.321129,0.321129,0.321129,0.321129,0.321129,0.321129,0.321129,0.321129,0.321129,0.321129,0.321129,0.321129,0.321129,0.321129,0.321129,0.321129,0.321129,0.321129,0.321129,0.321129
2521,24000,133720,0.503131,0.321129,13,27,5,0.321129,0.321129,0.321129,0.321129,0.321129,0.321129,0.321129,0.321129,0.321129,0.321129,0.321129,0.321129,0.321129,0.321129,0.321129,0.321129,0.321129,0.321129,0.321129,0.321129
2522,24010,133790,0.503131,0.321129,13,27,5,0.321129,0.321129,0.321129,0.321129,0.321129,0.321129,0.321129,0.321129,0.321129,0.321129,0.321129,0.321129,0.321129,0.321129,0.321129,0.321129,0.321129,0.321129,0.321129,0.321129
2523,24020,133826,0.503131,0.321129,13,27,5,0.321129,0.321129,0.321129,0.321129,0.321129,0.321129,0.321129,0.321129,0.321129,0.321129,0.321129,0.321129,0.321129,0.321129,0.321129,0.321129,0.321129,0.321129,0.321129,0.321129
2524,24030,133842,0.503131,0.321129,13,27,5,0.321129,0.321129,0.321129,0.321129,0.321129,0.321129,0.321129,0.321129,0.321129,0.321129,0.321129,0.321129,0.321129,0.321129,0.321129,0.321129,0.321129,0.321129,0.321129,0.321129
2525,24040,133925,0.503131,0.321129,13,27,5,0.321129,0.321129,0.321129,0.321129,0.321129,0.321129,0.321129,0.321129,0.321129,0.321129,0.321129,0.321129,0.321129,0.321129,0.321129,0.321129,0.321129,0.321129,0.321129,0.321129
2526,24050,133940,0.503131,0.321129,13,27,5,0.321129,0.321129,0.321129,0.321129,0.321129,0.321129,0.321129,0.321129,0.321129,0.321129,0.321129,0.321129,0.321129,0.321129,0.321129,0.321129,0.321129,0.321129,0.321129,0.321129
2527,24060,134111,0.503131,0.321129,13,27,5,0.321129,0.321129,0.321129,0.321129,0.321129,0.321129,0.321129,0.321129,0.321129,0.321129,0.321129,0.321129,0.321129,0.321129,0.321129,0.321129,0.321129,0.321129,0.321129,0.321129
2528,24070,134233,0.503131,0.321129,13,27,5,0.321129,0.321129,0.321129,0.321129,0.321129,0.321129,0.321129,0.321129,0.321129,0.321129,0.321129,0.321129,0.321129,0.321129,0.321129,0.321129,0.321129,0.321129,0.321129,0.321129
2529,24080,134251,0.503131,0.321129,13,27,5,0.321129,0.321129,0.321129,0.321129,0.321129,0.321129,0.321129,0.321129,0.321129,0.321129,0.321129,0.321129,0.321129,0.321129,0.321129,0.321129,0.321129,0.321129,0.321129,0.321129
2530,24090,134261,0.503131,0.321129,13,27,5,0.321129,0.321129,0.321129,0.321129,0.321129,0.321129,0.321129,0.321129,0.321129,0.321129,0.321129,0.321129,0.321129,0.321129,0.321129,0.321129,0.321129,0.321129,0.321129,0.321129
2531,24100,134281,0.503131,0.321129,13,27,5,0.321129,0.321129,0.321129,0.321129,0.321129,0.321129,0.321129,0.321129,0.321129,0.321129,0.321129,0.321129,0.321129,0.321129,0.321129,0.321129,0.321129,0.321129,0.321129,0.321129
2532,24110,134449,0.503131,0.321129,13,27,5,0.321129,0.321129,0.321129,0.321129,0.321129,0.321129,0.321129,0.321129,0.321129,0.321129,0.321129,0.321129,0.321129,0.321129,0.321129,0.321129,0.321129,0.321129,0.321129,0.321129
2533,24120,134522,0.503131,0.321129,13,27,5,0.321129,0.321129,0.321129,0.321129,0.321129,0.321129,0.321129,0.321129,0.321129,0.321129,0.321129,0.321129,0.321129,0.321129,0.321129,0.321129,0.321129,0.321129,0.321129,0.321129
2534,24130,134653,0.503131,0.321129,13,27,5,0.321129,0.321129,0.321129,0.321129,0.321129,0.321129,0.321129,0.321129,0.321129,0.321129,0.321129,0.321129,0.321129,0.321129,0.321129,0.321129,0.321129,0.321129,0.321129,0.321129
2535,24140,134692,0.503131,0.321129,13,27,5,0.321129,0.321129,0.321129,0.321129,0.321129,0.321129,0.321129,0.321129,0.321129,0.321129,0.321129,0.321129,0.321129,0.321129,0.321129,0.321129,0.321129,0.321129,0.321129,0.321129
2536,24150,134698,0.503131,0.321129,13,27,5,0.321129,0.321129,0.321129,0.321129,0.321129,0.321129,0.321129,0.321129,0.321129,0.321129,0.321129,0.321129,0.321129,0.321129,0.321129,0.321129,0.321129,0.321129,0.321129,0.321129
2537,24160,134723,0.503131,0.321129,13,27,5,0.321129,0.321129,0.321129,0.321129,0.321129,0.321129,0.321129,0.321129,0.321129,0.321129,0.321129,0.321129,0.321129,0.321129,0.321129,0.321129,0.321129,0.321129,0.321129,0.321129
2538,24170,134815,0.503131,0.321129,13,27,5,0.321129,0.321129,0.321129,0.321129,0.321129,0.321129,0.321129,0.321129,0.321129,0.321129,0.321129,0.321129,0.321129,0.321129,0.321129,0.321129,0.321129,0.321129,0.321129,0.321129
2539,24180,134869,0.503131,0.321129,13,27,5,0.321129,0.321129,0.321129,0.321129,0.321129,0.321129,0.321129,0.321129,0.321129,0.321129,0.321129,0.321129,0.321129,0.321129,0.321129,0.321129,0.321129,0.321129,0.321129,0.321129
2540,24190,135139,0.503131,0.321129,13,27,5,0.321129,0.321129,0.321129,0.321129,0.321129,0.321129,0.321129,0.321129,0.321129,0.321129,0.321129,0.321129,0.321129,0.321129,0.321129,0.321129,0.321129,0.321129,0.321129,0.321129
2541,24200,135166,0.503131,0.321129,13,27,5,0.321129,0.321129,0.321129,0.321129,0.321129,0.321129,0.321129,0.321129,0.321129,0.321129,0.321129,0.321129,0.321129,0.321129,0.321129,0.321129,0.321129,0.321129,0.321129,0.321129
2542,24210,135216,0.503131,0.321129,13,27,5,0.321129,0.321129,0.321129,0.321129,0.321129,0.321129,0.321129,0.321129,0.321129,0.321129,0.321129,0.321129,0.321129,0.321129,0.321129,0.321129,0.321129,0.321129,0.321129,0.321129
2543,24220,135225,0.503131,0.321129,13,27,5,0.321129,0.321129,0.321129,0.321129,0.321129,0.321129,0.321129,0.321129,0.321129,0.321129,0.321129,0.321129,0.321129,0.321129,0.321129,0.321129,0.321129,0.321129,0.321129,0.321129
2544,24230,135264,0.503131,0.321129,13,27,5,0.321129,0.321129,0.321129,0.321129,0.321129,0.321129,0.321129,0.321129,0.321129,0.321129,0.321129,0.321129,0.321129,0.321129,0.321129,0.321129,0.321129,0.321129,0.321129,0.321129
2545,24240,135280,0.503131,0.321129,13,27,5,0.321129,0.321129,0.321129,0.321129,0.321129,0.321129,0.321129,0.321129,0.321129,0.321129,0.321129,0.321129,0.321129,0.321129,0.321129,0.321129,0.321129,0.321129,0.321129,0.321129
2546,24250,135294,0.503131,0.321129,13,27,5,0.321129,0.321129,0.321129,0.321129,0.321129,0.321129,0.321129,0.321129,0.321129,0.321129,0.321129,0.321129,0.321129,0.321129,0.321129,0.321129,0.321129,0.321129,0.321129,0.321129
2547,24260,135587,0.503131,0.321129,13,27,5,0.321129,0.321129,0.321129,0.321129,0.321129,0.321129,0.321129,0.321129,0.321129,0.321129,0.321129,0.321129,0.321129,0.321129,0.321129,0.321129,0.321129,0.321129,0.321129,0.321129
2548,24270,135589,0.503131,0.321129,13,27,5,0.321129,0.321129,0.321129,0.321129,0.321129,0.321129,0.321129,0.321129,0.321129,0.321129,0.321129,0.321129,0.321129,0.321129,0.321129,0.321129,0.321129,0.321129,0.321129,0.321129
2549,24280,135710,0.503131,0.321129,13,27,5,0.321129,0.321129,0.321129,0.321129,0.321129,0.321129,0.321129,0.321129,0.321129,0.321129,0.321129,0.321129,0.321129,0.321129,0.321129,0.321129,0.321129,0.321129,0.321129,0.321129
2550,24290,135741,0.503131,0.321129,13,27,5,0.321129,0.321129,0.321129,0.321129,0.321129,0.321129,0.321129,0.321129,0.321129,0.321129,0.321129,0.321129,0.321129,0.321129,0.321129,0.321129,0.321129,0.321129,0.321129,0.321129
2551,24300,135780,0.503131,0.321129,13,27,5,0.321129,0.321129,0.321129,0.321129,0.321129,0.321129,0.321129,0.321129,0.321129,0.321129,0.321129,0.321129,0.321129,0.321129,0.321129,0.321129,0.321129,0.321129,0.321129,0.321129
2552,24310,135813,0.503131,0.321129,13,27,5,0.321129,0.321129,0.321129,0.321129,0.321129,0.321129,0.321129,0.321129,0.321129,0.321129,0.321129,0.321129,0.321129,0.321129,0.321129,0.321129,0.321129,0.321129,0.321129,0.321129
2553,24320,135823,0.503131,0.321129,13,27,5,0.321129,0.321129,0.321129,0.321129,0.321129,0.321129,0.321129,0.321129,0.321129,0.321129,0.321129,0.321129,0.321129,0.321129,0.321129,0.321129,0.321129,0.321129,0.321129,0.321129
2554,24330,136036,0.503131,0.321129,13,27,5,0.321129,0.321129,0.321129,0.321129,0.321129,0.321129,0.321129,0.321129,0.321129,0.321129,0.321129,0.321129,0.321129,0.321129,0.321129,0.321129,0.321129,0.321129,0.321129,0.321129
2555,24340,136091,0.503131,0.321129,13,27,5,0.321129,0.321129,0.321129,0.321129,0.321129,0.321129,0.321129,0.321129,0.321129,0.321129,0.321129,0.321129,0.321129,0.321129,0.321129,0.321129,0.321129,0.321129,0.321129,0.321129
2556,24350,136096,0.503131,0.321129,13,27,5,0.321129,0.321129,0.321129,0.321129,0.321129,0.321129,0.321129,0.321129,0.321129,0.321129,0.321129,0.321129,0.321129,0.321129,0.321129,0.321129,0.321129,0.321129,0.321129,0.321129
2557,24360,136268,0.503131,0.321129,13,27,5,0.321129,0.321129,0.321129,0.321129,0.321129,0.321129,0.321129,0.321129,0.321129,0.321129,0.321129,0.321129,0.321129,0.321129,0.321129,0.321129,0.321129,0.321129,0.321129,0.321129
2558,24370,136338,0.503131,0.321129,13,27,5,0.321129,0.321129,0.321129,0.321129,0.321129,0.321129,0.321129,0.321129,0.321129,0.321129,0.321129,0.321129,0.321129,0.321129,0.321129,0.321129,0.321129,0.321129,0.321129,0.321129
2559,24380,136416,0.503131,0.321129,13,27,5,0.321129,0.321129,0.321129,0.321129,0.321129,0.321129,0.321129,0.321129,0.321129,0.321129,0.321129,0.321129,0.321129,0.321129,0.321129,0.321129,0.321129,0.321129,0.321129,0.321129
2560,24390,136477,0.503131,0.321129,13,27,5,0.321129,0.321129,0.321129,0.321129,0.321129,0.321129,0.321129,0.321129,0.321129,0.321129,0.321129,0.321129,0.321129,0.321129,0.321129,0.321129,0.321129,0.321129,0.321129,0.321129
2561,24400,136502,0.503131,0.321129,13,27,5,0.321129,0.321129,0.321129,0.321129,0.321129,0.321129,0.321129,0.321129,0.321129,0.321129,0.321129,0.321129,0.321129,0.321129,0.321129,0.321129,0.321129,0.321129,0.321129,0.321129
2562,24410,136521,0.503131,0.321129,13,27,5,0.321129,0.321129,0.321129,0.321129,0.321129,0.321129,0.321129,0.321129,0.321129,0.321129,0.321129,0.321129,0.321129,0.321129,0.321129,0.321129,0.321129,0.321129,0.321129,0.321129
2563,24420,136540,0.503131,0.321129,13,27,5,0.321129,0.321129,0.321129,0.321129,0.321129,0.321129,0.321129,0.321129,0.321129,0.321129,0.321129,0.321129,0.321129,0.321129,0.321129,0.321129,0.321129,0.321129,0.321129,0.321129
2564,24430,136627,0.503131,0.321129,13,27,5,0.321129,0.321129,0.321129,0.321129,0.321129,0.321129,0.321129,0.321129,0.321129,0.321129,0.321129,0.321129,0.321129,0.321129,0.321129,0.321129,0.321129,0.321129,0.321129,0.321129
2565,24440,136927,0.503131,0.321129,13,27,5,0.321129,0.321129,0.321129,0.321129,0.321129,0.321129,0.321129,0.321129,0.321129,0.321129,0.321129,0.321129,0.321129,0.321129,0.321129,0.321129,0.321129,0.321129,0.321129,0.321129
2566,24450,136963,0.503131,0.321129,13,27,5,0.321129,0.321129,0.321129,0.321129,0.321129,0.321129,0.321129,0.321129,0.321129,0.321129,0.321129,0.321129,0.321129,0.321129,0.321129,0.321129,0.321129,0.321129,0.321129,0.321129
2567,24460,137009,0.503131,0.321129,13,27,5,0.321129,0.321129,0.321129,0.321129,0.321129,0.321129,0.321129,0.321129,0.321129,0.321129,0.321129,0.321129,0.321129,0.321129,0.321129,0.321129,0.321129,0.321129,0.321129,0.321129
2568,24470,137021,0.503131,0.321129,13,27,5,0.321129,0.321129,0.321129,0.321129,0.321129,0.321129,0.321129,0.321129,0.321129,0.321129,0.321129,0.321129,0.321129,0.321129,0.321129,0.321129,0.321129,0.321129,0.321129,0.321129
2569,24480,137033,0.503131,0.321129,13,27,5,0.321129,0.321129,0.321129,0.321129,0.321129,0.321129,0.321129,0.321129,0.321129,0.321129,0.321129,0.321129,0.321129,0.321129,0.321129,0.321129,0.321129,0.321129,0.321129,0.321129
2570,24490,137055,0.503131,0.321129,13,27,5,0.321129,0.321129,0.321129,0.321129,0.321129,0.321129,0.321129,0.321129,0.321129,0.321129,0.321129,0.321129,0.321129,0.321129,0.321129,0.321129,0.321129,0.321129,0.321129,0.321129
2571,24500,137336,0.503131,0.321129,13,27,5,0.321129,0.321129,0.321129,0.321129,0.321129,0.321129,0.321129,0.321129,0.321129,0.321129,0.321129,0.321129,0.321129,0.321129,0.321129,0.321129,0.321129,0.321129,0.321129,0.321129
2572,24510,137370,0.503131,0.321129,13,27,5,0.321129,0.321129,0.321129,0.321129,0.321129,0.321129,0.321129,0.321129,0.321129,0.321129,0.321129,0.321129,0.321129,0.321129,0.321129,0.321129,0.321129,0.321129,0.321129,0.321129
2573,24520,137431,0.503131,0.321129,13,27,5,0.321129,0.321129,0.321129,0.321129,0.321129,0.321129,0.321129,0.321129,0.321129,0.321129,0.321129,0.321129,0.321129,0.321129,0.321129,0.321129,0.321129,0.321129,0.321129,0.321129
2574,24530,137481,0.503131,0.321129,13,27,5,0.321129,0.321129,0.321129,0.321129,0.321129,0.321129,0.321129,0.321129,0.321129,0.321129,0.321129,0.321129,0.321129,0.321129,0.321129,0.321129,0.321129,0.321129,0.321129,0.321129
2575,24540,137523,0.503131,0.321129,13,27,5,0.321129,0.321129,0.321129,0.321129,0.321129,0.321129,0.321129,0.321129,0.321129,0.321129,0.321129,0.321129,0.321129,0.321129,0.321129,0.321129,0.321129,0.321129,0.321129,0.321129
2576,24550,137532,0.503131,0.321129,13,27,5,0.321129,0.321129,0.321129,0.321129,0.321129,0.321129,0.321129,0.321129,0.321129,0.321129,0.321129,0.321129,0.321129,0.321129,0.321129,0.321129,0.321129,0.321129,0.321129,0.321129
2577,24560,137617,0.503131,0.321129,13,27,5,0.321129,0.321129,0.321129,0.321129,0.321129,0.321129,0.321129,0.321129,0.321129,0.321129,0.321129,0.321129,0.321129,0.321129,0.321129,0.321129,0.321129,0.321129,0.321129,0.321129
2578,24570,137777,0.503131,0.321129,13,27,5,0.321129,0.321129,0.321129,0.321129,0.321129,0.321129,0.321129,0.321129,0.321129,0.321129,0.321129,0.321129,0.321129,0.321129,0.321129,0.321129,0.321129,0.321129,0.321129,0.321129
2579,24580,137825,0.503131,0.321129,13,27,5,0.321129,0.321129,0.321129,0.321129,0.321129,0.321129,0.321129,0.321129,0.321129,0.321129,0.321129,0.321129,0.321129,0.321129,0.321129,0.321129,0.321129,0.321129,0.321129,0.321129
2580,24590,137885,0.503131,0.321129,13,27,5,0.321129,0.321129,0.321129,0.321129,0.321129,0.321129,0.321129,0.321129,0.321129,0.321129,0.321129,0.321129,0.321129,0.321129,0.321129,0.321129,0.321129,0.321129,0.321129,0.321129
2581,24600,137941,0.503131,0.321129,13,27,5,0.321129,0.321129,0.321129,0.321129,0.321129,0.321129,0.321129,0.321129,0.321129,0.321129,0.321129,0.321129,0.321129,0.321129,0.321129,0.321129,0.321129,0.321129,0.321129,0.321129
2582,24610,138003,0.503131,0.321129,13,27,5,0.321129,0.321129,0.321129,0.321129,0.321129,0.321129,0.321129,0.321129,0.321129,0.321129,0.321129,0.321129,0.321129,0.321129,0.321129,0.321129,0.321129,0.321129,0.321129,0.321129
2583,24620,138185,0.503131,0.321129,13,27,5,0.321129,0.321129,0.321129,0.321129,0.321129,0.321129,0.321129,0.321129,0.321129,0.321129,0.321129,0.321129,0.321129,0.321129,0.321129,0.321129,0.321129,0.321129,0.321129,0.321129
2584,24630,138256,0.503131,0.321129,13,27,5,0.321129,0.321129,0.321129,0.321129,0.321129,0.321129,0.321129,0.321129,0.321129,0.321129,0.321129,0.321129,0.321129,0.321129,0.321129,0.321129,0.321129,0.321129,0.321129,0.321129
2585,24640,138263,0.503131,0.321129,13,27,5,0.321129,0.321129,0.321129,0.321129,0.321129,0.321129,0.321129,0.321129,0.321129,0.321129,0.321129,0.321129,0.321129,0.321129,0.321129,0.321129,0.321129,0.321129,0.321129,0.321129
2586,24650,138340,0.503131,0.321129,13,27,5,0.321129,0.321129,0.321129,0.321129,0.321129,0.321129,0.321129,0.321129,0.321129,0.321129,0.321129,0.321129,0.321129,0.321129,0.321129,0.321129,0.321129,0.321129,0.321129,0.321129
2587,24660,138341,0.503131,0.321129,13,27,5,0.321129,0.321129,0.321129,0.321129,0.321129,0.321129,0.321129,0.321129,0.321129,0.321129,0.321129,0.321129,0.321129,0.321129,0.321129,0.321129,0.321129,0.321129,0.321129,0.321129
2588,24670,138443,0.503131,0.321129,13,27,5,0.321129,0.321129,0.321129,0.321129,0.321129,0.321129,0.321129,0.321129,0.321129,0.321129,0.321129,0.321129,0.321129,0.321129,0.321129,0.321129,0.321129,0.321129,0.321129,0.321129
2589,24680,138496,0.503131,0.321129,13,27,5,0.321129,0.321129,0.321129,0.321129,0.321129,0.321129,0.321129,0.321129,0.321129,0.321129,0.321129,0.321129,0.321129,0.321129,0.321129,0.321129,0.321129,0.321129,0.321129,0.321129
2590,24690,138516,0.503131,0.321129,13,27,5,0.321129,0.321129,0.321129,0.321129,0.321129,0.321129,0.321129,0.321129,0.321129,0.321129,0.321129,0.321129,0.321129,0.321129,0.321129,0.321129,0.321129,0.321129,0.321129,0.321129
2591,24700,138607,0.503131,0.321129,13,27,5,0.321129,0.321129,0.321129,0.321129,0.321129,0.321129,0.321129,0.321129,0.321129,0.321129,0.321129,0.321129,0.321129,0.321129,0.321129,0.321129,0.321129,0.321129,0.321129,0.321129
2592,24710,138731,0.503131,0.321129,13,27,5,0.321129,0.321129,0.321129,0.321129,0.321129,0.321129,0.321129,0.321129,0.321129,0.321129,0.321129,0.321129,0.321129,0.321129,0.321129,0.321129,0.321129,0.321129,0.321129,0.321129
2593,24720,138881,0.503131,0.321129,13,27,5,0.321129,0.321129,0.321129,0.321129,0.321129,0.321129,0.321129,0.321129,0.321129,0.321129,0.321129,0.321129,0.321129,0.321129,0.321129,0.321129,0.321129,0.321129,0.321129,0.321129
2594,24730,138931,0.503131,0.321129,13,27,5,0.321129,0.321129,0.321129,0.321129,0.321129,0.321129,0.321129,0.321129,0.321129,0.321129,0.321129,0.321129,0.321129,0.321129,0.321129,0.321129,0.321129,0.321129,0.321129,0.321129
2595,24740,139016,0.503131,0.321129,13,27,5,0.321129,0.321129,0.321129,0.321129,0.321129,0.321129,0.321129,0.321129,0.321129,0.321129,0.321129,0.321129,0.321129,0.321129,0.321129,0.321129,0.321129,0.321129,0.321129,0.321129
2596,24750,139032,0.503131,0.321129,13,27,5,0.321129,0.321129,0.321129,0.321129,0.321129,0.321129,0.321129,0.321129,0.321129,0.321129,0.321129,0.321129,0.321129,0.321129,0.321129,0.321129,0.321129,0.321129,0.321129,0.321129
2597,24760,139075,0.503131,0.321129,13,27,5,0.321129,0.321129,0.321129,0.321129,0.321129,0.321129,0.321129,0.321129,0.321129,0.321129,0.321129,0.321129,0.321129,0.321129,0.321129,0.321129,0.321129,0.321129,0.321129,0.321129
2598,24770,139149,0.503131,0.321129,13,27,5,0.321129,0.321129,0.321129,0.321129,0.321129,0.321129,0.321129,0.321129,0.321129,0.321129,0.321129,0.321129,0.321129,0.321129,0.321129,0.321129,0.321129,0.321129,0.321129,0.321129
2599,24780,139284,0.503131,0.321129,13,27,5,0.321129,0.321129,0.321129,0.321129,0.321129,0.321129,0.321129,0.321129,0.321129,0.321129,0.321129,0.321129,0.321129,0.321129,0.321129,0.321129,0.321129,0.321129,0.321129,0.321129
2600,24790,139291,0.503131,0.321129,13,27,5,0.321129,0.321129,0.321129,0.321129,0.321129,0.321129,0.321129,0.321129,0.321129,0.321129,0.321129,0.321129,0.321129,0.321129,0.321129,0.321129,0.321129,0.321129,0.321129,0.321129
2601,24800,139333,0.503131,0.321129,13,27,5,10000000.000000,10000000.000000,0.321129,0.321129,0.321129,0.321129,0.321129,0.321129,0.321129,0.321129,0.321129,0.321129,0.321129,0.321129,0.321129,0.321129,0.321129,0.321129,0.321129,0.321129
2602,24810,139385,0.503131,0.321129,13,27,5,10000000.000000,10000000.000000,0.321129,0.321129,0.321129,0.321129,0.321129,0.321129,0.321129,0.321129,0.321129,0.321129,0.321129,0.321129,0.321129,0.321129,0.321129,0.321129,0.321129,0.321129
2603,24820,139510,0.503131,0.321129,13,27,5,10000000.000000,10000000.000000,0.321129,0.321129,0.321129,0.321129,0.321129,0.321129,0.321129,0.321129,0.321129,0.321129,0.321129,0.321129,0.321129,0.321129,0.321129,0.321129,0.321129,0.321129
2604,24830,139604,0.503131,0.321129,13,27,5,10000000.000000,10000000.000000,0.321129,0.321129,0.321129,0.321129,0.321129,0.321129,0.321129,0.321129,0.321129,0.321129,0.321129,0.321129,0.321129,0.321129,0.321129,0.321129,0.321129,0.321129
2605,24840,139755,0.503131,0.321129,13,27,5,10000000.000000,10000000.000000,0.321129,0.321129,0.321129,0.321129,0.321129,0.321129,0.321129,0.321129,0.321129,0.321129,0.321129,0.321129,0.321129,0.321129,0.321129,0.321129,0.321129,0.321129
2606,24850,139762,0.503131,0.321129,13,27,5,10000000.000000,10000000.000000,0.321129,0.321129,0.321129,0.321129,0.321129,0.321129,0.321129,0.321129,0.321129,0.321129,0.321129,0.321129,0.321129,0.321129,0.321129,0.321129,0.321129,0.321129
2607,24860,139766,0.503131,0.321129,13,27,5,10000000.000000,10000000.000000,0.321129,0.321129,0.321129,0.321129,0.321129,0.321129,0.321129,0.321129,0.321129,0.321129,0.321129,0.321129,0.321129,0.321129,0.321129,0.321129,0.321129,0.321129
2608,24870,139783,0.503131,0.321129,13,27,5,10000000.000000,10000000.000000,0.321129,0.321129,0.321129,0.321129,0.321129,0.321129,0.321129,0.321129,0.321129,0.321129,0.321129,0.321129,0.321129,0.321129,0.321129,0.321129,0.321129,0.321129
2609,24880,139810,0.503131,0.321129,13,27,5,10000000.000000,10000000.000000,0.321129,0.321129,0.321129,0.321129,0.321129,0.321129,0.321129,0.321129,0.321129,0.321129,0.321129,0.321129,0.321129,0.321129,0.321129,0.321129,0.321129,0.321129
2610,24890,139861,0.503131,0.321129,13,27,5,10000000.000000,10000000.000000,0.321129,0.321129,0.321129,0.321129,0.321129,0.321129,0.321129,0.321129,0.321129,0.321129,0.321129,0.321129,0.321129,0.321129,0.321129,0.321129,0.321129,0.321129
2611,24900,140142,0.503131,0.321129,13,27,5,0.321129,0.321129,0.321129,0.321129,0.321129,0.321129,0.321129,0.321129,0.321129,0.321129,0.321129,0.321129,0.321129,0.321129,0.321129,0.321129,0.321129,0.321129,0.321129,0.321129
2612,24910,140201,0.503131,0.321129,13,27,5,0.321129,0.321129,0.321129,0.321129,0.321129,0.321129,0.321129,0.321129,0.321129,0.321129,0.321129,0.321129,0.321129,0.321129,0.321129,0.321129,0.321129,0.321129,0.321129,0.321129
2613,24920,140251,0.503131,0.321129,13,27,5,0.321129,0.321129,0.321129,0.321129,0.321129,0.321129,0.321129,0.321129,0.321129,0.321129,0.321129,0.321129,0.321129,0.321129,0.321129,0.321129,0.321129,0.321129,0.321129,0.321129
2614,24930,140315,0.503131,0.321129,13,27,5,0.321129,0.321129,0.321129,0.321129,0.321129,0.321129,0.321129,0.321129,0.321129,0.321129,0.321129,0.321129,0.321129,0.321129,0.321129,0.321129,0.321129,0.321129,0.321129,0.321129
2615,24940,140329,0.503131,0.321129,13,27,5,0.321129,0.321129,0.321129,0.321129,0.321129,0.321129,0.321129,0.321129,0.321129,0.321129,0.321129,0.321129,0.321129,0.321129,0.321129,0.321129,0.321129,0.321129,0.321129,0.321129
2616,24950,140345,0.503131,0.321129,13,27,5,0.321129,0.321129,0.321129,0.321129,0.321129,0.321129,0.321129,0.321129,0.321129,0.321129,0.321129,0.321129,0.321129,0.321129,0.321129,0.321129,0.321129,0.321129,0.321129,0.321129
2617,24960,140429,0.503131,0.321129,13,27,5,0.321129,0.321129,0.321129,0.321129,0.321129,0.321129,0.321129,0.321129,0.321129,0.321129,0.321129,0.321129,0.321129,0.321129,0.321129,0.321129,0.321129,0.321129,0.321129,0.321129
2618,24970,140541,0.503131,0.321129,13,27,5,0.321129,0.321129,0.321129,0.321129,0.321129,0.321129,0.321129,0.321129,0.321129,0.321129,0.321129,0.321129,0.321129,0.321129,0.321129,0.321129,0.321129,0.321129,0.321129,0.321129
2619,24980,140706,0.503131,0.321129,13,27,5,0.321129,0.321129,0.321129,0.321129,0.321129,0.321129,0.321129,0.321129,0.321129,0.321129,0.321129,0.321129,0.321129,0.321129,0.321129,0.321129,0.321129,0.321129,0.321129,0.321129
2620,24990,140766,0.503131,0.321129,13,27,5,0.321129,0.321129,0.321129,0.321129,0.321129,0.321129,0.321129,0.321129,0.321129,0.321129,0.321129,0.321129,0.321129,0.321129,0.321129,0.321129,0.321129,0.321129,0.321129,0.321129
2621,25000,140782,0.503131,0.321129,13,27,5,0.321129,0.321129,0.321129,0.321129,0.321129,0.321129,0.321129,0.321129,0.321129,0.321129,0.321129,0.321129,0.321129,0.321129,0.321129,0.321129,0.321129,0.321129,0.321129,0.321129
2622,25010,140866,0.503131,0.321129,13,27,5,0.321129,0.321129,0.321129,0.321129,0.321129,0.321129,0.321129,0.321129,0.321129,0.321129,0.321129,0.321129,0.321129,0.321129,0.321129,0.321129,0.321129,0.321129,0.321129,0.321129
2623,25020,140924,0.503131,0.321129,13,27,5,0.321129,0.321129,0.321129,0.321129,0.321129,0.321129,0.321129,0.321129,0.321129,0.321129,0.321129,0.321129,0.321129,0.321129,0.321129,0.321129,0.321129,0.321129,0.321129,0.321129
2624,25030,140961,0.503131,0.321129,13,27,5,0.321129,0.321129,0.321129,0.321129,0.321129,0.321129,0.321129,0.321129,0.321129,0.321129,0.321129,0.321129,0.321129,0.321129,0.321129,0.321129,0.321129,0.321129,0.321129,0.321129
2625,25040,140965,0.503131,0.321129,13,27,5,0.321129,0.321129,0.321129,0.321129,0.321129,0.321129,0.321129,0.321129,0.321129,0.321129,0.321129,0.321129,0.321129,0.321129,0.321129,0.321129,0.321129,0.321129,0.321129,0.321129
2626,25050,141220,0.503131,0.321129,13,27,5,0.321129,0.321129,0.321129,0.321129,0.321129,0.321129,0.321129,0.321129,0.321129,0.321129,0.321129,0.321129,0.321129,0.321129,0.321129,0.321129,0.321129,0.321129,0.321129,0.321129
2627,25060,141330,0.503131,0.321129,13,27,5,0.321129,0.321129,0.321129,0.321129,0.321129,0.321129,0.321129,0.321129,0.321129,0.321129,0.321129,0.321129,0.321129,0.321129,0.321129,0.321129,0.321129,0.321129,0.321129,0.321129
2628,25070,141367,0.503131,0.321129,13,27,5,0.321129,0.321129,0.321129,0.321129,0.321129,0.321129,0.321129,0.321129,0.321129,0.321129,0.321129,0.321129,0.321129,0.321129,0.321129,0.321129,0.321129,0.321129,0.321129,0.321129
2629,25080,141419,0.503131,0.321129,13,27,5,0.321129,0.321129,0.321129,0.321129,0.321129,0.321129,0.321129,0.321129,0.321129,0.321129,0.321129,0.321129,0.321129,0.321129,0.321129,0.321129,0.321129,0.321129,0.321129,0.321129
2630,25090,141425,0.503131,0.321129,13,27,5,0.321129,0.321129,0.321129,0.321129,0.321129,0.321129,0.321129,0.321129,0.321129,0.321129,0.321129,0.321129,0.321129,0.321129,0.321129,0.321129,0.321129,0.321129,0.321129,0.321129
2631,25100,141495,0.503131,0.321129,13,27,5,0.321129,0.321129,0.321129,0.321129,0.321129,0.321129,0.321129,0.321129,0.321129,0.321129,0.321129,0.321129,0.321129,0.321129,0.321129,0.321129,0.321129,0.321129,0.321129,0.321129
2632,25110,141500,0.503131,0.321129,13,27,5,0.321129,0.321129,0.321129,0.321129,0.321129,0.321129,0.321129,0.321129,0.321129,0.321129,0.321129,0.321129,0.321129,0.321129,0.321129,0.321129,0.321129,0.321129,0.321129,0.321129
2633,25120,141699,0.503131,0.321129,13,27,5,0.321129,0.321129,0.321129,0.321129,0.321129,0.321129,0.321129,0.321129,0.321129,0.321129,0.321129,0.321129,0.321129,0.321129,0.321129,0.321129,0.321129,0.321129,0.321129,0.321129
2634,25130,141766,0.503131,0.321129,13,27,5,0.321129,0.321129,0.321129,0.321129,0.321129,0.321129,0.321129,0.321129,0.321129,0.321129,0.321129,0.321129,0.321129,0.321129,0.321129,0.321129,0.321129,0.321129,0.321129,0.321129
2635,25140,141785,0.503131,0.321129,13,27,5,0.321129,0.321129,0.321129,0.321129,0.321129,0.321129,0.321129,0.321129,0.321129,0.321129,0.321129,0.321129,0.321129,0.321129,0.321129,0.321129,0.321129,0.321129,0.321129,0.321129
2636,25150,141843,0.503131,0.321129,13,27,5,0.321129,0.321129,0.321129,0.321129,0.321129,0.321129,0.321129,0.321129,0.321129,0.321129,0.321129,0.321129,0.321129,0.321129,0.321129,0.321129,0.321129,0.321129,0.321129,0.321129
2637,25160,141868,0.503131,0.321129,13,27,5,0.321129,0.321129,0.321129,0.321129,0.321129,0.321129,0.321129,0.321129,0.321129,0.321129,0.321129,0.321129,0.321129,0.321129,0.321129,0.321129,0.321129,0.321129,0.321129,0.321129
2638,25170,141959,0.503131,0.321129,13,27,5,0.321129,0.321129,0.321129,0.321129,0.321129,0.321129,0.321129,0.321129,0.321129,0.321129,0.321129,0.321129,0.321129,0.321129,0.321129,0.321129,0.321129,0.321129,0.321129,0.321129
2639,25180,142019,0.503131,0.321129,13,27,5,0.321129,0.321129,0.321129,0.321129,0.321129,0.321129,0.321129,0.321129,0.321129,0.321129,0.321129,0.321129,0.321129,0.321129,0.321129,0.321129,0.321129,0.321129,0.321129,0.321129
2640,25190,142150,0.503131,0.321129,13,27,5,0.321129,0.321129,0.321129,0.321129,0.321129,0.321129,0.321129,0.321129,0.321129,0.321129,0.321129,0.321129,0.321129,0.321129,0.321129,0.321129,0.321129,0.321129,0.321129,0.321129
2641,25200,142150,0.503131,0.321129,13,27,5,0.321129,0.321129,0.321129,0.321129,0.321129,0.321129,0.321129,0.321129,0.321129,0.321129,0.321129,0.321129,0.321129,0.321129,0.321129,0.321129,0.321129,0.321129,0.321129,0.321129
2642,25210,142269,0.503131,0.321129,13,27,5,0.321129,0.321129,0.321129,0.321129,0.321129,0.321129,0.321129,0.321129,0.321129,0.321129,0.321129,0.321129,0.321129,0.321129,0.321129,0.321129,0.321129,0.321129,0.321129,0.321129
2643,25220,142319,0.503131,0.321129,13,27,5,0.321129,0.321129,0.321129,0.321129,0.321129,0.321129,0.321129,0.321129,0.321129,0.321129,0.321129,0.321129,0.321129,0.321129,0.321129,0.321129,0.321129,0.321129,0.321129,0.321129
2644,25230,142348,0.503131,0.321129,13,27,5,0.321129,0.321129,0.321129,0.321129,0.321129,0.321129,0.321129,0.321129,0.321129,0.321129,0.321129,0.321129,0.321129,0.321129,0.321129,0.321129,0.321129,0.321129,0.321129,0.321129
2645,25240,142488,0.503131,0.321129,13,27,5,0.321129,0.321129,0.321129,0.321129,0.321129,0.321129,0.321129,0.321129,0.321129,0.321129,0.321129,0.321129,0.321129,0.321129,0.321129,0.321129,0.321129,0.321129,0.321129,0.321129
2646,25250,142504,0.503131,0.321129,13,27,5,0.321129,0.321129,0.321129,0.321129,0.321129,0.321129,0.321129,0.321129,0.321129,0.321129,0.321129,0.321129,0.321129,0.321129,0.321129,0.321129,0.321129,0.321129,0.321129,0.321129
2647,25260,142627,0.503131,0.321129,13,27,5,0.321129,0.321129,0.321129,0.321129,0.321129,0.321129,0.321129,0.321129,0.321129,0.321129,0.321129,0.321129,0.321129,0.321129,0.321129,0.321129,0.321129,0.321129,0.321129,0.321129
2648,25270,142705,0.503131,0.321129,13,27,5,0.321129,0.321129,0.321129,0.321129,0.321129,0.321129,0.321129,0.321129,0.321129,0.321129,0.321129,0.321129,0.321129,0.321129,0.321129,0.321129,0.321129,0.321129,0.321129,0.321129
2649,25280,142725,0.503131,0.321129,13,27,5,0.321129,0.321129,0.321129,0.321129,0.321129,0.321129,0.321129,0.321129,0.321129,0.321129,0.321129,0.321129,0.321129,0.321129,0.321129,0.321129,0.321129,0.321129,0.321129,0.321129
2650,25290,142799,0.503131,0.321129,13,27,5,0.321129,0.321129,0.321129,0.321129,0.321129,0.321129,0.321129,0.321129,0.321129,0.321129,0.321129,0.321129,0.321129,0.321129,0.321129,0.321129,0.321129,0.321129,0.321129,0.321129
2651,25300,142805,0.503131,0.321129,13,27,5,0.321129,0.321129,0.321129,0.321129,0.321129,0.321129,0.321129,0.321129,0.321129,0.321129,0.321129,0.321129,0.321129,0.321129,0.321129,0.321129,0.321129,0.321129,0.321129,0.321129
2652,25310,143037,0.503131,0.321129,13,27,5,0.321129,0.321129,0.321129,0.321129,0.321129,0.321129,0.321129,0.321129,0.321129,0.321129,0.321129,0.321129,0.321129,0.321129,0.321129,0.321129,0.321129,0.321129,0.321129,0.321129
2653,25320,143069,0.503131,0.321129,13,27,5,0.321129,0.321129,0.321129,0.321129,0.321129,0.321129,0.321129,0.321129,0.321129,0.321129,0.321129,0.321129,0.321129,0.321129,0.321129,0.321129,0.321129,0.321129,0.321129,0.321129
2654,25330,143081,0.503131,0.321129,13,27,5,0.321129,0.321129,0.321129,0.321129,0.321129,0.321129,0.321129,0.321129,0.321129,0.321129,0.321129,0.321129,0.321129,0.321129,0.321129,0.321129,0.321129,0.321129,0.321129,0.321129
2655,25340,143272,0.503131,0.321129,13,27,5,0.321129,0.321129,0.321129,0.321129,0.321129,0.321129,0.321129,0.321129,0.321129,0.321129,0.321129,0.321129,0.321129,0.321129,0.321129,0.321129,0.321129,0.321129,0.321129,0.321129
2656,25350,143295,0.503131,0.321129,13,27,5,0.321129,0.321129,0.321129,0.321129,0.321129,0.321129,0.321129,0.321129,0.321129,0.321129,0.321129,0.321129,0.321129,0.321129,0.321129,0.321129,0.321129,0.321129,0.321129,0.321129
2657,25360,143317,0.503131,0.321129,13,27,5,0.321129,0.321129,0.321129,0.321129,0.321129,0.321129,0.321129,0.321129,0.321129,0.321129,0.321129,0.321129,0.321129,0.321129,0.321129,0.321129,0.321129,0.321129,0.321129,0.321129
2658,25370,143328,0.503131,0.321129,13,27,5,0.321129,0.321129,0.321129,0.321129,0.321129,0.321129,0.321129,0.321129,0.321129,0.321129,0.321129,0.321129,0.321129,0.321129,0.321129,0.321129,0.321129,0.321129,0.321129,0.321129
2659,25380,143489,0.503131,0.321129,13,27,5,0.321129,0.321129,0.321129,0.321129,0.321129,0.321129,0.321129,0.321129,0.321129,0.321129,0.321129,0.321129,0.321129,0.321129,0.321129,0.321129,0.321129,0.321129,0.321129,0.321129
2660,25390,143639,0.503131,0.321129,13,27,5,0.321129,0.321129,0.321129,0.321129,0.321129,0.321129,0.321129,0.321129,0.321129,0.321129,0.321129,0.321129,0.321129,0.321129,0.321129,0.321129,0.321129,0.321129,0.321129,0.321129
2661,25400,143639,0.503131,0.321129,13,27,5,0.321129,0.321129,0.321129,0.321129,0.321129,0.321129,0.321129,0.321129,0.321129,0.321129,0.321129,0.321129,0.321129,0.321129,0.321129,0.321129,0.321129,0.321129,0.321129,0.321129
2662,25410,143799,0.503131,0.321129,13,27,5,0.321129,0.321129,0.321129,0.321129,0.321129,0.321129,0.321129,0.321129,0.321129,0.321129,0.321129,0.321129,0.321129,0.321129,0.321129,0.321129,0.321129,0.321129,0.321129,0.321129
2663,25420,143804,0.503131,0.321129,13,27,5,0.321129,0.321129,0.321129,0.321129,0.321129,0.321129,0.321129,0.321129,0.321129,0.321129,0.321129,0.321129,0.321129,0.321129,0.321129,0.321129,0.321129,0.321129,0.321129,0.321129
2664,25430,143873,0.503131,0.321129,13,27,5,0.321129,0.321129,0.321129,0.321129,0.321129,0.321129,0.321129,0.321129,0.321129,0.321129,0.321129,0.321129,0.321129,0.321129,0.321129,0.321129,0.321129,0.321129,0.321129,0.321129
2665,25440,143958,0.503131,0.321129,13,27,5,0.321129,0.321129,0.321129,0.321129,0.321129,0.321129,0.321129,0.321129,0.321129,0.321129,0.321129,0.321129,0.321129,0.321129,0.321129,0.321129,0.321129,0.321129,0.321129,0.321129
2666,25450,144011,0.503131,0.321129,13,27,5,0.321129,0.321129,0.321129,0.321129,0.321129,0.321129,0.321129,0.321129,0.321129,0.321129,0.321129,0.321129,0.321129,0.321129,0.321129,0.321129,0.321129,0.321129,0.321129,0.321129
2667,25460,144038,0.503131,0.321129,13,27,5,0.321129,0.321129,0.321129,0.321129,0.321129,0.321129,0.321129,0.321129,0.321129,0.321129,0.321129,0.321129,0.321129,0.321129,0.321129,0.321129,0.321129,0.321129,0.321129,0.321129
2668,25470,144102,0.503131,0.321129,13,27,5,0.321129,0.321129,0.321129,0.321129,0.321129,0.321129,0.321129,0.321129,0.321129,0.321129,0.321129,0.321129,0.321129,0.321129,0.321129,0.321129,0.321129,0.321129,0.321129,0.321129
2669,25480,144253,0.503131,0.321129,13,27,5,0.321129,0.321129,0.321129,0.321129,0.321129,0.321129,0.321129,0.321129,0.321129,0.321129,0.321129,0.321129,0.321129,0.321129,0.321129,0.321129,0.321129,0.321129,0.321129,0.321129
2670,25490,144300,0.503131,0.321129,13,27,5,0.321129,0.321129,0.321129,0.321129,0.321129,0.321129,0.321129,0.321129,0.321129,0.321129,0.321129,0.321129,0.321129,0.321129,0.321129,0.321129,0.321129,0.321129,0.321129,0.321129
2671,25500,144321,0.503131,0.321129,13,27,5,0.321129,0.321129,0.321129,0.321129,0.321129,0.321129,0.321129,0.321129,0.321129,0.321129,0.321129,0.321129,0.321129,0.321129,0.321129,0.321129,0.321129,0.321129,0.321129,0.321129
2672,25510,144336,0.503131,0.321129,13,27,5,0.321129,0.321129,0.321129,0.321129,0.321129,0.321129,0.321129,0.321129,0.321129,0.321129,0.321129,0.321129,0.321129,0.321129,0.321129,0.321129,0.321129,0.321129,0.321129,0.321129
2673,25520,144398,0.503131,0.321129,13,27,5,0.321129,0.321129,0.321129,0.321129,0.321129,0.321129,0.321129,0.321129,0.321129,0.321129,0.321129,0.321129,0.321129,0.321129,0.321129,0.321129,0.321129,0.321129,0.321129,0.321129
2674,25530,144508,0.503131,0.321129,13,27,5,0.321129,0.321129,0.321129,0.321129,0.321129,0.321129,0.321129,0.321129,0.321129,0.321129,0.321129,0.321129,0.321129,0.321129,0.321129,0.321129,0.321129,0.321129,0.321129,0.321129
2675,25540,144698,0.503131,0.321129,13,27,5,0.321129,0.321129,0.321129,0.321129,0.321129,0.321129,0.321129,0.321129,0.321129,0.321129,0.321129,0.321129,0.321129,0.321129,0.321129,0.321129,0.321129,0.321129,0.321129,0.321129
2676,25550,144746,0.503131,0.321129,13,27,5,0.321129,0.321129,0.321129,0.321129,0.321129,0.321129,0.321129,0.321129,0.321129,0.321129,0.321129,0.321129,0.321129,0.321129,0.321129,0.321129,0.321129,0.321129,0.321129,0.321129
2677,25560,144775,0.503131,0.321129,13,27,5,0.321129,0.321129,0.321129,0.321129,0.321129,0.321129,0.321129,0.321129,0.321129,0.321129,0.321129,0.321129,0.321129,0.321129,0.321129,0.321129,0.321129,0.321129,0.321129,0.321129
2678,25570,144806,0.503131,0.321129,13,27,5,0.321129,0.321129,0.321129,0.321129,0.321129,0.321129,0.321129,0.321129,0.321129,0.321129,0.321129,0.321129,0.321129,0.321129,0.321129,0.321129,0.321129,0.321129,0.321129,0.321129
2679,25580,144852,0.503131,0.321129,13,27,5,0.321129,0.321129,0.321129,0.321129,0.321129,0.321129,0.321129,0.321129,0.321129,0.321129,0.321129,0.321129,0.321129,0.321129,0.321129,0.321129,0.321129,0.321129,0.321129,0.321129
2680,25590,144898,0.503131,0.321129,13,27,5,0.321129,0.321129,0.321129,0.321129,0.321129,0.321129,0.321129,0.321129,0.321129,0.321129,0.321129,0.321129,0.321129,0.321129,0.321129,0.321129,0.321129,0.321129,0.321129,0.321129
2681,25600,145043,0.503131,0.321129,13,27,5,0.321129,0.321129,0.321129,0.321129,0.321129,0.321129,0.321129,0.321129,0.321129,0.321129,0.321129,0.321129,0.321129,0.321129,0.321129,0.321129,0.321129,0.321129,0.321129,0.321129
2682,25610,145233,0.503131,0.321129,13,27,5,0.321129,0.321129,0.321129,0.321129,0.321129,0.321129,0.321129,0.321129,0.321129,0.321129,0.321129,0.321129,0.321129,0.321129,0.321129,0.321129,0.321129,0.321129,0.321129,0.321129
2683,25620,145241,0.503131,0.321129,13,27,5,0.321129,0.321129,0.321129,0.321129,0.321129,0.321129,0.321129,0.321129,0.321129,0.321129,0.321129,0.321129,0.321129,0.321129,0.321129,0.321129,0.321129,0.321129,0.321129,0.321129
2684,25630,145366,0.503131,0.321129,13,27,5,0.321129,0.321129,0.321129,0.321129,0.321129,0.321129,0.321129,0.321129,0.321129,0.321129,0.321129,0.321129,0.321129,0.321129,0.321129,0.321129,0.321129,0.321129,0.321129,0.321129
2685,25640,145472,0.503131,0.321129,13,27,5,0.321129,0.321129,0.321129,0.321129,0.321129,0.321129,0.321129,0.321129,0.321129,0.321129,0.321129,0.321129,0.321129,0.321129,0.321129,0.321129,0.321129,0.321129,0.321129,0.321129
2686,25650,145599,0.503131,0.321129,13,27,5,0.321129,0.321129,0.321129,0.321129,0.321129,0.321129,0.321129,0.321129,0.321129,0.321129,0.321129,0.321129,0.321129,0.321129,0.321129,0.321129,0.321129,0.321129,0.321129,0.321129
2687,25660,145723,0.503131,0.321129,13,27,5,0.321129,0.321129,0.321129,0.321129,0.321129,0.321129,0.321129,0.321129,0.321129,0.321129,0.321129,0.321129,0.321129,0.321129,0.321129,0.321129,0.321129,0.321129,0.321129,0.321129
2688,25670,145727,0.503131,0.321129,13,27,5,0.321129,0.321129,0.321129,0.321129,0.321129,0.321129,0.321129,0.321129,0.321129,0.321129,0.321129,0.321129,0.321129,0.321129,0.321129,0.321129,0.321129,0.321129,0.321129,0.321129
2689,25680,145777,0.503131,0.321129,13,27,5,0.321129,0.321129,0.321129,0.321129,0.321129,0.321129,0.321129,0.321129,0.321129,0.321129,0.321129,0.321129,0.321129,0.321129,0.321129,0.321129,0.321129,0.321129,0.321129,0.321129
2690,25690,145864,0.503131,0.321129,13,27,5,0.321129,0.321129,0.321129,0.321129,0.321129,0.321129,0.321129,0.321129,0.321129,0.321129,0.321129,0.321129,0.321129,0.321129,0.321129,0.321129,0.321129,0.321129,0.321129,0.321129
2691,25700,145883,0.503131,0.321129,13,27,5,0.321129,0.321129,0.321129,0.321129,0.321129,0.321129,0.321129,0.321129,0.321129,0.321129,0.321129,0.321129,0.321129,0.321129,0.321129,0.321129,0.321129,0.321129,0.321129,0.321129
2692,25710,145908,0.503131,0.321129,13,27,5,0.321129,0.321129,0.321129,0.321129,0.321129,0.321129,0.321129,0.321129,0.321129,0.321129,0.321129,0.321129,0.321129,0.321129,0.321129,0.321129,0.321129,0.321129,0.321129,0.321129
2693,25720,146147,0.503131,0.321129,13,27,5,0.321129,0.321129,0.321129,0.321129,0.321129,0.321129,0.321129,0.321129,0.321129,0.321129,0.321129,0.321129,0.321129,0.321129,0.321129,0.321129,0.321129,0.321129,0.321129,0.321129
2694,25730,146289,0.503131,0.321129,13,27,5,0.321129,0.321129,0.321129,0.321129,0.321129,0.321129,0.321129,0.321129,0.321129,0.321129,0.321129,0.321129,0.321129,0.321129,0.321129,0.321129,0.321129,0.321129,0.321129,0.321129
2695,25740,146323,0.503131,0.321129,13,27,5,0.321129,0.321129,0.321129,0.321129,0.321129,0.321129,0.321129,0.321129,0.321129,0.321129,0.321129,0.321129,0.321129,0.321129,0.321129,0.321129,0.321129,0.321129,0.321129,0.321129
2696,25750,146389,0.503131,0.321129,13,27,5,0.321129,0.321129,0.321129,0.321129,0.321129,0.321129,0.321129,0.321129,0.321129,0.321129,0.321129,0.321129,0.321129,0.321129,0.321129,0.321129,0.321129,0.321129,0.321129,0.321129
2697,25760,146448,0.503131,0.321129,13,27,5,0.321129,0.321129,0.321129,0.321129,0.321129,0.321129,0.321129,0.321129,0.321129,0.321129,0.321129,0.321129,0.321129,0.321129,0.321129,0.321129,0.321129,0.321129,0.321129,0.321129
2698,25770,146472,0.503131,0.321129,13,27,5,0.321129,0.321129,0.321129,0.321129,0.321129,0.321129,0.321129,0.321129,0.321129,0.321129,0.321129,0.321129,0.321129,0.321129,0.321129,0.321129,0.321129,0.321129,0.321129,0.321129
2699,25780,146565,0.503131,0.321129,13,27,5,0.321129,0.321129,0.321129,0.321129,0.321129,0.321129,0.321129,0.321129,0.321129,0.321129,0.321129,0.321129,0.321129,0.321129,0.321129,0.321129,0.321129,0.321129,0.321129,0.321129
2700,25790,146700,0.503131,0.321129,13,27,5,0.321129,0.321129,0.321129,0.321129,0.321129,0.321129,0.321129,0.321129,0.321129,0.321129,0.321129,0.321129,0.321129,0.321129,0.321129,0.321129,0.321129,0.321129,0.321129,0.321129
2701,25800,146785,0.503131,0.321129,13,27,5,0.321129,0.321129,0.321129,0.321129,0.321129,0.321129,0.321129,0.321129,0.321129,0.321129,0.321129,0.321129,0.321129,0.321129,0.321129,0.321129,0.321129,0.321129,0.321129,0.321129
2702,25810,146796,0.503131,0.321129,13,27,5,0.321129,0.321129,0.321129,0.321129,0.321129,0.321129,0.321129,0.321129,0.321129,0.321129,0.321129,0.321129,0.321129,0.321129,0.321129,0.321129,0.321129,0.321129,0.321129,0.321129
2703,25820,146976,0.503131,0.321129,13,27,5,0.321129,0.321129,0.321129,0.321129,0.321129,0.321129,0.321129,0.321129,0.321129,0.321129,0.321129,0.321129,0.321129,0.321129,0.321129,0.321129,0.321129,0.321129,0.321129,0.321129
2704,25830,146989,0.503131,0.321129,13,27,5,0.321129,0.321129,0.321129,0.321129,0.321129,0.321129,0.321129,0.321129,0.321129,0.321129,0.321129,0.321129,0.321129,0.321129,0.321129,0.321129,0.321129,0.321129,0.321129,0.321129
2705,25840,147014,0.503131,0.321129,13,27,5,0.321129,0.321129,0.321129,0.321129,0.321129,0.321129,0.321129,0.321129,0.321129,0.321129,0.321129,0.321129,0.321129,0.321129,0.321129,0.321129,0.321129,0.321129,0.321129,0.321129
2706,25850,147248,0.503131,0.321129,13,27,5,0.321129,0.321129,0.321129,0.321129,0.321129,0.321129,0.321129,0.321129,0.321129,0.321129,0.321129,0.321129,0.321129,0.321129,0.321129,0.321129,0.321129,0.321129,0.321129,0.321129
2707,25860,147249,0.503131,0.321129,13,27,5,0.321129,0.321129,0.321129,0.321129,0.321129,0.321129,0.321129,0.321129,0.321129,0.321129,0.321129,0.321129,0.321129,0.321129,0.321129,0.321129,0.321129,0.321129,0.321129,0.321129
2708,25870,147279,0.503131,0.321129,13,27,5,0.321129,0.321129,0.321129,0.321129,0.321129,0.321129,0.321129,0.321129,0.321129,0.321129,0.321129,0.321129,0.321129,0.321129,0.321129,0.321129,0.321129,0.321129,0.321129,0.321129
2709,25880,147344,0.503131,0.321129,13,27,5,0.321129,0.321129,0.321129,0.321129,0.321129,0.321129,0.321129,0.321129,0.321129,0.321129,0.321129,0.321129,0.321129,0.321129,0.321129,0.321129,0.321129,0.321129,0.321129,0.321129
2710,25890,147465,0.503131,0.321129,13,27,5,0.321129,0.321129,0.321129,0.321129,0.321129,0.321129,0.321129,0.321129,0.321129,0.321129,0.321129,0.321129,0.321129,0.321129,0.321129,0.321129,0.321129,0.321129,0.321129,0.321129
2711,25900,147535,0.503131,0.321129,13,27,5,0.321129,0.321129,0.321129,0.321129,0.321129,0.321129,0.321129,0.321129,0.321129,0.321129,0.321129,0.321129,0.321129,0.321129,0.321129,0.321129,0.321129,0.321129,0.321129,0.321129
2712,25910,147583,0.503131,0.321129,13,27,5,0.321129,0.321129,0.321129,0.321129,0.321129,0.321129,0.321129,0.321129,0.321129,0.321129,0.321129,0.321129,0.321129,0.321129,0.321129,0.321129,0.321129,0.321129,0.321129,0.321129
2713,25920,147700,0.503131,0.321129,13,27,5,0.321129,0.321129,0.321129,0.321129,0.321129,0.321129,0.321129,0.321129,0.321129,0.321129,0.321129,0.321129,0.321129,0.321129,0.321129,0.321129,0.321129,0.321129,0.321129,0.321129
2714,25930,147784,0.503131,0.321129,13,27,5,0.321129,0.321129,0.321129,0.321129,0.321129,0.321129,0.321129,0.321129,0.321129,0.321129,0.321129,0.321129,0.321129,0.321129,0.321129,0.321129,0.321129,0.321129,0.321129,0.321129
2715,25940,147808,0.503131,0.321129,13,27,5,0.321129,0.321129,0.321129,0.321129,0.321129,0.321129,0.321129,0.321129,0.321129,0.321129,0.321129,0.321129,0.321129,0.321129,0.321129,0.321129,0.321129,0.321129,0.321129,0.321129
2716,25950,147983,0.503131,0.321129,13,27,5,0.321129,0.321129,0.321129,0.321129,0.321129,0.321129,0.321129,0.321129,0.321129,0.321129,0.321129,0.321129,0.321129,0.321129,0.321129,0.321129,0.321129,0.321129,0.321129,0.321129
2717,25960,148019,0.503131,0.321129,13,27,5,0.321129,0.321129,0.321129,0.321129,0.321129,0.321129,0.321129,0.321129,0.321129,0.321129,0.321129,0.321129,0.321129,0.321129,0.321129,0.321129,0.321129,0.321129,0.321129,0.321129
2718,25970,148159,0.503131,0.321129,13,27,5,0.321129,0.321129,0.321129,0.321129,0.321129,0.321129,0.321129,0.321129,0.321129,0.321129,0.321129,0.321129,0.321129,0.321129,0.321129,0.321129,0.321129,0.321129,0.321129,0.321129
2719,25980,148205,0.503131,0.321129,13,27,5,0.321129,0.321129,0.321129,0.321129,0.321129,0.321129,0.321129,0.321129,0.321129,0.321129,0.321129,0.321129,0.321129,0.321129,0.321129,0.321129,0.321129,0.321129,0.321129,0.321129
2720,25990,148246,0.503131,0.321129,13,27,5,0.321129,0.321129,0.321129,0.321129,0.321129,0.321129,0.321129,0.321129,0.321129,0.321129,0.321129,0.321129,0.321129,0.321129,0.321129,0.321129,0.321129,0.321129,0.321129,0.321129
2721,26000,148365,0.503131,0.321129,13,27,5,0.321129,0.321129,0.321129,0.321129,0.321129,0.321129,0.321129,0.321129,0.321129,0.321129,0.321129,0.321129,0.321129,0.321129,0.321129,0.321129,0.321129,0.321129,0.321129,0.321129
2722,26010,148400,0.503131,0.321129,13,27,5,0.321129,0.321129,0.321129,0.321129,0.321129,0.321129,0.321129,0.321129,0.321129,0.321129,0.321129,0.321129,0.321129,0.321129,0.321129,0.321129,0.321129,0.321129,0.321129,0.321129
2723,26020,148467,0.503131,0.321129,13,27,5,0.321129,0.321129,0.321129,0.321129,0.321129,0.321129,0.321129,0.321129,0.321129,0.321129,0.321129,0.321129,0.321129,0.321129,0.321129,0.321129,0.321129,0.321129,0.321129,0.321129
2724,26030,148490,0.503131,0.321129,13,27,5,0.321129,0.321129,0.321129,0.321129,0.321129,0.321129,0.321129,0.321129,0.321129,0.321129,0.321129,0.321129,0.321129,0.321129,0.321129,0.321129,0.321129,0.321129,0.321129,0.321129
2725,26040,148663,0.503131,0.321129,13,27,5,0.321129,0.321129,0.321129,0.321129,0.321129,0.321129,0.321129,0.321129,0.321129,0.321129,0.321129,0.321129,0.321129,0.321129,0.321129,0.321129,0.321129,0.321129,0.321129,0.321129
2726,26050,148747,0.503131,0.321129,13,27,5,0.321129,0.321129,0.321129,0.321129,0.321129,0.321129,0.321129,0.321129,0.321129,0.321129,0.321129,0.321129,0.321129,0.321129,0.321129,0.321129,0.321129,0.321129,0.321129,0.321129
2727,26060,148844,0.503131,0.321129,13,27,5,0.321129,0.321129,0.321129,0.321129,0.321129,0.321129,0.321129,0.321129,0.321129,0.321129,0.321129,0.321129,0.321129,0.321129,0.321129,0.321129,0.321129,0.321129,0.321129,0.321129
2728,26070,148860,0.503131,0.321129,13,27,5,0.321129,0.321129,0.321129,0.321129,0.321129,0.321129,0.321129,0.321129,0.321129,0.321129,0.321129,0.321129,0.321129,0.321129,0.321129,0.321129,0.321129,0.321129,0.321129,0.321129
2729,26080,148921,0.503131,0.321129,13,27,5,0.321129,0.321129,0.321129,0.321129,0.321129,0.321129,0.321129,0.321129,0.321129,0.321129,0.321129,0.321129,0.321129,0.321129,0.321129,0.321129,0.321129,0.321129,0.321129,0.321129
2730,26090,148933,0.503131,0.321129,13,27,5,0.321129,0.321129,0.321129,0.321129,0.321129,0.321129,0.321129,0.321129,0.321129,0.321129,0.321129,0.321129,0.321129,0.321129,0.321129,0.321129,0.321129,0.321129,0.321129,0.321129
2731,26100,149123,0.503131,0.321129,13,27,5,0.321129,0.321129,0.321129,0.321129,0.321129,0.321129,0.321129,0.321129,0.321129,0.321129,0.321129,0.321129,0.321129,0.321129,0.321129,0.321129,0.321129,0.321129,0.321129,0.321129
2732,26110,149224,0.503131,0.321129,13,27,5,0.321129,0.321129,0.321129,0.321129,0.321129,0.321129,0.321129,0.321129,0.321129,0.321129,0.321129,0.321129,0.321129,0.321129,0.321129,0.321129,0.321129,0.321129,0.321129,0.321129
2733,26120,149311,0.503131,0.321129,13,27,5,0.321129,0.321129,0.321129,0.321129,0.321129,0.321129,0.321129,0.321129,0.321129,0.321129,0.321129,0.321129,0.321129,0.321129,0.321129,0.321129,0.321129,0.321129,0.321129,0.321129
2734,26130,149317,0.503131,0.321129,13,27,5,0.321129,0.321129,0.321129,0.321129,0.321129,0.321129,0.321129,0.321129,0.321129,0.321129,0.321129,0.321129,0.321129,0.321129,0.321129,0.321129,0.321129,0.321129,0.321129,0.321129
2735,26140,149453,0.503131,0.321129,13,27,5,0.321129,0.321129,0.321129,0.321129,0.321129,0.321129,0.321129,0.321129,0.321129,0.321129,0.321129,0.321129,0.321129,0.321129,0.321129,0.321129,0.321129,0.321129,0.321129,0.321129
2736,26150,149461,0.503131,0.321129,13,27,5,0.321129,0.321129,0.321129,0.321129,0.321129,0.321129,0.321129,0.321129,0.321129,0.321129,0.321129,0.321129,0.321129,0.321129,0.321129,0.321129,0.321129,0.321129,0.321129,0.321129
2737,26160,149468,0.503131,0.321129,13,27,5,0.321129,0.321129,0.321129,0.321129,0.321129,0.321129,0.321129,0.321129,0.321129,0.321129,0.321129,0.321129,0.321129,0.321129,0.321129,0.321129,0.321129,0.321129,0.321129,0.321129
2738,26170,149674,0.503131,0.321129,13,27,5,0.321129,0.321129,0.321129,0.321129,0.321129,0.321129,0.321129,0.321129,0.321129,0.321129,0.321129,0.321129,0.321129,0.321129,0.321129,0.321129,0.321129,0.321129,0.321129,0.321129
2739,26180,149676,0.503131,0.321129,13,27,5,0.321129,0.321129,0.321129,0.321129,0.321129,0.321129,0.321129,0.321129,0.321129,0.321129,0.321129,0.321129,0.321129,0.321129,0.321129,0.321129,0.321129,0.321129,0.321129,0.321129
2740,26190,149834,0.503131,0.321129,13,27,5,0.321129,0.321129,0.321129,0.321129,0.321129,0.321129,0.321129,0.321129,0.321129,0.321129,0.321129,0.321129,0.321129,0.321129,0.321129,0.321129,0.321129,0.321129,0.321129,0.321129
2741,26200,149855,0.503131,0.321129,13,27,5,0.321129,0.321129,0.321129,0.321129,0.321129,0.321129,0.321129,0.321129,0.321129,0.321129,0.321129,0.321129,0.321129,0.321129,0.321129,0.321129,0.321129,0.321129,0.321129,0.321129
2742,26210,150009,0.503131,0.321129,13,27,5,0.321129,0.321129,0.321129,0.321129,0.321129,0.321129,0.321129,0.321129,0.321129,0.321129,0.321129,0.321129,0.321129,0.321129,0.321129,0.321129,0.321129,0.321129,0.321129,0.321129
2743,26220,150048,0.503131,0.321129,13,27,5,0.321129,0.321129,0.321129,0.321129,0.321129,0.321129,0.321129,0.321129,0.321129,0.321129,0.321129,0.321129,0.321129,0.321129,0.321129,0.321129,0.321129,0.321129,0.321129,0.321129
2744,26230,150068,0.503131,0.321129,13,27,5,0.321129,0.321129,0.321129,0.321129,0.321129,0.321129,0.321129,0.321129,0.321129,0.321129,0.321129,0.321129,0.321129,0.321129,0.321129,0.321129,0.321129,0.321129,0.321129,0.321129
2745,26240,150156,0.503131,0.321129,13,27,5,0.321129,0.321129,0.321129,0.321129,0.321129,0.321129,0.321129,0.321129,0.321129,0.321129,0.321129,0.321129,0.321129,0.321129,0.321129,0.321129,0.321129,0.321129,0.321129,0.321129
2746,26250,150289,0.503131,0.321129,13,27,5,0.321129,0.321129,0.321129,0.321129,0.321129,0.321129,0.321129,0.321129,0.321129,0.321129,0.321129,0.321129,0.321129,0.321129,0.321129,0.321129,0.321129,0.321129,0.321129,0.321129
2747,26260,150298,0.503131,0.321129,13,27,5,0.321129,0.321129,0.321129,0.321129,0.321129,0.321129,0.321129,0.321129,0.321129,0.321129,0.321129,0.321129,0.321129,0.321129,0.321129,0.321129,0.321129,0.321129,0.321129,0.321129
2748,26270,150326,0.503131,0.321129,13,27,5,0.321129,0.321129,0.321129,0.321129,0.321129,0.321129,0.321129,0.321129,0.321129,0.321129,0.321129,0.321129,0.321129,0.321129,0.321129,0.321129,0.321129,0.321129,0.321129,0.321129
2749,26280,150487,0.503131,0.321129,13,27,5,0.321129,0.321129,0.321129,0.321129,0.321129,0.321129,0.321129,0.321129,0.321129,0.321129,0.321129,0.321129,0.321129,0.321129,0.321129,0.321129,0.321129,0.321129,0.321129,0.321129
2750,26290,150547,0.503131,0.321129,13,27,5,0.321129,0.321129,0.321129,0.321129,0.321129,0.321129,0.321129,0.321129,0.321129,0.321129,0.321129,0.321129,0.321129,0.321129,0.321129,0.321129,0.321129,0.321129,0.321129,0.321129
2751,26300,150604,0.503131,0.321129,13,27,5,0.321129,0.321129,0.321129,0.321129,0.321129,0.321129,0.321129,0.321129,0.321129,0.321129,0.321129,0.321129,0.321129,0.321129,0.321129,0.321129,0.321129,0.321129,0.321129,0.321129
2752,26310,150718,0.503131,0.321129,13,27,5,0.321129,0.321129,0.321129,0.321129,0.321129,0.321129,0.321129,0.321129,0.321129,0.321129,0.321129,0.321129,0.321129,0.321129,0.321129,0.321129,0.321129,0.321129,0.321129,0.321129
2753,26320,150736,0.503131,0.321129,13,27,5,0.321129,0.321129,0.321129,0.321129,0.321129,0.321129,0.321129,0.321129,0.321129,0.321129,0.321129,0.321129,0.321129,0.321129,0.321129,0.321129,0.321129,0.321129,0.321129,0.321129
2754,26330,150746,0.503131,0.321129,13,27,5,0.321129,0.321129,0.321129,0.321129,0.321129,0.321129,0.321129,0.321129,0.321129,0.321129,0.321129,0.321129,0.321129,0.321129,0.321129,0.321129,0.321129,0.321129,0.321129,0.321129
2755,26340,150831,0.503131,0.321129,13,27,5,0.321129,0.321129,0.321129,0.321129,0.321129,0.321129,0.321129,0.321129,0.321129,0.321129,0.321129,0.321129,0.321129,0.321129,0.321129,0.321129,0.321129,0.321129,0.321129,0.321129
2756,26350,150921,0.503131,0.321129,13,27,5,0.321129,0.321129,0.321129,0.321129,0.321129,0.321129,0.321129,0.321129,0.321129,0.321129,0.321129,0.321129,0.321129,0.321129,0.321129,0.321129,0.321129,0.321129,0.321129,0.321129
2757,26360,151086,0.503131,0.321129,13,27,5,0.321129,0.321129,0.321129,0.321129,0.321129,0.321129,0.321129,0.321129,0.321129,0.321129,0.321129,0.321129,0.321129,0.321129,0.321129,0.321129,0.321129,0.321129,0.321129,0.321129
2758,26370,151161,0.503131,0.321129,13,27,5,0.321129,0.321129,0.321129,0.321129,0.321129,0.321129,0.321129,0.321129,0.321129,0.321129,0.321129,0.321129,0.321129,0.321129,0.321129,0.321129,0.321129,0.321129,0.321129,0.321129
2759,26380,151181,0.503131,0.321129,13,27,5,0.321129,0.321129,0.321129,0.321129,0.321129,0.321129,0.321129,0.321129,0.321129,0.321129,0.321129,0.321129,0.321129,0.321129,0.321129,0.321129,0.321129,0.321129,0.321129,0.321129
2760,26390,151227,0.503131,0.321129,13,27,5,0.321129,0.321129,0.321129,0.321129,0.321129,0.321129,0.321129,0.321129,0.321129,0.321129,0.321129,0.321129,0.321129,0.321129,0.321129,0.321129,0.321129,0.321129,0.321129,0.321129
2761,26400,151313,0.503131,0.321129,13,27,5,0.321129,0.321129,0.321129,0.321129,0.321129,0.321129,0.321129,0.321129,0.321129,0.321129,0.321129,0.321129,0.321129,0.321129,0.321129,0.321129,0.321129,0.321129,0.321129,0.321129
2762,26410,151332,0.503131,0.321129,13,27,5,0.321129,0.321129,0.321129,0.321129,0.321129,0.321129,0.321129,0.321129,0.321129,0.321129,0.321129,0.321129,0.321129,0.321129,0.321129,0.321129,0.321129,0.321129,0.321129,0.321129
2763,26420,151395,0.503131,0.321129,13,27,5,0.321129,0.321129,0.321129,0.321129,0.321129,0.321129,0.321129,0.321129,0.321129,0.321129,0.321129,0.321129,0.321129,0.321129,0.321129,0.321129,0.321129,0.321129,0.321129,0.321129
2764,26430,151543,0.503131,0.321129,13,27,5,0.321129,0.321129,0.321129,0.321129,0.321129,0.321129,0.321129,0.321129,0.321129,0.321129,0.321129,0.321129,0.321129,0.321129,0.321129,0.321129,0.321129,0.321129,0.321129,0.321129
2765,26440,151605,0.503131,0.321129,13,27,5,0.321129,0.321129,0.321129,0.321129,0.321129,0.321129,0.321129,0.321129,0.321129,0.321129,0.321129,0.321129,0.321129,0.321129,0.321129,0.321129,0.321129,0.321129,0.321129,0.321129
2766,26450,151629,0.503131,0.321129,13,27,5,0.321129,0.321129,0.321129,0.321129,0.321129,0.321129,0.321129,0.321129,0.321129,0.321129,0.321129,0.321129,0.321129,0.321129,0.321129,0.321129,0.321129,0.321129,0.321129,0.321129
2767,26460,151801,0.503131,0.321129,13,27,5,0.321129,0.321129,0.321129,0.321129,0.321129,0.321129,0.321129,0.321129,0.321129,0.321129,0.321129,0.321129,0.321129,0.321129,0.321129,0.321129,0.321129,0.321129,0.321129,0.321129
2768,26470,151841,0.503131,0.321129,13,27,5,0.321129,0.321129,0.321129,0.321129,0.321129,0.321129,0.321129,0.321129,0.321129,0.321129,0.321129,0.321129,0.321129,0.321129,0.321129,0.321129,0.321129,0.321129,0.321129,0.321129
2769,26480,151891,0.503131,0.321129,13,27,5,0.321129,0.321129,0.321129,0.321129,0.321129,0.321129,0.321129,0.321129,0.321129,0.321129,0.321129,0.321129,0.321129,0.321129,0.321129,0.321129,0.321129,0.321129,0.321129,0.321129
2770,26490,151898,0.503131,0.321129,13,27,5,0.321129,0.321129,0.321129,0.321129,0.321129,0.321129,0.321129,0.321129,0.321129,0.321129,0.321129,0.321129,0.321129,0.321129,0.321129,0.321129,0.321129,0.321129,0.321129,0.321129
2771,26500,152035,0.503131,0.321129,13,27,5,0.321129,0.321129,0.321129,0.321129,0.321129,0.321129,0.321129,0.321129,0.321129,0.321129,0.321129,0.321129,0.321129,0.321129,0.321129,0.321129,0.321129,0.321129,0.321129,0.321129
2772,26510,152072,0.503131,0.321129,13,27,5,0.321129,0.321129,0.321129,0.321129,0.321129,0.321129,0.321129,0.321129,0.321129,0.321129,0.321129,0.321129,0.321129,0.321129,0.321129,0.321129,0.321129,0.321129,0.321129,0.321129
2773,26520,152164,0.503131,0.321129,13,27,5,0.321129,0.321129,0.321129,0.321129,0.321129,0.321129,0.321129,0.321129,0.321129,0.321129,0.321129,0.321129,0.321129,0.321129,0.321129,0.321129,0.321129,0.321129,0.321129,0.321129
2774,26530,152231,0.503131,0.321129,13,27,5,0.321129,0.321129,0.321129,0.321129,0.321129,0.321129,0.321129,0.321129,0.321129,0.321129,0.321129,0.321129,0.321129,0.321129,0.321129,0.321129,0.321129,0.321129,0.321129,0.321129
2775,26540,152335,0.503131,0.321129,13,27,5,0.321129,0.321129,0.321129,0.321129,0.321129,0.321129,0.321129,0.321129,0.321129,0.321129,0.321129,0.321129,0.321129,0.321129,0.321129,0.321129,0.321129,0.321129,0.321129,0.321129
2776,26550,152345,0.503131,0.321129,13,27,5,0.321129,0.321129,0.321129,0.321129,0.321129,0.321129,0.321129,0.321129,0.321129,0.321129,0.321129,0.321129,0.321129,0.321129,0.321129,0.321129,0.321129,0.321129,0.321129,0.321129
2777,26560,152421,0.503131,0.321129,13,27,5,0.321129,0.321129,0.321129,0.321129,0.321129,0.321129,0.321129,0.321129,0.321129,0.321129,0.321129,0.321129,0.321129,0.321129,0.321129,0.321129,0.321129,0.321129,0.321129,0.321129
2778,26570,152527,0.503131,0.321129,13,27,5,0.321129,0.321129,0.321129,0.321129,0.321129,0.321129,0.321129,0.321129,0.321129,0.321129,0.321129,0.321129,0.321129,0.321129,0.321129,0.321129,0.321129,0.321129,0.321129,0.321129
2779,26580,152543,0.503131,0.321129,13,27,5,0.321129,0.321129,0.321129,0.321129,0.321129,0.321129,0.321129,0.321129,0.321129,0.321129,0.321129,0.321129,0.321129,0.321129,0.321129,0.321129,0.321129,0.321129,0.321129,0.321129
2780,26590,152648,0.503131,0.321129,13,27,5,0.321129,0.321129,0.321129,0.321129,0.321129,0.321129,0.321129,0.321129,0.321129,0.321129,0.321129,0.321129,0.321129,0.321129,0.321129,0.321129,0.321129,0.321129,0.321129,0.321129
2781,26600,152691,0.503131,0.321129,13,27,5,0.321129,0.321129,0.321129,0.321129,0.321129,0.321129,0.321129,0.321129,0.321129,0.321129,0.321129,0.321129,0.321129,0.321129,0.321129,0.321129,0.321129,0.321129,0.321129,0.321129
2782,26610,152724,0.503131,0.321129,13,27,5,0.321129,0.321129,0.321129,0.321129,0.321129,0.321129,0.321129,0.321129,0.321129,0.321129,0.321129,0.321129,0.321129,0.321129,0.321129,0.321129,0.321129,0.321129,0.321129,0.321129
2783,26620,152915,0.503131,0.321129,13,27,5,0.321129,0.321129,0.321129,0.321129,0.321129,0.321129,0.321129,0.321129,0.321129,0.321129,0.321129,0.321129,0.321129,0.321129,0.321129,0.321129,0.321129,0.321129,0.321129,0.321129
2784,26630,152973,0.503131,0.321129,13,27,5,0.321129,0.321129,0.321129,0.321129,0.321129,0.321129,0.321129,0.321129,0.321129,0.321129,0.321129,0.321129,0.321129,0.321129,0.321129,0.321129,0.321129,0.321129,0.321129,0.321129
2785,26640,152995,0.503131,0.321129,13,27,5,0.321129,0.321129,0.321129,0.321129,0.321129,0.321129,0.321129,0.321129,0.321129,0.321129,0.321129,0.321129,0.321129,0.321129,0.321129,0.321129,0.321129,0.321129,0.321129,0.321129
2786,26650,153081,0.503131,0.321129,13,27,5,0.321129,0.321129,0.321129,0.321129,0.321129,0.321129,0.321129,0.321129,0.321129,0.321129,0.321129,0.321129,0.321129,0.321129,0.321129,0.321129,0.321129,0.321129,0.321129,0.321129
2787,26660,153127,0.503131,0.321129,13,27,5,0.321129,0.321129,0.321129,0.321129,0.321129,0.321129,0.321129,0.321129,0.321129,0.321129,0.321129,0.321129,0.321129,0.321129,0.321129,0.321129,0.321129,0.321129,0.321129,0.321129
2788,26670,153154,0.503131,0.321129,13,27,5,0.321129,0.321129,0.321129,0.321129,0.321129,0.321129,0.321129,0.321129,0.321129,0.321129,0.321129,0.321129,0.321129,0.321129,0.321129,0.321129,0.321129,0.321129,0.321129,0.321129
2789,26680,153360,0.503131,0.321129,13,27,5,0.321129,0.321129,0.321129,0.321129,0.321129,0.321129,0.321129,0.321129,0.321129,0.321129,0.321129,0.321129,0.321129,0.321129,0.321129,0.321129,0.321129,0.321129,0.321129,0.321129
2790,26690,153425,0.503131,0.321129,13,27,5,0.321129,0.321129,0.321129,0.321129,0.321129,0.321129,0.321129,0.321129,0.321129,0.321129,0.321129,0.321129,0.321129,0.321129,0.321129,0.321129,0.321129,0.321129,0.321129,0.321129
2791,26700,153426,0.503131,0.321129,13,27,5,0.321129,0.321129,0.321129,0.321129,0.321129,0.321129,0.321129,0.321129,0.321129,0.321129,0.321129,0.321129,0.321129,0.321129,0.321129,0.321129,0.321129,0.321129,0.321129,0.321129
2792,26710,153519,0.503131,0.321129,13,27,5,0.321129,0.321129,0.321129,0.321129,0.321129,0.321129,0.321129,0.321129,0.321129,0.321129,0.321129,0.321129,0.321129,0.321129,0.321129,0.321129,0.321129,0.321129,0.321129,0.321129
2793,26720,153572,0.503131,0.321129,13,27,5,0.321129,0.321129,0.321129,0.321129,0.321129,0.321129,0.321129,0.321129,0.321129,0.321129,0.321129,0.321129,0.321129,0.321129,0.321129,0.321129,0.321129,0.321129,0.321129,0.321129
2794,26730,153632,0.503131,0.321129,13,27,5,0.321129,0.321129,0.321129,0.321129,0.321129,0.321129,0.321129,0.321129,0.321129,0.321129,0.321129,0.321129,0.321129,0.321129,0.321129,0.321129,0.321129,0.321129,0.321129,0.321129
2795,26740,153762,0.503131,0.321129,13,27,5,0.321129,0.321129,0.321129,0.321129,0.321129,0.321129,0.321129,0.321129,0.321129,0.321129,0.321129,0.321129,0.321129,0.321129,0.321129,0.321129,0.321129,0.321129,0.321129,0.321129
2796,26750,153809,0.503131,0.321129,13,27,5,0.321129,0.321129,0.321129,0.321129,0.321129,0.321129,0.321129,0.321129,0.321129,0.321129,0.321129,0.321129,0.321129,0.321129,0.321129,0.321129,0.321129,0.321129,0.321129,0.321129
2797,26760,153903,0.503131,0.321129,13,27,5,0.321129,0.321129,0.321129,0.321129,0.321129,0.321129,0.321129,0.321129,0.321129,0.321129,0.321129,0.321129,0.321129,0.321129,0.321129,0.321129,0.321129,0.321129,0.321129,0.321129
2798,26770,153955,0.503131,0.321129,13,27,5,0.321129,0.321129,0.321129,0.321129,0.321129,0.321129,0.321129,0.321129,0.321129,0.321129,0.321129,0.321129,0.321129,0.321129,0.321129,0.321129,0.321129,0.321129,0.321129,0.321129
2799,26780,154014,0.503131,0.321129,13,27,5,0.321129,0.321129,0.321129,0.321129,0.321129,0.321129,0.321129,0.321129,0.321129,0.321129,0.321129,0.321129,0.321129,0.321129,0.321129,0.321129,0.321129,0.321129,0.321129,0.321129
2800,26790,154054,0.503131,0.321129,13,27,5,0.321129,0.321129,0.321129,0.321129,0.321129,0.321129,0.321129,0.321129,0.321129,0.321129,0.321129,0.321129,0.321129,0.321129,0.321129,0.321129,0.321129,0.321129,0.321129,0.321129
2801,26800,154102,0.503131,0.321129,13,27,5,10000000.000000,10000000.000000,0.321129,0.321129,0.321129,0.321129,0.321129,0.321129,0.321129,0.321129,0.321129,0.321129,0.321129,0.321129,0.321129,0.321129,0.321129,0.321129,0.321129,0.321129
2802,26810,154211,0.503131,0.321129,13,27,5,10000000.000000,10000000.000000,0.321129,0.321129,0.321129,0.321129,0.321129,0.321129,0.321129,0.321129,0.321129,0.321129,0.321129,0.321129,0.321129,0.321129,0.321129,0.321129,0.321129,0.321129
2803,26820,154419,0.503131,0.321129,13,27,5,10000000.000000,10000000.000000,0.321129,0.321129,0.321129,0.321129,0.321129,0.321129,0.321129,0.321129,0.321129,0.321129,0.321129,0.321129,0.321129,0.321129,0.321129,0.321129,0.321129,0.321129
2804,26830,154467,0.503131,0.321129,13,27,5,10000000.000000,10000000.000000,0.321129,0.321129,0.321129,0.321129,0.321129,0.321129,0.321129,0.321129,0.321129,0.321129,0.321129,0.321129,0.321129,0.321129,0.321129,0.321129,0.321129,0.321129
2805,26840,154478,0.503131,0.321129,13,27,5,10000000.000000,10000000.000000,0.321129,0.321129,0.321129,0.321129,0.321129,0.321129,0.321129,0.321129,0.321129,0.321129,0.321129,0.321129,0.321129,0.321129,0.321129,0.321129,0.321129,0.321129
2806,26850,154501,0.503131,0.321129,13,27,5,10000000.000000,10000000.000000,0.321129,0.321129,0.321129,0.321129,0.321129,0.321129,0.321129,0.321129,0.321129,0.321129,0.321129,0.321129,0.321129,0.321129,0.321129,0.321129,0.321129,0.321129
2807,26860,154523,0.503131,0.321129,13,27,5,0.321129,0.321129,0.321129,0.321129,0.321129,0.321129,0.321129,0.321129,0.321129,0.321129,0.321129,0.321129,0.321129,0.321129,0.321129,0.321129,0.321129,0.321129,0.321129,0.321129
2808,26870,154553,0.503131,0.321129,13,27,5,0.321129,0.321129,0.321129,0.321129,0.321129,0.321129,0.321129,0.321129,0.321129,0.321129,0.321129,0.321129,0.321129,0.321129,0.321129,0.321129,0.321129,0.321129,0.321129,0.321129
2809,26880,154750,0.503131,0.321129,13,27,5,0.321129,0.321129,0.321129,0.321129,0.321129,0.321129,0.321129,0.321129,0.321129,0.321129,0.321129,0.321129,0.321129,0.321129,0.321129,0.321129,0.321129,0.321129,0.321129,0.321129
2810,26890,154818,0.503131,0.321129,13,27,5,0.321129,0.321129,0.321129,0.321129,0.321129,0.321129,0.321129,0.321129,0.321129,0.321129,0.321129,0.321129,0.321129,0.321129,0.321129,0.321129,0.321129,0.321129,0.321129,0.321129
2811,26900,154918,0.503131,0.321129,13,27,5,0.321129,0.321129,0.321129,0.321129,0.321129,0.321129,0.321129,0.321129,0.321129,0.321129,0.321129,0.321129,0.321129,0.321129,0.321129,0.321129,0.321129,0.321129,0.321129,0.321129
2812,26910,154928,0.503131,0.321129,13,27,5,0.321129,0.321129,0.321129,0.321129,0.321129,0.321129,0.321129,0.321129,0.321129,0.321129,0.321129,0.321129,0.321129,0.321129,0.321129,0.321129,0.321129,0.321129,0.321129,0.321129
2813,26920,154949,0.503131,0.321129,13,27,5,0.321129,0.321129,0.321129,0.321129,0.321129,0.321129,0.321129,0.321129,0.321129,0.321129,0.321129,0.321129,0.321129,0.321129,0.321129,0.321129,0.321129,0.321129,0.321129,0.321129
2814,26930,154953,0.503131,0.321129,13,27,5,0.321129,0.321129,0.321129,0.321129,0.321129,0.321129,0.321129,0.321129,0.321129,0.321129,0.321129,0.321129,0.321129,0.321129,0.321129,0.321129,0.321129,0.321129,0.321129,0.321129
2815,26940,155060,0.503131,0.321129,13,27,5,0.321129,0.321129,0.321129,0.321129,0.321129,0.321129,0.321129,0.321129,0.321129,0.321129,0.321129,0.321129,0.321129,0.321129,0.321129,0.321129,0.321129,0.321129,0.321129,0.321129
2816,26950,155284,0.503131,0.321129,13,27,5,0.321129,0.321129,0.321129,0.321129,0.321129,0.321129,0.321129,0.321129,0.321129,0.321129,0.321129,0.321129,0.321129,0.321129,0.321129,0.321129,0.321129,0.321129,0.321129,0.321129
2817,26960,155376,0.503131,0.321129,13,27,5,0.321129,0.321129,0.321129,0.321129,0.321129,0.321129,0.321129,0.321129,0.321129,0.321129,0.321129,0.321129,0.321129,0.321129,0.321129,0.321129,0.321129,0.321129,0.321129,0.321129
2818,26970,155386,0.503131,0.321129,13,27,5,0.321129,0.321129,0.321129,0.321129,0.321129,0.321129,0.321129,0.321129,0.321129,0.321129,0.321129,0.321129,0.321129,0.321129,0.321129,0.321129,0.321129,0.321129,0.321129,0.321129
2819,26980,155396,0.503131,0.321129,13,27,5,0.321129,0.321129,0.321129,0.321129,0.321129,0.321129,0.321129,0.321129,0.321129,0.321129,0.321129,0.321129,0.321129,0.321129,0.321129,0.321129,0.321129,0.321129,0.321129,0.321129
2820,26990,155398,0.503131,0.321129,13,27,5,0.321129,0.321129,0.321129,0.321129,0.321129,0.321129,0.321129,0.321129,0.321129,0.321129,0.321129,0.321129,0.321129,0.321129,0.321129,0.321129,0.321129,0.321129,0.321129,0.321129
2821,27000,155411,0.503131,0.321129,13,27,5,0.321129,0.321129,0.321129,0.321129,0.321129,0.321129,0.321129,0.321129,0.321129,0.321129,0.321129,0.321129,0.321129,0.321129,0.321129,0.321129,0.321129,0.321129,0.321129,0.321129
2822,27010,155488,0.503131,0.321129,13,27,5,0.321129,0.321129,0.321129,0.321129,0.321129,0.321129,0.321129,0.321129,0.321129,0.321129,0.321129,0.321129,0.321129,0.321129,0.321129,0.321129,0.321129,0.321129,0.321129,0.321129
2823,27020,155814,0.503131,0.321129,13,27,5,0.321129,0.321129,0.321129,0.321129,0.321129,0.321129,0.321129,0.321129,0.321129,0.321129,0.321129,0.321129,0.321129,0.321129,0.321129,0.321129,0.321129,0.321129,0.321129,0.321129
2824,27030,155875,0.503131,0.321129,13,27,5,0.321129,0.321129,0.321129,0.321129,0.321129,0.321129,0.321129,0.321129,0.321129,0.321129,0.321129,0.321129,0.321129,0.321129,0.321129,0.321129,0.321129,0.321129,0.321129,0.321129
2825,27040,155887,0.503131,0.321129,13,27,5,0.321129,0.321129,0.321129,0.321129,0.321129,0.321129,0.321129,0.321129,0.321129,0.321129,0.321129,0.321129,0.321129,0.321129,0.321129,0.321129,0.321129,0.321129,0.321129,0.321129
2826,27050,155913,0.503131,0.321129,13,27,5,0.321129,0.321129,0.321129,0.321129,0.321129,0.321129,0.321129,0.321129,0.321129,0.321129,0.321129,0.321129,0.321129,0.321129,0.321129,0.321129,0.321129,0.321129,0.321129,0.321129
2827,27060,155914,0.503131,0.321129,13,27,5,0.321129,0.321129,0.321129,0.321129,0.321129,0.321129,0.321129,0.321129,0.321129,0.321129,0.321129,0.321129,0.321129,0.321129,0.321129,0.321129,0.321129,0.321129,0.321129,0.321129
2828,27070,155934,0.503131,0.321129,13,27,5,0.321129,0.321129,0.321129,0.321129,0.321129,0.321129,0.321129,0.321129,0.321129,0.321129,0.321129,0.321129,0.321129,0.321129,0.321129,0.321129,0.321129,0.321129,0.321129,0.321129
2829,27080,155969,0.503131,0.321129,13,27,5,0.321129,0.321129,0.321129,0.321129,0.321129,0.321129,0.321129,0.321129,0.321129,0.321129,0.321129,0.321129,0.321129,0.321129,0.321129,0.321129,0.321129,0.321129,0.321129,0.321129
2830,27090,156228,0.503131,0.321129,13,27,5,0.321129,0.321129,0.321129,0.321129,0.321129,0.321129,0.321129,0.321129,0.321129,0.321129,0.321129,0.321129,0.321129,0.321129,0.321129,0.321129,0.321129,0.321129,0.321129,0.321129
2831,27100,156368,0.503131,0.321129,13,27,5,0.321129,0.321129,0.321129,0.321129,0.321129,0.321129,0.321129,0.321129,0.321129,0.321129,0.321129,0.321129,0.321129,0.321129,0.321129,0.321129,0.321129,0.321129,0.321129,0.321129
2832,27110,156382,0.503131,0.321129,13,27,5,0.321129,0.321129,0.321129,0.321129,0.321129,0.321129,0.321129,0.321129,0.321129,0.321129,0.321129,0.321129,0.321129,0.321129,0.321129,0.321129,0.321129,0.321129,0.321129,0.321129
2833,27120,156399,0.503131,0.321129,13,27,5,0.321129,0.321129,0.321129,0.321129,0.321129,0.321129,0.321129,0.321129,0.321129,0.321129,0.321129,0.321129,0.321129,0.321129,0.321129,0.321129,0.321129,0.321129,0.321129,0.321129
2834,27130,156424,0.503131,0.321129,13,27,5,0.321129,0.321129,0.321129,0.321129,0.321129,0.321129,0.321129,0.321129,0.321129,0.321129,0.321129,0.321129,0.321129,0.321129,0.321129,0.321129,0.321129,0.321129,0.321129,0.321129
2835,27140,156453,0.503131,0.321129,13,27,5,0.321129,0.321129,0.321129,0.321129,0.321129,0.321129,0.321129,0.321129,0.321129,0.321129,0.321129,0.321129,0.321129,0.321129,0.321129,0.321129,0.321129,0.321129,0.321129,0.321129
2836,27150,156463,0.503131,0.321129,13,27,5,0.321129,0.321129,0.321129,0.321129,0.321129,0.321129,0.321129,0.321129,0.321129,0.321129,0.321129,0.321129,0.321129,0.321129,0.321129,0.321129,0.321129,0.321129,0.321129,0.321129
2837,27160,156688,0.503131,0.321129,13,27,5,0.321129,0.321129,0.321129,0.321129,0.321129,0.321129,0.321129,0.321129,0.321129,0.321129,0.321129,0.321129,0.321129,0.321129,0.321129,0.321129,0.321129,0.321129,0.321129,0.321129
2838,27170,156711,0.503131,0.321129,13,27,5,0.321129,0.321129,0.321129,0.321129,0.321129,0.321129,0.321129,0.321129,0.321129,0.321129,0.321129,0.321129,0.321129,0.321129,0.321129,0.321129,0.321129,0.321129,0.321129,0.321129
2839,27180,156763,0.503131,0.321129,13,27,5,0.321129,0.321129,0.321129,0.321129,0.321129,0.321129,0.321129,0.321129,0.321129,0.321129,0.321129,0.321129,0.321129,0.321129,0.321129,0.321129,0.321129,0.321129,0.321129,0.321129
2840,27190,156847,0.503131,0.321129,13,27,5,0.321129,0.321129,0.321129,0.321129,0.321129,0.321129,0.321129,0.321129,0.321129,0.321129,0.321129,0.321129,0.321129,0.321129,0.321129,0.321129,0.321129,0.321129,0.321129,0.321129
2841,27200,156854,0.503131,0.321129,13,27,5,0.321129,0.321129,0.321129,0.321129,0.321129,0.321129,0.321129,0.321129,0.321129,0.321129,0.321129,0.321129,0.321129,0.321129,0.321129,0.321129,0.321129,0.321129,0.321129,0.321129
2842,27210,156976,0.503131,0.321129,13,27,5,0.321129,0.321129,0.321129,0.321129,0.321129,0.321129,0.321129,0.321129,0.321129,0.321129,0.321129,0.321129,0.321129,0.321129,0.321129,0.321129,0.321129,0.321129,0.321129,0.321129
2843,27220,157040,0.503131,0.321129,13,27,5,0.321129,0.321129,0.321129,0.321129,0.321129,0.321129,0.321129,0.321129,0.321129,0.321129,0.321129,0.321129,0.321129,0.321129,0.321129,0.321129,0.321129,0.321129,0.321129,0.321129
2844,27230,157168,0.503131,0.321129,13,27,5,0.321129,0.321129,0.321129,0.321129,0.321129,0.321129,0.321129,0.321129,0.321129,0.321129,0.321129,0.321129,0.321129,0.321129,0.321129,0.321129,0.321129,0.321129,0.321129,0.321129
2845,27240,157172,0.503131,0.321129,13,27,5,0.321129,0.321129,0.321129,0.321129,0.321129,0.321129,0.321129,0.321129,0.321129,0.321129,0.321129,0.321129,0.321129,0.321129,0.321129,0.321129,0.321129,0.321129,0.321129,0.321129
2846,27250,157215,0.503131,0.321129,13,27,5,0.321129,0.321129,0.321129,0.321129,0.321129,0.321129,0.321129,0.321129,0.321129,0.321129,0.321129,0.321129,0.321129,0.321129,0.321129,0.321129,0.321129,0.321129,0.321129,0.321129
2847,27260,157293,0.503131,0.321129,13,27,5,0.321129,0.321129,0.321129,0.321129,0.321129,0.321129,0.321129,0.321129,0.321129,0.321129,0.321129,0.321129,0.321129,0.321129,0.321129,0.321129,0.321129,0.321129,0.321129,0.321129
2848,27270,157321,0.503131,0.321129,13,27,5,0.321129,0.321129,0.321129,0.321129,0.321129,0.321129,0.321129,0.321129,0.321129,0.321129,0.321129,0.321129,0.321129,0.321129,0.321129,0.321129,0.321129,0.321129,0.321129,0.321129
2849,27280,157447,0.503131,0.321129,13,27,5,0.321129,0.321129,0.321129,0.321129,0.321129,0.321129,0.321129,0.321129,0.321129,0.321129,0.321129,0.321129,0.321129,0.321129,0.321129,0.321129,0.321129,0.321129,0.321129,0.321129
2850,27290,157571,0.503131,0.321129,13,27,5,0.321129,0.321129,0.321129,0.321129,0.321129,0.321129,0.321129,0.321129,0.321129,0.321129,0.321129,0.321129,0.321129,0.321129,0.321129,0.321129,0.321129,0.321129,0.321129,0.321129
2851,27300,157714,0.503131,0.321129,13,27,5,0.321129,0.321129,0.321129,0.321129,0.321129,0.321129,0.321129,0.321129,0.321129,0.321129,0.321129,0.321129,0.321129,0.321129,0.321129,0.321129,0.321129,0.321129,0.321129,0.321129
2852,27310,157763,0.503131,0.321129,13,27,5,0.321129,0.321129,0.321129,0.321129,0.321129,0.321129,0.321129,0.321129,0.321129,0.321129,0.321129,0.321129,0.321129,0.321129,0.321129,0.321129,0.321129,0.321129,0.321129,0.321129
2853,27320,157878,0.503131,0.321129,13,27,5,0.321129,0.321129,0.321129,0.321129,0.321129,0.321129,0.321129,0.321129,0.321129,0.321129,0.321129,0.321129,0.321129,0.321129,0.321129,0.321129,0.321129,0.321129,0.321129,0.321129
2854,27330,157934,0.503131,0.321129,13,27,5,0.321129,0.321129,0.321129,0.321129,0.321129,0.321129,0.321129,0.321129,0.321129,0.321129,0.321129,0.321129,0.321129,0.321129,0.321129,0.321129,0.321129,0.321129,0.321129,0.321129
2855,27340,157960,0.503131,0.321129,13,27,5,0.321129,0.321129,0.321129,0.321129,0.321129,0.321129,0.321129,0.321129,0.321129,0.321129,0.321129,0.321129,0.321129,0.321129,0.321129,0.321129,0.321129,0.321129,0.321129,0.321129
2856,27350,158038,0.503131,0.321129,13,27,5,0.321129,0.321129,0.321129,0.321129,0.321129,0.321129,0.321129,0.321129,0.321129,0.321129,0.321129,0.321129,0.321129,0.321129,0.321129,0.321129,0.321129,0.321129,0.321129,0.321129
2857,27360,158164,0.503131,0.321129,13,27,5,0.321129,0.321129,0.321129,0.321129,0.321129,0.321129,0.321129,0.321129,0.321129,0.321129,0.321129,0.321129,0.321129,0.321129,0.321129,0.321129,0.321129,0.321129,0.321129,0.321129
2858,27370,158220,0.503131,0.321129,13,27,5,0.321129,0.321129,0.321129,0.321129,0.321129,0.321129,0.321129,0.321129,0.321129,0.321129,0.321129,0.321129,0.321129,0.321129,0.321129,0.321129,0.321129,0.321129,0.321129,0.321129
2859,27380,158284,0.503131,0.321129,13,27,5,0.321129,0.321129,0.321129,0.321129,0.321129,0.321129,0.321129,0.321129,0.321129,0.321129,0.321129,0.321129,0.321129,0.321129,0.321129,0.321129,0.321129,0.321129,0.321129,0.321129
2860,27390,158303,0.503131,0.321129,13,27,5,0.321129,0.321129,0.321129,0.321129,0.321129,0.321129,0.321129,0.321129,0.321129,0.321129,0.321129,0.321129,0.321129,0.321129,0.321129,0.321129,0.321129,0.321129,0.321129,0.321129
2861,27400,158335,0.503131,0.321129,13,27,5,0.321129,0.321129,0.321129,0.321129,0.321129,0.321129,0.321129,0.321129,0.321129,0.321129,0.321129,0.321129,0.321129,0.321129,0.321129,0.321129,0.321129,0.321129,0.321129,0.321129
2862,27410,158355,0.503131,0.321129,13,27,5,0.321129,0.321129,0.321129,0.321129,0.321129,0.321129,0.321129,0.321129,0.321129,0.321129,0.321129,0.321129,0.321129,0.321129,0.321129,0.321129,0.321129,0.321129,0.321129,0.321129
2863,27420,158491,0.503131,0.321129,13,27,5,0.321129,0.321129,0.321129,0.321129,0.321129,0.321129,0.321129,0.321129,0.321129,0.321129,0.321129,0.321129,0.321129,0.321129,0.321129,0.321129,0.321129,0.321129,0.321129,0.321129
2864,27430,158755,0.503131,0.321129,13,27,5,0.321129,0.321129,0.321129,0.321129,0.321129,0.321129,0.321129,0.321129,0.321129,0.321129,0.321129,0.321129,0.321129,0.321129,0.321129,0.321129,0.321129,0.321129,0.321129,0.321129
2865,27440,158760,0.503131,0.321129,13,27,5,0.321129,0.321129,0.321129,0.321129,0.321129,0.321129,0.321129,0.321129,0.321129,0.321129,0.321129,0.321129,0.321129,0.321129,0.321129,0.321129,0.321129,0.321129,0.321129,0.321129
2866,27450,158766,0.503131,0.321129,13,27,5,0.321129,0.321129,0.321129,0.321129,0.321129,0.321129,0.321129,0.321129,0.321129,0.321129,0.321129,0.321129,0.321129,0.321129,0.321129,0.321129,0.321129,0.321129,0.321129,0.321129
2867,27460,158767,0.503131,0.321129,13,27,5,0.321129,0.321129,0.321129,0.321129,0.321129,0.321129,0.321129,0.321129,0.321129,0.321129,0.321129,0.321129,0.321129,0.321129,0.321129,0.321129,0.321129,0.321129,0.321129,0.321129
2868,27470,158805,0.503131,0.321129,13,27,5,0.321129,0.321129,0.321129,0.321129,0.321129,0.321129,0.321129,0.321129,0.321129,0.321129,0.321129,0.321129,0.321129,0.321129,0.321129,0.321129,0.321129,0.321129,0.321129,0.321129
2869,27480,158860,0.503131,0.321129,13,27,5,0.321129,0.321129,0.321129,0.321129,0.321129,0.321129,0.321129,0.321129,0.321129,0.321129,0.321129,0.321129,0.321129,0.321129,0.321129,0.321129,0.321129,0.321129,0.321129,0.321129
2870,27490,159156,0.503131,0.321129,13,27,5,0.321129,0.321129,0.321129,0.321129,0.321129,0.321129,0.321129,0.321129,0.321129,0.321129,0.321129,0.321129,0.321129,0.321129,0.321129,0.321129,0.321129,0.321129,0.321129,0.321129
2871,27500,159161,0.503131,0.321129,13,27,5,0.321129,0.321129,0.321129,0.321129,0.321129,0.321129,0.321129,0.321129,0.321129,0.321129,0.321129,0.321129,0.321129,0.321129,0.321129,0.321129,0.321129,0.321129,0.321129,0.321129
2872,27510,159199,0.503131,0.321129,13,27,5,0.321129,0.321129,0.321129,0.321129,0.321129,0.321129,0.321129,0.321129,0.321129,0.321129,0.321129,0.321129,0.321129,0.321129,0.321129,0.321129,0.321129,0.321129,0.321129,0.321129
2873,27520,159289,0.503131,0.321129,13,27,5,0.321129,0.321129,0.321129,0.321129,0.321129,0.321129,0.321129,0.321129,0.321129,0.321129,0.321129,0.321129,0.321129,0.321129,0.321129,0.321129,0.321129,0.321129,0.321129,0.321129
2874,27530,159305,0.503131,0.321129,13,27,5,0.321129,0.321129,0.321129,0.321129,0.321129,0.321129,0.321129,0.321129,0.321129,0.321129,0.321129,0.321129,0.321129,0.321129,0.321129,0.321129,0.321129,0.321129,0.321129,0.321129
2875,27540,159488,0.503131,0.321129,13,27,5,0.321129,0.321129,0.321129,0.321129,0.321129,0.321129,0.321129,0.321129,0.321129,0.321129,0.321129,0.321129,0.321129,0.321129,0.321129,0.321129,0.321129,0.321129,0.321129,0.321129
2876,27550,159489,0.503131,0.321129,13,27,5,0.321129,0.321129,0.321129,0.321129,0.321129,0.321129,0.321129,0.321129,0.321129,0.321129,0.321129,0.321129,0.321129,0.321129,0.321129,0.321129,0.321129,0.321129,0.321129,0.321129
2877,27560,159633,0.503131,0.321129,13,27,5,0.321129,0.321129,0.321129,0.321129,0.321129,0.321129,0.321129,0.321129,0.321129,0.321129,0.321129,0.321129,0.321129,0.321129,0.321129,0.321129,0.321129,0.321129,0.321129,0.321129
2878,27570,159736,0.503131,0.321129,13,27,5,0.321129,0.321129,0.321129,0.321129,0.321129,0.321129,0.321129,0.321129,0.321129,0.321129,0.321129,0.321129,0.321129,0.321129,0.321129,0.321129,0.321129,0.321129,0.321129,0.321129
2879,27580,159870,0.503131,0.321129,13,27,5,0.321129,0.321129,0.321129,0.321129,0.321129,0.321129,0.321129,0.321129,0.321129,0.321129,0.321129,0.321129,0.321129,0.321129,0.321129,0.321129,0.321129,0.321129,0.321129,0.321129
2880,27590,159907,0.503131,0.321129,13,27,5,0.321129,0.321129,0.321129,0.321129,0.321129,0.321129,0.321129,0.321129,0.321129,0.321129,0.321129,0.321129,0.321129,0.321129,0.321129,0.321129,0.321129,0.321129,0.321129,0.321129
2881,27600,159982,0.503131,0.321129,13,27,5,0.321129,0.321129,0.321129,0.321129,0.321129,0.321129,0.321129,0.321129,0.321129,0.321129,0.321129,0.321129,0.321129,0.321129,0.321129,0.321129,0.321129,0.321129,0.321129,0.321129
2882,27610,159995,0.503131,0.321129,13,27,5,0.321129,0.321129,0.321129,0.321129,0.321129,0.321129,0.321129,0.321129,0.321129,0.321129,0.321129,0.321129,0.321129,0.321129,0.321129,0.321129,0.321129,0.321129,0.321129,0.321129
2883,27620,160023,0.503131,0.321129,13,27,5,0.321129,0.321129,0.321129,0.321129,0.321129,0.321129,0.321129,0.321129,0.321129,0.321129,0.321129,0.321129,0.321129,0.321129,0.321129,0.321129,0.321129,0.321129,0.321129,0.321129
2884,27630,160088,0.503131,0.321129,13,27,5,0.321129,0.321129,0.321129,0.321129,0.321129,0.321129,0.321129,0.321129,0.321129,0.321129,0.321129,0.321129,0.321129,0.321129,0.321129,0.321129,0.321129,0.321129,0.321129,0.321129
2885,27640,160158,0.503131,0.321129,13,27,5,0.321129,0.321129,0.321129,0.321129,0.321129,0.321129,0.321129,0.321129,0.321129,0.321129,0.321129,0.321129,0.321129,0.321129,0.321129,0.321129,0.321129,0.321129,0.321129,0.321129
2886,27650,160345,0.503131,0.321129,13,27,5,0.321129,0.321129,0.321129,0.321129,0.321129,0.321129,0.321129,0.321129,0.321129,0.321129,0.321129,0.321129,0.321129,0.321129,0.321129,0.321129,0.321129,0.321129,0.321129,0.321129
2887,27660,160438,0.503131,0.321129,13,27,5,0.321129,0.321129,0.321129,0.321129,0.321129,0.321129,0.321129,0.321129,0.321129,0.321129,0.321129,0.321129,0.321129,0.321129,0.321129,0.321129,0.321129,0.321129,0.321129,0.321129
2888,27670,160516,0.503131,0.321129,13,27,5,0.321129,0.321129,0.321129,0.321129,0.321129,0.321129,0.321129,0.321129,0.321129,0.321129,0.321129,0.321129,0.321129,0.321129,0.321129,0.321129,0.321129,0.321129,0.321129,0.321129
2889,27680,160529,0.503131,0.321129,13,27,5,0.321129,0.321129,0.321129,0.321129,0.321129,0.321129,0.321129,0.321129,0.321129,0.321129,0.321129,0.321129,0.321129,0.321129,0.321129,0.321129,0.321129,0.321129,0.321129,0.321129
2890,27690,160552,0.503131,0.321129,13,27,5,0.321129,0.321129,0.321129,0.321129,0.321129,0.321129,0.321129,0.321129,0.321129,0.321129,0.321129,0.321129,0.321129,0.321129,0.321129,0.321129,0.321129,0.321129,0.321129,0.321129
2891,27700,160727,0.503131,0.321129,13,27,5,0.321129,0.321129,0.321129,0.321129,0.321129,0.321129,0.321129,0.321129,0.321129,0.321129,0.321129,0.321129,0.321129,0.321129,0.321129,0.321129,0.321129,0.321129,0.321129,0.321129
2892,27710,160783,0.503131,0.321129,13,27,5,0.321129,0.321129,0.321129,0.321129,0.321129,0.321129,0.321129,0.321129,0.321129,0.321129,0.321129,0.321129,0.321129,0.321129,0.321129,0.321129,0.321129,0.321129,0.321129,0.321129
2893,27720,160897,0.503131,0.321129,13,27,5,0.321129,0.321129,0.321129,0.321129,0.321129,0.321129,0.321129,0.321129,0.321129,0.321129,0.321129,0.321129,0.321129,0.321129,0.321129,0.321129,0.321129,0.321129,0.321129,0.321129
2894,27730,160944,0.503131,0.321129,13,27,5,0.321129,0.321129,0.321129,0.321129,0.321129,0.321129,0.321129,0.321129,0.321129,0.321129,0.321129,0.321129,0.321129,0.321129,0.321129,0.321129,0.321129,0.321129,0.321129,0.321129
2895,27740,160967,0.503131,0.321129,13,27,5,0.321129,0.321129,0.321129,0.321129,0.321129,0.321129,0.321129,0.321129,0.321129,0.321129,0.321129,0.321129,0.321129,0.321129,0.321129,0.321129,0.321129,0.321129,0.321129,0.321129
2896,27750,161041,0.503131,0.321129,13,27,5,0.321129,0.321129,0.321129,0.321129,0.321129,0.321129,0.321129,0.321129,0.321129,0.321129,0.321129,0.321129,0.321129,0.321129,0.321129,0.321129,0.321129,0.321129,0.321129,0.321129
2897,27760,161079,0.503131,0.321129,13,27,5,0.321129,0.321129,0.321129,0.321129,0.321129,0.321129,0.321129,0.321129,0.321129,0.321129,0.321129,0.321129,0.321129,0.321129,0.321129,0.321129,0.321129,0.321129,0.321129,0.321129
2898,27770,161124,0.503131,0.321129,13,27,5,0.321129,0.321129,0.321129,0.321129,0.321129,0.321129,0.321129,0.321129,0.321129,0.321129,0.321129,0.321129,0.321129,0.321129,0.321129,0.321129,0.321129,0.321129,0.321129,0.321129
2899,27780,161283,0.503131,0.321129,13,27,5,0.321129,0.321129,0.321129,0.321129,0.321129,0.321129,0.321129,0.321129,0.321129,0.321129,0.321129,0.321129,0.321129,0.321129,0.321129,0.321129,0.321129,0.321129,0.321129,0.321129
2900,27790,161357,0.503131,0.321129,13,27,5,0.321129,0.321129,0.321129,0.321129,0.321129,0.321129,0.321129,0.321129,0.321129,0.321129,0.321129,0.321129,0.321129,0.321129,0.321129,0.321129,0.321129,0.321129,0.321129,0.321129
2901,27800,161512,0.503131,0.321129,13,27,5,0.321129,0.321129,0.321129,0.321129,0.321129,0.321129,0.321129,0.321129,0.321129,0.321129,0.321129,0.321129,0.321129,0.321129,0.321129,0.321129,0.321129,0.321129,0.321129,0.321129
2902,27810,161541,0.503131,0.321129,13,27,5,0.321129,0.321129,0.321129,0.321129,0.321129,0.321129,0.321129,0.321129,0.321129,0.321129,0.321129,0.321129,0.321129,0.321129,0.321129,0.321129,0.321129,0.321129,0.321129,0.321129
2903,27820,161559,0.503131,0.321129,13,27,5,0.321129,0.321129,0.321129,0.321129,0.321129,0.321129,0.321129,0.321129,0.321129,0.321129,0.321129,0.321129,0.321129,0.321129,0.321129,0.321129,0.321129,0.321129,0.321129,0.321129
2904,27830,161568,0.503131,0.321129,13,27,5,0.321129,0.321129,0.321129,0.321129,0.321129,0.321129,0.321129,0.321129,0.321129,0.321129,0.321129,0.321129,0.321129,0.321129,0.321129,0.321129,0.321129,0.321129,0.321129,0.321129
2905,27840,161601,0.503131,0.321129,13,27,5,0.321129,0.321129,0.321129,0.321129,0.321129,0.321129,0.321129,0.321129,0.321129,0.321129,0.321129,0.321129,0.321129,0.321129,0.321129,0.321129,0.321129,0.321129,0.321129,0.321129
2906,27850,162030,0.503131,0.321129,13,27,5,0.321129,0.321129,0.321129,0.321129,0.321129,0.321129,0.321129,0.321129,0.321129,0.321129,0.321129,0.321129,0.321129,0.321129,0.321129,0.321129,0.321129,0.321129,0.321129,0.321129
2907,27860,162042,0.503131,0.321129,13,27,5,0.321129,0.321129,0.321129,0.321129,0.321129,0.321129,0.321129,0.321129,0.321129,0.321129,0.321129,0.321129,0.321129,0.321129,0.321129,0.321129,0.321129,0.321129,0.321129,0.321129
2908,27870,162045,0.503131,0.321129,13,27,5,0.321129,0.321129,0.321129,0.321129,0.321129,0.321129,0.321129,0.321129,0.321129,0.321129,0.321129,0.321129,0.321129,0.321129,0.321129,0.321129,0.321129,0.321129,0.321129,0.321129
2909,27880,162053,0.503131,0.321129,13,27,5,0.321129,0.321129,0.321129,0.321129,0.321129,0.321129,0.321129,0.321129,0.321129,0.321129,0.321129,0.321129,0.321129,0.321129,0.321129,0.321129,0.321129,0.321129,0.321129,0.321129
2910,27890,162084,0.503131,0.321129,13,27,5,0.321129,0.321129,0.321129,0.321129,0.321129,0.321129,0.321129,0.321129,0.321129,0.321129,0.321129,0.321129,0.321129,0.321129,0.321129,0.321129,0.321129,0.321129,0.321129,0.321129
2911,27900,162106,0.503131,0.321129,13,27,5,0.321129,0.321129,0.321129,0.321129,0.321129,0.321129,0.321129,0.321129,0.321129,0.321129,0.321129,0.321129,0.321129,0.321129,0.321129,0.321129,0.321129,0.321129,0.321129,0.321129
2912,27910,162125,0.503131,0.321129,13,27,5,0.321129,0.321129,0.321129,0.321129,0.321129,0.321129,0.321129,0.321129,0.321129,0.321129,0.321129,0.321129,0.321129,0.321129,0.321129,0.321129,0.321129,0.321129,0.321129,0.321129
2913,27920,162451,0.503131,0.321129,13,27,5,0.321129,0.321129,0.321129,0.321129,0.321129,0.321129,0.321129,0.321129,0.321129,0.321129,0.321129,0.321129,0.321129,0.321129,0.321129,0.321129,0.321129,0.321129,0.321129,0.321129
2914,27930,162499,0.503131,0.321129,13,27,5,0.321129,0.321129,0.321129,0.321129,0.321129,0.321129,0.321129,0.321129,0.321129,0.321129,0.321129,0.321129,0.321129,0.321129,0.321129,0.321129,0.321129,0.321129,0.321129,0.321129
2915,27940,162501,0.503131,0.321129,13,27,5,0.321129,0.321129,0.321129,0.321129,0.321129,0.321129,0.321129,0.321129,0.321129,0.321129,0.321129,0.321129,0.321129,0.321129,0.321129,0.321129,0.321129,0.321129,0.321129,0.321129
2916,27950,162552,0.503131,0.321129,13,27,5,0.321129,0.321129,0.321129,0.321129,0.321129,0.321129,0.321129,0.321129,0.321129,0.321129,0.321129,0.321129,0.321129,0.321129,0.321129,0.321129,0.321129,0.321129,0.321129,0.321129
2917,27960,162553,0.503131,0.321129,13,27,5,0.321129,0.321129,0.321129,0.321129,0.321129,0.321129,0.321129,0.321129,0.321129,0.321129,0.321129,0.321129,0.321129,0.321129,0.321129,0.321129,0.321129,0.321129,0.321129,0.321129
2918,27970,162631,0.503131,0.321129,13,27,5,0.321129,0.321129,0.321129,0.321129,0.321129,0.321129,0.321129,0.321129,0.321129,0.321129,0.321129,0.321129,0.321129,0.321129,0.321129,0.321129,0.321129,0.321129,0.321129,0.321129
2919,27980,162669,0.503131,0.321129,13,27,5,0.321129,0.321129,0.321129,0.321129,0.321129,0.321129,0.321129,0.321129,0.321129,0.321129,0.321129,0.321129,0.321129,0.321129,0.321129,0.321129,0.321129,0.321129,0.321129,0.321129
2920,27990,162849,0.503131,0.321129,13,27,5,0.321129,0.321130,0.321129,0.321129,0.321129,0.321129,0.321129,0.321129,0.321129,0.321129,0.321129,0.321129,0.321129,0.321129,0.321129,0.321129,0.321129,0.321129,0.321129,0.321129
2921,28000,162955,0.503131,0.321129,13,27,5,0.321129,0.321130,0.321129,0.321129,0.321129,0.321129,0.321129,0.321129,0.321129,0.321129,0.321129,0.321129,0.321129,0.321129,0.321129,0.321129,0.321129,0.321129,0.321129,0.321129
2922,28010,163114,0.503131,0.321129,13,27,5,0.321129,0.321130,0.321129,0.321129,0.321129,0.321129,0.321129,0.321129,0.321129,0.321129,0.321129,0.321129,0.321129,0.321129,0.321129,0.321129,0.321129,0.321129,0.321129,0.321129
2923,28020,163162,0.503131,0.321129,13,27,5,0.321129,0.321130,0.321129,0.321129,0.321129,0.321129,0.321129,0.321129,0.321129,0.321129,0.321129,0.321129,0.321129,0.321129,0.321129,0.321129,0.321129,0.321129,0.321129,0.321129
2924,28030,163291,0.503131,0.321129,13,27,5,0.321129,0.321130,0.321129,0.321129,0.321129,0.321129,0.321129,0.321129,0.321129,0.321129,0.321129,0.321129,0.321129,0.321129,0.321129,0.321129,0.321129,0.321129,0.321129,0.321129
2925,28040,163353,0.503131,0.321129,13,27,5,0.321129,0.321130,0.321129,0.321129,0.321129,0.321129,0.321129,0.321129,0.321129,0.321129,0.321129,0.321129,0.321129,0.321129,0.321129,0.321129,0.321129,0.321129,0.321129,0.321129
2926,28050,163413,0.503131,0.321129,13,27,5,0.321129,0.321130,0.321129,0.321129,0.321129,0.321129,0.321129,0.321129,0.321129,0.321129,0.321129,0.321129,0.321129,0.321129,0.321129,0.321129,0.321129,0.321129,0.321129,0.321129
2927,28060,163414,0.503131,0.321129,13,27,5,0.321129,0.321130,0.321129,0.321129,0.321129,0.321129,0.321129,0.321129,0.321129,0.321129,0.321129,0.321129,0.321129,0.321129,0.321129,0.321129,0.321129,0.321129,0.321129,0.321129
2928,28070,163523,0.503131,0.321129,13,27,5,0.321129,0.321130,0.321129,0.321129,0.321129,0.321129,0.321129,0.321129,0.321129,0.321129,0.321129,0.321129,0.321129,0.321129,0.321129,0.321129,0.321129,0.321129,0.321129,0.321129
2929,28080,163575,0.503131,0.321129,13,27,5,0.321129,0.321130,0.321129,0.321129,0.321129,0.321129,0.321129,0.321129,0.321129,0.321129,0.321129,0.321129,0.321129,0.321129,0.321129,0.321129,0.321129,0.321129,0.321129,0.321129
2930,28090,163743,0.503131,0.321129,13,27,5,0.321129,0.321130,0.321129,0.321129,0.321129,0.321129,0.321129,0.321129,0.321129,0.321129,0.321129,0.321129,0.321129,0.321129,0.321129,0.321129,0.321129,0.321129,0.321129,0.321129
2931,28100,163750,0.503131,0.321129,13,27,5,0.321129,0.321130,0.321129,0.321129,0.321129,0.321129,0.321129,0.321129,0.321129,0.321129,0.321129,0.321129,0.321129,0.321129,0.321129,0.321129,0.321129,0.321129,0.321129,0.321129
2932,28110,163840,0.503131,0.321129,13,27,5,0.321129,0.321130,0.321129,0.321129,0.321129,0.321129,0.321129,0.321129,0.321129,0.321129,0.321129,0.321129,0.321129,0.321129,0.321129,0.321129,0.321129,0.321129,0.321129,0.321129
